"ISO3","Name","Admin Level","Metric","Units","Year","Value"
"AFG","Afghanistan","admin0","Incidence Rate","Cases per Thousand",2000,1.88029968181658
"AFG","Afghanistan","admin0","Incidence Rate","Cases per Thousand",2001,1.44344216127773
"AFG","Afghanistan","admin0","Incidence Rate","Cases per Thousand",2002,21.3657677515887
"AFG","Afghanistan","admin0","Incidence Rate","Cases per Thousand",2003,10.6883408431196
"AFG","Afghanistan","admin0","Incidence Rate","Cases per Thousand",2004,2.9154087685298
"AFG","Afghanistan","admin0","Incidence Rate","Cases per Thousand",2005,1.92695309686416
"AFG","Afghanistan","admin0","Incidence Rate","Cases per Thousand",2006,1.90082565975518
"AFG","Afghanistan","admin0","Incidence Rate","Cases per Thousand",2007,1.80841496929814
"AFG","Afghanistan","admin0","Incidence Rate","Cases per Thousand",2008,1.2926390489044899
"AFG","Afghanistan","admin0","Incidence Rate","Cases per Thousand",2009,1.03918460643213
"AFG","Afghanistan","admin0","Incidence Rate","Cases per Thousand",2010,1.4948340227897399
"AFG","Afghanistan","admin0","Incidence Rate","Cases per Thousand",2011,1.5397590872231501
"AFG","Afghanistan","admin0","Incidence Rate","Cases per Thousand",2012,0.29142153269700105
"AFG","Afghanistan","admin0","Incidence Rate","Cases per Thousand",2013,0.49646583022222396
"AFG","Afghanistan","admin0","Incidence Rate","Cases per Thousand",2014,0.854549422087288
"AFG","Afghanistan","admin0","Incidence Rate","Cases per Thousand",2015,0.9523773389766991
"AFG","Afghanistan","admin0","Incidence Rate","Cases per Thousand",2016,1.71454277197872
"AFG","Afghanistan","admin0","Incidence Rate","Cases per Thousand",2017,1.6919455553165599
"AFG","Afghanistan","admin0","Incidence Rate","Cases per Thousand",2018,1.17079222916261
"AFG","Afghanistan","admin0","Incidence Rate","Cases per Thousand",2019,0.371205546902619
"AFG","Afghanistan","admin0","Incidence Rate","Cases per Thousand",2020,0.312738967781163
"AFG","Afghanistan","admin0","Incidence Rate","Cases per Thousand",2021,0.403457697990433
"AFG","Afghanistan","admin0","Incidence Rate","Cases per Thousand",2022,0.45895849092908503
"AFG","Afghanistan","admin0","Incidence Rate","Cases per Thousand",2023,0.8878564214407381
"AFG","Afghanistan","admin0","Incidence Rate","Cases per Thousand",2024,1.09125936672622
"AFG","Afghanistan","admin0","Incidence Rate","Cases per Thousand",2025,1.3891280620200401
"AFG","Afghanistan","admin0","Infection Prevalence","per 100 Children",2000,0.0719049213975711
"AFG","Afghanistan","admin0","Infection Prevalence","per 100 Children",2001,0.0551900080565743
"AFG","Afghanistan","admin0","Infection Prevalence","per 100 Children",2002,0.827164106925623
"AFG","Afghanistan","admin0","Infection Prevalence","per 100 Children",2003,0.409827092299432
"AFG","Afghanistan","admin0","Infection Prevalence","per 100 Children",2004,0.111564139763567
"AFG","Afghanistan","admin0","Infection Prevalence","per 100 Children",2005,0.07369862444077721
"AFG","Afghanistan","admin0","Infection Prevalence","per 100 Children",2006,0.07269758592581001
"AFG","Afghanistan","admin0","Infection Prevalence","per 100 Children",2007,0.0691582748857848
"AFG","Afghanistan","admin0","Infection Prevalence","per 100 Children",2008,0.0494234513925737
"AFG","Afghanistan","admin0","Infection Prevalence","per 100 Children",2009,0.0397288963453651
"AFG","Afghanistan","admin0","Infection Prevalence","per 100 Children",2010,0.0571635322041173
"AFG","Afghanistan","admin0","Infection Prevalence","per 100 Children",2011,0.0588835844082647
"AFG","Afghanistan","admin0","Infection Prevalence","per 100 Children",2012,0.0111244869185658
"AFG","Afghanistan","admin0","Infection Prevalence","per 100 Children",2013,0.0189746496626698
"AFG","Afghanistan","admin0","Infection Prevalence","per 100 Children",2014,0.032665833661808
"AFG","Afghanistan","admin0","Infection Prevalence","per 100 Children",2015,0.0364067722052922
"AFG","Afghanistan","admin0","Infection Prevalence","per 100 Children",2016,0.0655687697515427
"AFG","Afghanistan","admin0","Infection Prevalence","per 100 Children",2017,0.06470303038707069
"AFG","Afghanistan","admin0","Infection Prevalence","per 100 Children",2018,0.0447607036718747
"AFG","Afghanistan","admin0","Infection Prevalence","per 100 Children",2019,0.0141854483607564
"AFG","Afghanistan","admin0","Infection Prevalence","per 100 Children",2020,0.0119507600228334
"AFG","Afghanistan","admin0","Infection Prevalence","per 100 Children",2021,0.015418124754848399
"AFG","Afghanistan","admin0","Infection Prevalence","per 100 Children",2022,0.0175396072548411
"AFG","Afghanistan","admin0","Infection Prevalence","per 100 Children",2023,0.0339393533927909
"AFG","Afghanistan","admin0","Infection Prevalence","per 100 Children",2024,0.0417196710370491
"AFG","Afghanistan","admin0","Infection Prevalence","per 100 Children",2025,0.053122924067888606
"AGO","Angola","admin0","Incidence Rate","Cases per Thousand",2000,327.935866230868
"AGO","Angola","admin0","Incidence Rate","Cases per Thousand",2001,331.587269095225
"AGO","Angola","admin0","Incidence Rate","Cases per Thousand",2002,316.122408144055
"AGO","Angola","admin0","Incidence Rate","Cases per Thousand",2003,319.495478016334
"AGO","Angola","admin0","Incidence Rate","Cases per Thousand",2004,312.6802506647
"AGO","Angola","admin0","Incidence Rate","Cases per Thousand",2005,314.089066957283
"AGO","Angola","admin0","Incidence Rate","Cases per Thousand",2006,299.936806095551
"AGO","Angola","admin0","Incidence Rate","Cases per Thousand",2007,269.456034400964
"AGO","Angola","admin0","Incidence Rate","Cases per Thousand",2008,227.610919259894
"AGO","Angola","admin0","Incidence Rate","Cases per Thousand",2009,192.57120384867397
"AGO","Angola","admin0","Incidence Rate","Cases per Thousand",2010,169.587850496948
"AGO","Angola","admin0","Incidence Rate","Cases per Thousand",2011,156.76052653003
"AGO","Angola","admin0","Incidence Rate","Cases per Thousand",2012,153.066630391724
"AGO","Angola","admin0","Incidence Rate","Cases per Thousand",2013,158.157395311027
"AGO","Angola","admin0","Incidence Rate","Cases per Thousand",2014,163.869228462801
"AGO","Angola","admin0","Incidence Rate","Cases per Thousand",2015,174.564162316175
"AGO","Angola","admin0","Incidence Rate","Cases per Thousand",2016,189.818231561485
"AGO","Angola","admin0","Incidence Rate","Cases per Thousand",2017,215.154946076806
"AGO","Angola","admin0","Incidence Rate","Cases per Thousand",2018,231.490711429303
"AGO","Angola","admin0","Incidence Rate","Cases per Thousand",2019,240.18568814763998
"AGO","Angola","admin0","Incidence Rate","Cases per Thousand",2020,244.001541641739
"AGO","Angola","admin0","Incidence Rate","Cases per Thousand",2021,260.329020671715
"AGO","Angola","admin0","Incidence Rate","Cases per Thousand",2022,252.83220179252902
"AGO","Angola","admin0","Incidence Rate","Cases per Thousand",2023,248.755438202372
"AGO","Angola","admin0","Incidence Rate","Cases per Thousand",2024,252.36853749749898
"AGO","Angola","admin0","Incidence Rate","Cases per Thousand",2025,251.98065309004903
"AGO","Angola","admin0","Infection Prevalence","per 100 Children",2000,28.004824570438103
"AGO","Angola","admin0","Infection Prevalence","per 100 Children",2001,28.6302383520039
"AGO","Angola","admin0","Infection Prevalence","per 100 Children",2002,26.5112837534418
"AGO","Angola","admin0","Infection Prevalence","per 100 Children",2003,26.720139828631
"AGO","Angola","admin0","Infection Prevalence","per 100 Children",2004,25.838944292419203
"AGO","Angola","admin0","Infection Prevalence","per 100 Children",2005,25.9454443219505
"AGO","Angola","admin0","Infection Prevalence","per 100 Children",2006,24.3184194319326
"AGO","Angola","admin0","Infection Prevalence","per 100 Children",2007,21.3037357044981
"AGO","Angola","admin0","Infection Prevalence","per 100 Children",2008,17.1506553431097
"AGO","Angola","admin0","Infection Prevalence","per 100 Children",2009,13.757996162678502
"AGO","Angola","admin0","Infection Prevalence","per 100 Children",2010,11.6832434000632
"AGO","Angola","admin0","Infection Prevalence","per 100 Children",2011,10.454956932944299
"AGO","Angola","admin0","Infection Prevalence","per 100 Children",2012,10.021226820057
"AGO","Angola","admin0","Infection Prevalence","per 100 Children",2013,10.5747373321255
"AGO","Angola","admin0","Infection Prevalence","per 100 Children",2014,11.1698586425185
"AGO","Angola","admin0","Infection Prevalence","per 100 Children",2015,12.2622636885521
"AGO","Angola","admin0","Infection Prevalence","per 100 Children",2016,14.153924754738501
"AGO","Angola","admin0","Infection Prevalence","per 100 Children",2017,17.2821414330616
"AGO","Angola","admin0","Infection Prevalence","per 100 Children",2018,19.2808427400327
"AGO","Angola","admin0","Infection Prevalence","per 100 Children",2019,20.6926954139883
"AGO","Angola","admin0","Infection Prevalence","per 100 Children",2020,21.5929051629905
"AGO","Angola","admin0","Infection Prevalence","per 100 Children",2021,23.8444603990868
"AGO","Angola","admin0","Infection Prevalence","per 100 Children",2022,23.3374481361901
"AGO","Angola","admin0","Infection Prevalence","per 100 Children",2023,23.2835893479416
"AGO","Angola","admin0","Infection Prevalence","per 100 Children",2024,23.9360763574847
"AGO","Angola","admin0","Infection Prevalence","per 100 Children",2025,24.5286296754453
"ARG","Argentina","admin0","Incidence Rate","Cases per Thousand",2000,0.000027036201142784398
"ARG","Argentina","admin0","Incidence Rate","Cases per Thousand",2001,0
"ARG","Argentina","admin0","Incidence Rate","Cases per Thousand",2002,0
"ARG","Argentina","admin0","Incidence Rate","Cases per Thousand",2003,0
"ARG","Argentina","admin0","Incidence Rate","Cases per Thousand",2004,0
"ARG","Argentina","admin0","Incidence Rate","Cases per Thousand",2005,0.0000256408349107486
"ARG","Argentina","admin0","Incidence Rate","Cases per Thousand",2006,0.0000253649881915757
"ARG","Argentina","admin0","Incidence Rate","Cases per Thousand",2007,0.000050160803123753205
"ARG","Argentina","admin0","Incidence Rate","Cases per Thousand",2008,0
"ARG","Argentina","admin0","Incidence Rate","Cases per Thousand",2009,0
"ARG","Argentina","admin0","Incidence Rate","Cases per Thousand",2010,0
"ARG","Argentina","admin0","Incidence Rate","Cases per Thousand",2011,0
"ARG","Argentina","admin0","Incidence Rate","Cases per Thousand",2012,0
"ARG","Argentina","admin0","Incidence Rate","Cases per Thousand",2013,0
"ARG","Argentina","admin0","Incidence Rate","Cases per Thousand",2014,0
"ARG","Argentina","admin0","Incidence Rate","Cases per Thousand",2015,0
"ARG","Argentina","admin0","Incidence Rate","Cases per Thousand",2016,0
"ARG","Argentina","admin0","Incidence Rate","Cases per Thousand",2017,0
"ARG","Argentina","admin0","Incidence Rate","Cases per Thousand",2018,0
"ARG","Argentina","admin0","Incidence Rate","Cases per Thousand",2019,0
"ARG","Argentina","admin0","Incidence Rate","Cases per Thousand",2020,0
"ARG","Argentina","admin0","Incidence Rate","Cases per Thousand",2021,0
"ARG","Argentina","admin0","Incidence Rate","Cases per Thousand",2022,0
"ARG","Argentina","admin0","Incidence Rate","Cases per Thousand",2023,0
"ARG","Argentina","admin0","Incidence Rate","Cases per Thousand",2024,0
"ARG","Argentina","admin0","Incidence Rate","Cases per Thousand",2025,0
"ARG","Argentina","admin0","Infection Prevalence","per 100 Children",2000,0.00659525254180745
"ARG","Argentina","admin0","Infection Prevalence","per 100 Children",2001,0
"ARG","Argentina","admin0","Infection Prevalence","per 100 Children",2002,0
"ARG","Argentina","admin0","Infection Prevalence","per 100 Children",2003,0
"ARG","Argentina","admin0","Infection Prevalence","per 100 Children",2004,0
"ARG","Argentina","admin0","Infection Prevalence","per 100 Children",2005,0.006595343706010481
"ARG","Argentina","admin0","Infection Prevalence","per 100 Children",2006,0.0065953402143655694
"ARG","Argentina","admin0","Infection Prevalence","per 100 Children",2007,0.00659535399399609
"ARG","Argentina","admin0","Infection Prevalence","per 100 Children",2008,0
"ARG","Argentina","admin0","Infection Prevalence","per 100 Children",2009,0
"ARG","Argentina","admin0","Infection Prevalence","per 100 Children",2010,0
"ARG","Argentina","admin0","Infection Prevalence","per 100 Children",2011,0
"ARG","Argentina","admin0","Infection Prevalence","per 100 Children",2012,0
"ARG","Argentina","admin0","Infection Prevalence","per 100 Children",2013,0
"ARG","Argentina","admin0","Infection Prevalence","per 100 Children",2014,0
"ARG","Argentina","admin0","Infection Prevalence","per 100 Children",2015,0
"ARG","Argentina","admin0","Infection Prevalence","per 100 Children",2016,0
"ARG","Argentina","admin0","Infection Prevalence","per 100 Children",2017,0
"ARG","Argentina","admin0","Infection Prevalence","per 100 Children",2018,0
"ARG","Argentina","admin0","Infection Prevalence","per 100 Children",2019,0
"ARG","Argentina","admin0","Infection Prevalence","per 100 Children",2020,0
"ARG","Argentina","admin0","Infection Prevalence","per 100 Children",2021,0
"ARG","Argentina","admin0","Infection Prevalence","per 100 Children",2022,0
"ARG","Argentina","admin0","Infection Prevalence","per 100 Children",2023,0
"ARG","Argentina","admin0","Infection Prevalence","per 100 Children",2024,0
"ARG","Argentina","admin0","Infection Prevalence","per 100 Children",2025,0
"ARM","Armenia","admin0","Incidence Rate","Cases per Thousand",2000,0.00147635907414289
"ARM","Armenia","admin0","Incidence Rate","Cases per Thousand",2001,0
"ARM","Armenia","admin0","Incidence Rate","Cases per Thousand",2002,0
"ARM","Armenia","admin0","Incidence Rate","Cases per Thousand",2003,0.0035362789836129198
"ARM","Armenia","admin0","Incidence Rate","Cases per Thousand",2004,0.00196347378487663
"ARM","Armenia","admin0","Incidence Rate","Cases per Thousand",2005,0
"ARM","Armenia","admin0","Incidence Rate","Cases per Thousand",2006,0
"ARM","Armenia","admin0","Incidence Rate","Cases per Thousand",2007,0
"ARM","Armenia","admin0","Incidence Rate","Cases per Thousand",2008,0
"ARM","Armenia","admin0","Incidence Rate","Cases per Thousand",2009,0
"ARM","Armenia","admin0","Incidence Rate","Cases per Thousand",2010,0
"ARM","Armenia","admin0","Incidence Rate","Cases per Thousand",2011,0
"ARM","Armenia","admin0","Incidence Rate","Cases per Thousand",2012,0
"ARM","Armenia","admin0","Incidence Rate","Cases per Thousand",2013,0
"ARM","Armenia","admin0","Incidence Rate","Cases per Thousand",2014,0
"ARM","Armenia","admin0","Incidence Rate","Cases per Thousand",2015,0
"ARM","Armenia","admin0","Incidence Rate","Cases per Thousand",2016,0
"ARM","Armenia","admin0","Incidence Rate","Cases per Thousand",2017,0
"ARM","Armenia","admin0","Incidence Rate","Cases per Thousand",2018,0
"ARM","Armenia","admin0","Incidence Rate","Cases per Thousand",2019,0
"ARM","Armenia","admin0","Incidence Rate","Cases per Thousand",2020,0
"ARM","Armenia","admin0","Incidence Rate","Cases per Thousand",2021,0
"ARM","Armenia","admin0","Incidence Rate","Cases per Thousand",2022,0
"ARM","Armenia","admin0","Incidence Rate","Cases per Thousand",2023,0
"ARM","Armenia","admin0","Incidence Rate","Cases per Thousand",2024,0
"ARM","Armenia","admin0","Incidence Rate","Cases per Thousand",2025,0
"ARM","Armenia","admin0","Infection Prevalence","per 100 Children",2000,0.006595917177679151
"ARM","Armenia","admin0","Infection Prevalence","per 100 Children",2001,0
"ARM","Armenia","admin0","Infection Prevalence","per 100 Children",2002,0
"ARM","Armenia","admin0","Infection Prevalence","per 100 Children",2003,0.006596451613806709
"ARM","Armenia","admin0","Infection Prevalence","per 100 Children",2004,0.00659594342611376
"ARM","Armenia","admin0","Infection Prevalence","per 100 Children",2005,0
"ARM","Armenia","admin0","Infection Prevalence","per 100 Children",2006,0
"ARM","Armenia","admin0","Infection Prevalence","per 100 Children",2007,0
"ARM","Armenia","admin0","Infection Prevalence","per 100 Children",2008,0
"ARM","Armenia","admin0","Infection Prevalence","per 100 Children",2009,0
"ARM","Armenia","admin0","Infection Prevalence","per 100 Children",2010,0
"ARM","Armenia","admin0","Infection Prevalence","per 100 Children",2011,0
"ARM","Armenia","admin0","Infection Prevalence","per 100 Children",2012,0
"ARM","Armenia","admin0","Infection Prevalence","per 100 Children",2013,0
"ARM","Armenia","admin0","Infection Prevalence","per 100 Children",2014,0
"ARM","Armenia","admin0","Infection Prevalence","per 100 Children",2015,0
"ARM","Armenia","admin0","Infection Prevalence","per 100 Children",2016,0
"ARM","Armenia","admin0","Infection Prevalence","per 100 Children",2017,0
"ARM","Armenia","admin0","Infection Prevalence","per 100 Children",2018,0
"ARM","Armenia","admin0","Infection Prevalence","per 100 Children",2019,0
"ARM","Armenia","admin0","Infection Prevalence","per 100 Children",2020,0
"ARM","Armenia","admin0","Infection Prevalence","per 100 Children",2021,0
"ARM","Armenia","admin0","Infection Prevalence","per 100 Children",2022,0
"ARM","Armenia","admin0","Infection Prevalence","per 100 Children",2023,0
"ARM","Armenia","admin0","Infection Prevalence","per 100 Children",2024,0
"ARM","Armenia","admin0","Infection Prevalence","per 100 Children",2025,0
"AZE","Azerbaijan","admin0","Incidence Rate","Cases per Thousand",2000,0
"AZE","Azerbaijan","admin0","Incidence Rate","Cases per Thousand",2001,0.000502219342260584
"AZE","Azerbaijan","admin0","Incidence Rate","Cases per Thousand",2002,0
"AZE","Azerbaijan","admin0","Incidence Rate","Cases per Thousand",2003,0
"AZE","Azerbaijan","admin0","Incidence Rate","Cases per Thousand",2004,0
"AZE","Azerbaijan","admin0","Incidence Rate","Cases per Thousand",2005,0
"AZE","Azerbaijan","admin0","Incidence Rate","Cases per Thousand",2006,0
"AZE","Azerbaijan","admin0","Incidence Rate","Cases per Thousand",2007,0.000218949618045986
"AZE","Azerbaijan","admin0","Incidence Rate","Cases per Thousand",2008,0.000108601716807564
"AZE","Azerbaijan","admin0","Incidence Rate","Cases per Thousand",2009,0
"AZE","Azerbaijan","admin0","Incidence Rate","Cases per Thousand",2010,0
"AZE","Azerbaijan","admin0","Incidence Rate","Cases per Thousand",2011,0
"AZE","Azerbaijan","admin0","Incidence Rate","Cases per Thousand",2012,0
"AZE","Azerbaijan","admin0","Incidence Rate","Cases per Thousand",2013,0
"AZE","Azerbaijan","admin0","Incidence Rate","Cases per Thousand",2014,0
"AZE","Azerbaijan","admin0","Incidence Rate","Cases per Thousand",2015,0
"AZE","Azerbaijan","admin0","Incidence Rate","Cases per Thousand",2016,0
"AZE","Azerbaijan","admin0","Incidence Rate","Cases per Thousand",2017,0
"AZE","Azerbaijan","admin0","Incidence Rate","Cases per Thousand",2018,0
"AZE","Azerbaijan","admin0","Incidence Rate","Cases per Thousand",2019,0
"AZE","Azerbaijan","admin0","Incidence Rate","Cases per Thousand",2020,0
"AZE","Azerbaijan","admin0","Incidence Rate","Cases per Thousand",2021,0
"AZE","Azerbaijan","admin0","Incidence Rate","Cases per Thousand",2022,0
"AZE","Azerbaijan","admin0","Incidence Rate","Cases per Thousand",2023,0
"AZE","Azerbaijan","admin0","Incidence Rate","Cases per Thousand",2024,0
"AZE","Azerbaijan","admin0","Incidence Rate","Cases per Thousand",2025,0
"AZE","Azerbaijan","admin0","Infection Prevalence","per 100 Children",2000,0
"AZE","Azerbaijan","admin0","Infection Prevalence","per 100 Children",2001,0.006601575623023981
"AZE","Azerbaijan","admin0","Infection Prevalence","per 100 Children",2002,0
"AZE","Azerbaijan","admin0","Infection Prevalence","per 100 Children",2003,0
"AZE","Azerbaijan","admin0","Infection Prevalence","per 100 Children",2004,0
"AZE","Azerbaijan","admin0","Infection Prevalence","per 100 Children",2005,0
"AZE","Azerbaijan","admin0","Infection Prevalence","per 100 Children",2006,0
"AZE","Azerbaijan","admin0","Infection Prevalence","per 100 Children",2007,0.00660059817442552
"AZE","Azerbaijan","admin0","Infection Prevalence","per 100 Children",2008,0.00660207011562703
"AZE","Azerbaijan","admin0","Infection Prevalence","per 100 Children",2009,0
"AZE","Azerbaijan","admin0","Infection Prevalence","per 100 Children",2010,0
"AZE","Azerbaijan","admin0","Infection Prevalence","per 100 Children",2011,0
"AZE","Azerbaijan","admin0","Infection Prevalence","per 100 Children",2012,0
"AZE","Azerbaijan","admin0","Infection Prevalence","per 100 Children",2013,0
"AZE","Azerbaijan","admin0","Infection Prevalence","per 100 Children",2014,0
"AZE","Azerbaijan","admin0","Infection Prevalence","per 100 Children",2015,0
"AZE","Azerbaijan","admin0","Infection Prevalence","per 100 Children",2016,0
"AZE","Azerbaijan","admin0","Infection Prevalence","per 100 Children",2017,0
"AZE","Azerbaijan","admin0","Infection Prevalence","per 100 Children",2018,0
"AZE","Azerbaijan","admin0","Infection Prevalence","per 100 Children",2019,0
"AZE","Azerbaijan","admin0","Infection Prevalence","per 100 Children",2020,0
"AZE","Azerbaijan","admin0","Infection Prevalence","per 100 Children",2021,0
"AZE","Azerbaijan","admin0","Infection Prevalence","per 100 Children",2022,0
"AZE","Azerbaijan","admin0","Infection Prevalence","per 100 Children",2023,0
"AZE","Azerbaijan","admin0","Infection Prevalence","per 100 Children",2024,0
"AZE","Azerbaijan","admin0","Infection Prevalence","per 100 Children",2025,0
"BDI","Burundi","admin0","Incidence Rate","Cases per Thousand",2000,433.82937555006504
"BDI","Burundi","admin0","Incidence Rate","Cases per Thousand",2001,425.231453010608
"BDI","Burundi","admin0","Incidence Rate","Cases per Thousand",2002,397.421331282144
"BDI","Burundi","admin0","Incidence Rate","Cases per Thousand",2003,350.608801960564
"BDI","Burundi","admin0","Incidence Rate","Cases per Thousand",2004,301.25704046420896
"BDI","Burundi","admin0","Incidence Rate","Cases per Thousand",2005,288.37940965181804
"BDI","Burundi","admin0","Incidence Rate","Cases per Thousand",2006,289.264022320332
"BDI","Burundi","admin0","Incidence Rate","Cases per Thousand",2007,287.320438600309
"BDI","Burundi","admin0","Incidence Rate","Cases per Thousand",2008,287.558840218684
"BDI","Burundi","admin0","Incidence Rate","Cases per Thousand",2009,281.314823292568
"BDI","Burundi","admin0","Incidence Rate","Cases per Thousand",2010,261.32906386835805
"BDI","Burundi","admin0","Incidence Rate","Cases per Thousand",2011,248.67354203641702
"BDI","Burundi","admin0","Incidence Rate","Cases per Thousand",2012,234.447864363662
"BDI","Burundi","admin0","Incidence Rate","Cases per Thousand",2013,235.617518634317
"BDI","Burundi","admin0","Incidence Rate","Cases per Thousand",2014,251.027951390417
"BDI","Burundi","admin0","Incidence Rate","Cases per Thousand",2015,286.41077595993295
"BDI","Burundi","admin0","Incidence Rate","Cases per Thousand",2016,323.769026357269
"BDI","Burundi","admin0","Incidence Rate","Cases per Thousand",2017,347.905391784323
"BDI","Burundi","admin0","Incidence Rate","Cases per Thousand",2018,351.19905289499695
"BDI","Burundi","admin0","Incidence Rate","Cases per Thousand",2019,345.329295605334
"BDI","Burundi","admin0","Incidence Rate","Cases per Thousand",2020,345.84530208535
"BDI","Burundi","admin0","Incidence Rate","Cases per Thousand",2021,351.207140636656
"BDI","Burundi","admin0","Incidence Rate","Cases per Thousand",2022,345.618908576441
"BDI","Burundi","admin0","Incidence Rate","Cases per Thousand",2023,333.89407252210503
"BDI","Burundi","admin0","Incidence Rate","Cases per Thousand",2024,328.560495715751
"BDI","Burundi","admin0","Incidence Rate","Cases per Thousand",2025,321.80880113576296
"BDI","Burundi","admin0","Infection Prevalence","per 100 Children",2000,50.1328055304342
"BDI","Burundi","admin0","Infection Prevalence","per 100 Children",2001,48.5997067849952
"BDI","Burundi","admin0","Infection Prevalence","per 100 Children",2002,44.3718575142694
"BDI","Burundi","admin0","Infection Prevalence","per 100 Children",2003,38.3328433511314
"BDI","Burundi","admin0","Infection Prevalence","per 100 Children",2004,31.3813792078046
"BDI","Burundi","admin0","Infection Prevalence","per 100 Children",2005,28.2821653553691
"BDI","Burundi","admin0","Infection Prevalence","per 100 Children",2006,25.732985017059303
"BDI","Burundi","admin0","Infection Prevalence","per 100 Children",2007,24.488508773765798
"BDI","Burundi","admin0","Infection Prevalence","per 100 Children",2008,24.4441675629731
"BDI","Burundi","admin0","Infection Prevalence","per 100 Children",2009,23.7913448381145
"BDI","Burundi","admin0","Infection Prevalence","per 100 Children",2010,21.7241287355434
"BDI","Burundi","admin0","Infection Prevalence","per 100 Children",2011,20.5679006469494
"BDI","Burundi","admin0","Infection Prevalence","per 100 Children",2012,19.185276062512298
"BDI","Burundi","admin0","Infection Prevalence","per 100 Children",2013,19.6885007186971
"BDI","Burundi","admin0","Infection Prevalence","per 100 Children",2014,21.7394943842057
"BDI","Burundi","admin0","Infection Prevalence","per 100 Children",2015,26.062749141737
"BDI","Burundi","admin0","Infection Prevalence","per 100 Children",2016,30.9420859980373
"BDI","Burundi","admin0","Infection Prevalence","per 100 Children",2017,33.893083892902496
"BDI","Burundi","admin0","Infection Prevalence","per 100 Children",2018,33.8569738523256
"BDI","Burundi","admin0","Infection Prevalence","per 100 Children",2019,33.5878658902076
"BDI","Burundi","admin0","Infection Prevalence","per 100 Children",2020,33.528347998856404
"BDI","Burundi","admin0","Infection Prevalence","per 100 Children",2021,33.9342378000065
"BDI","Burundi","admin0","Infection Prevalence","per 100 Children",2022,33.3527766732709
"BDI","Burundi","admin0","Infection Prevalence","per 100 Children",2023,32.042258572485096
"BDI","Burundi","admin0","Infection Prevalence","per 100 Children",2024,31.8490047759868
"BDI","Burundi","admin0","Infection Prevalence","per 100 Children",2025,31.920304624897998
"BEN","Benin","admin0","Incidence Rate","Cases per Thousand",2000,414.652917404159
"BEN","Benin","admin0","Incidence Rate","Cases per Thousand",2001,430.834042367348
"BEN","Benin","admin0","Incidence Rate","Cases per Thousand",2002,448.911629032898
"BEN","Benin","admin0","Incidence Rate","Cases per Thousand",2003,469.12017238515705
"BEN","Benin","admin0","Incidence Rate","Cases per Thousand",2004,493.508883786686
"BEN","Benin","admin0","Incidence Rate","Cases per Thousand",2005,509.125454007906
"BEN","Benin","admin0","Incidence Rate","Cases per Thousand",2006,505.359458668263
"BEN","Benin","admin0","Incidence Rate","Cases per Thousand",2007,490.48965630188
"BEN","Benin","admin0","Incidence Rate","Cases per Thousand",2008,468.39792197861203
"BEN","Benin","admin0","Incidence Rate","Cases per Thousand",2009,446.54322730809497
"BEN","Benin","admin0","Incidence Rate","Cases per Thousand",2010,419.113590465787
"BEN","Benin","admin0","Incidence Rate","Cases per Thousand",2011,384.881254057979
"BEN","Benin","admin0","Incidence Rate","Cases per Thousand",2012,365.78467435484305
"BEN","Benin","admin0","Incidence Rate","Cases per Thousand",2013,362.586174693455
"BEN","Benin","admin0","Incidence Rate","Cases per Thousand",2014,369.741617131088
"BEN","Benin","admin0","Incidence Rate","Cases per Thousand",2015,391.71029181351105
"BEN","Benin","admin0","Incidence Rate","Cases per Thousand",2016,417.291019848233
"BEN","Benin","admin0","Incidence Rate","Cases per Thousand",2017,416.23121828132895
"BEN","Benin","admin0","Incidence Rate","Cases per Thousand",2018,407.608121690845
"BEN","Benin","admin0","Incidence Rate","Cases per Thousand",2019,399.402600191965
"BEN","Benin","admin0","Incidence Rate","Cases per Thousand",2020,377.673110592045
"BEN","Benin","admin0","Incidence Rate","Cases per Thousand",2021,375.863432334263
"BEN","Benin","admin0","Incidence Rate","Cases per Thousand",2022,373.365893640869
"BEN","Benin","admin0","Incidence Rate","Cases per Thousand",2023,362.438832074849
"BEN","Benin","admin0","Incidence Rate","Cases per Thousand",2024,352.065889326994
"BEN","Benin","admin0","Incidence Rate","Cases per Thousand",2025,334.74719555246503
"BEN","Benin","admin0","Infection Prevalence","per 100 Children",2000,36.6763533337937
"BEN","Benin","admin0","Infection Prevalence","per 100 Children",2001,39.674315288716
"BEN","Benin","admin0","Infection Prevalence","per 100 Children",2002,42.9794733853113
"BEN","Benin","admin0","Infection Prevalence","per 100 Children",2003,46.0615869594377
"BEN","Benin","admin0","Infection Prevalence","per 100 Children",2004,51.2672665520948
"BEN","Benin","admin0","Infection Prevalence","per 100 Children",2005,56.4645670555893
"BEN","Benin","admin0","Infection Prevalence","per 100 Children",2006,57.643394936042
"BEN","Benin","admin0","Infection Prevalence","per 100 Children",2007,55.8646508141646
"BEN","Benin","admin0","Infection Prevalence","per 100 Children",2008,49.183333922893
"BEN","Benin","admin0","Infection Prevalence","per 100 Children",2009,43.2487753566708
"BEN","Benin","admin0","Infection Prevalence","per 100 Children",2010,38.552453013131
"BEN","Benin","admin0","Infection Prevalence","per 100 Children",2011,33.933444680076406
"BEN","Benin","admin0","Infection Prevalence","per 100 Children",2012,31.5992398027436
"BEN","Benin","admin0","Infection Prevalence","per 100 Children",2013,31.737076860979602
"BEN","Benin","admin0","Infection Prevalence","per 100 Children",2014,33.201529535609396
"BEN","Benin","admin0","Infection Prevalence","per 100 Children",2015,36.138345280440596
"BEN","Benin","admin0","Infection Prevalence","per 100 Children",2016,39.6652407006276
"BEN","Benin","admin0","Infection Prevalence","per 100 Children",2017,39.2751237596841
"BEN","Benin","admin0","Infection Prevalence","per 100 Children",2018,38.0135844301393
"BEN","Benin","admin0","Infection Prevalence","per 100 Children",2019,37.3986434522564
"BEN","Benin","admin0","Infection Prevalence","per 100 Children",2020,35.0451799753033
"BEN","Benin","admin0","Infection Prevalence","per 100 Children",2021,35.5909834408984
"BEN","Benin","admin0","Infection Prevalence","per 100 Children",2022,36.4502912086768
"BEN","Benin","admin0","Infection Prevalence","per 100 Children",2023,35.9526482156877
"BEN","Benin","admin0","Infection Prevalence","per 100 Children",2024,35.4123269467913
"BEN","Benin","admin0","Infection Prevalence","per 100 Children",2025,34.6384852484287
"BFA","Burkina Faso","admin0","Incidence Rate","Cases per Thousand",2000,593.043440145659
"BFA","Burkina Faso","admin0","Incidence Rate","Cases per Thousand",2001,595.602995217577
"BFA","Burkina Faso","admin0","Incidence Rate","Cases per Thousand",2002,593.951943294171
"BFA","Burkina Faso","admin0","Incidence Rate","Cases per Thousand",2003,579.682798830288
"BFA","Burkina Faso","admin0","Incidence Rate","Cases per Thousand",2004,542.05754994201
"BFA","Burkina Faso","admin0","Incidence Rate","Cases per Thousand",2005,522.80646234892
"BFA","Burkina Faso","admin0","Incidence Rate","Cases per Thousand",2006,527.073213188488
"BFA","Burkina Faso","admin0","Incidence Rate","Cases per Thousand",2007,539.438907307995
"BFA","Burkina Faso","admin0","Incidence Rate","Cases per Thousand",2008,555.467953236649
"BFA","Burkina Faso","admin0","Incidence Rate","Cases per Thousand",2009,571.123742592461
"BFA","Burkina Faso","admin0","Incidence Rate","Cases per Thousand",2010,568.975679767008
"BFA","Burkina Faso","admin0","Incidence Rate","Cases per Thousand",2011,550.1519967435
"BFA","Burkina Faso","admin0","Incidence Rate","Cases per Thousand",2012,524.980907879371
"BFA","Burkina Faso","admin0","Incidence Rate","Cases per Thousand",2013,481.172570240391
"BFA","Burkina Faso","admin0","Incidence Rate","Cases per Thousand",2014,448.316641419227
"BFA","Burkina Faso","admin0","Incidence Rate","Cases per Thousand",2015,441.004264686518
"BFA","Burkina Faso","admin0","Incidence Rate","Cases per Thousand",2016,414.809880205198
"BFA","Burkina Faso","admin0","Incidence Rate","Cases per Thousand",2017,388.67437004347397
"BFA","Burkina Faso","admin0","Incidence Rate","Cases per Thousand",2018,354.557143140663
"BFA","Burkina Faso","admin0","Incidence Rate","Cases per Thousand",2019,325.915699595081
"BFA","Burkina Faso","admin0","Incidence Rate","Cases per Thousand",2020,314.414733130728
"BFA","Burkina Faso","admin0","Incidence Rate","Cases per Thousand",2021,318.016720661603
"BFA","Burkina Faso","admin0","Incidence Rate","Cases per Thousand",2022,328.21817378214604
"BFA","Burkina Faso","admin0","Incidence Rate","Cases per Thousand",2023,339.50602593181003
"BFA","Burkina Faso","admin0","Incidence Rate","Cases per Thousand",2024,338.15962695210897
"BFA","Burkina Faso","admin0","Incidence Rate","Cases per Thousand",2025,334.025950390074
"BFA","Burkina Faso","admin0","Infection Prevalence","per 100 Children",2000,69.8606583009664
"BFA","Burkina Faso","admin0","Infection Prevalence","per 100 Children",2001,72.66274358589119
"BFA","Burkina Faso","admin0","Infection Prevalence","per 100 Children",2002,71.3307559589248
"BFA","Burkina Faso","admin0","Infection Prevalence","per 100 Children",2003,65.3688564887781
"BFA","Burkina Faso","admin0","Infection Prevalence","per 100 Children",2004,57.734572064046596
"BFA","Burkina Faso","admin0","Infection Prevalence","per 100 Children",2005,54.5240445044079
"BFA","Burkina Faso","admin0","Infection Prevalence","per 100 Children",2006,54.8035181430622
"BFA","Burkina Faso","admin0","Infection Prevalence","per 100 Children",2007,57.0585829339955
"BFA","Burkina Faso","admin0","Infection Prevalence","per 100 Children",2008,60.3921058643596
"BFA","Burkina Faso","admin0","Infection Prevalence","per 100 Children",2009,63.803622176005504
"BFA","Burkina Faso","admin0","Infection Prevalence","per 100 Children",2010,64.9580547507556
"BFA","Burkina Faso","admin0","Infection Prevalence","per 100 Children",2011,61.9049063891433
"BFA","Burkina Faso","admin0","Infection Prevalence","per 100 Children",2012,56.9388105127933
"BFA","Burkina Faso","admin0","Infection Prevalence","per 100 Children",2013,48.499440537119796
"BFA","Burkina Faso","admin0","Infection Prevalence","per 100 Children",2014,42.4514455693897
"BFA","Burkina Faso","admin0","Infection Prevalence","per 100 Children",2015,41.1318318081
"BFA","Burkina Faso","admin0","Infection Prevalence","per 100 Children",2016,38.367614419366404
"BFA","Burkina Faso","admin0","Infection Prevalence","per 100 Children",2017,34.9762247727151
"BFA","Burkina Faso","admin0","Infection Prevalence","per 100 Children",2018,30.3423434382314
"BFA","Burkina Faso","admin0","Infection Prevalence","per 100 Children",2019,26.978737233654897
"BFA","Burkina Faso","admin0","Infection Prevalence","per 100 Children",2020,25.426717553650203
"BFA","Burkina Faso","admin0","Infection Prevalence","per 100 Children",2021,25.5766574774199
"BFA","Burkina Faso","admin0","Infection Prevalence","per 100 Children",2022,26.973723758707003
"BFA","Burkina Faso","admin0","Infection Prevalence","per 100 Children",2023,28.6647794132478
"BFA","Burkina Faso","admin0","Infection Prevalence","per 100 Children",2024,28.827765949328597
"BFA","Burkina Faso","admin0","Infection Prevalence","per 100 Children",2025,29.260594060534
"BGD","Bangladesh","admin0","Incidence Rate","Cases per Thousand",2000,4.3310438271069795
"BGD","Bangladesh","admin0","Incidence Rate","Cases per Thousand",2001,4.15504138562653
"BGD","Bangladesh","admin0","Incidence Rate","Cases per Thousand",2002,4.479752512421951
"BGD","Bangladesh","admin0","Incidence Rate","Cases per Thousand",2003,5.5746782096539
"BGD","Bangladesh","admin0","Incidence Rate","Cases per Thousand",2004,6.0262079329669005
"BGD","Bangladesh","admin0","Incidence Rate","Cases per Thousand",2005,3.76887518346321
"BGD","Bangladesh","admin0","Incidence Rate","Cases per Thousand",2006,2.09022724863767
"BGD","Bangladesh","admin0","Incidence Rate","Cases per Thousand",2007,2.30585197614365
"BGD","Bangladesh","admin0","Incidence Rate","Cases per Thousand",2008,3.57829330228888
"BGD","Bangladesh","admin0","Incidence Rate","Cases per Thousand",2009,2.3870231551337397
"BGD","Bangladesh","admin0","Incidence Rate","Cases per Thousand",2010,2.48784138971608
"BGD","Bangladesh","admin0","Incidence Rate","Cases per Thousand",2011,2.33301384570006
"BGD","Bangladesh","admin0","Incidence Rate","Cases per Thousand",2012,1.34606750139162
"BGD","Bangladesh","admin0","Incidence Rate","Cases per Thousand",2013,1.23901023341547
"BGD","Bangladesh","admin0","Incidence Rate","Cases per Thousand",2014,2.1840158216228303
"BGD","Bangladesh","admin0","Incidence Rate","Cases per Thousand",2015,1.49663930670507
"BGD","Bangladesh","admin0","Incidence Rate","Cases per Thousand",2016,1.02403856434069
"BGD","Bangladesh","admin0","Incidence Rate","Cases per Thousand",2017,0.9877668459831029
"BGD","Bangladesh","admin0","Incidence Rate","Cases per Thousand",2018,0.38018928649220496
"BGD","Bangladesh","admin0","Incidence Rate","Cases per Thousand",2019,0.530902733897815
"BGD","Bangladesh","admin0","Incidence Rate","Cases per Thousand",2020,0.21082713974769102
"BGD","Bangladesh","admin0","Incidence Rate","Cases per Thousand",2021,0.212537623267716
"BGD","Bangladesh","admin0","Incidence Rate","Cases per Thousand",2022,0.412124527876159
"BGD","Bangladesh","admin0","Incidence Rate","Cases per Thousand",2023,0.332811609803652
"BGD","Bangladesh","admin0","Incidence Rate","Cases per Thousand",2024,0.254098275232874
"BGD","Bangladesh","admin0","Incidence Rate","Cases per Thousand",2025,0.268966833278069
"BGD","Bangladesh","admin0","Infection Prevalence","per 100 Children",2000,0.165897445168263
"BGD","Bangladesh","admin0","Infection Prevalence","per 100 Children",2001,0.159355957530857
"BGD","Bangladesh","admin0","Infection Prevalence","per 100 Children",2002,0.171910507083878
"BGD","Bangladesh","admin0","Infection Prevalence","per 100 Children",2003,0.21400600912875
"BGD","Bangladesh","admin0","Infection Prevalence","per 100 Children",2004,0.23132340460160697
"BGD","Bangladesh","admin0","Infection Prevalence","per 100 Children",2005,0.14464490276959902
"BGD","Bangladesh","admin0","Infection Prevalence","per 100 Children",2006,0.0800057177983652
"BGD","Bangladesh","admin0","Infection Prevalence","per 100 Children",2007,0.0882599064924303
"BGD","Bangladesh","admin0","Infection Prevalence","per 100 Children",2008,0.13708461881757
"BGD","Bangladesh","admin0","Infection Prevalence","per 100 Children",2009,0.0914193819931085
"BGD","Bangladesh","admin0","Infection Prevalence","per 100 Children",2010,0.0952511993632881
"BGD","Bangladesh","admin0","Infection Prevalence","per 100 Children",2011,0.0893096307793195
"BGD","Bangladesh","admin0","Infection Prevalence","per 100 Children",2012,0.0514935584021899
"BGD","Bangladesh","admin0","Infection Prevalence","per 100 Children",2013,0.0473893509708694
"BGD","Bangladesh","admin0","Infection Prevalence","per 100 Children",2014,0.0835645215784461
"BGD","Bangladesh","admin0","Infection Prevalence","per 100 Children",2015,0.0572560181544348
"BGD","Bangladesh","admin0","Infection Prevalence","per 100 Children",2016,0.0391631246379341
"BGD","Bangladesh","admin0","Infection Prevalence","per 100 Children",2017,0.0377812059249705
"BGD","Bangladesh","admin0","Infection Prevalence","per 100 Children",2018,0.014534127192052299
"BGD","Bangladesh","admin0","Infection Prevalence","per 100 Children",2019,0.0202977021115719
"BGD","Bangladesh","admin0","Infection Prevalence","per 100 Children",2020,0.00761019644778125
"BGD","Bangladesh","admin0","Infection Prevalence","per 100 Children",2021,0.007713695918898709
"BGD","Bangladesh","admin0","Infection Prevalence","per 100 Children",2022,0.0157540308945505
"BGD","Bangladesh","admin0","Infection Prevalence","per 100 Children",2023,0.0127211173723471
"BGD","Bangladesh","admin0","Infection Prevalence","per 100 Children",2024,0.00962603304553185
"BGD","Bangladesh","admin0","Infection Prevalence","per 100 Children",2025,0.0101953968208369
"BLZ","Belize","admin0","Incidence Rate","Cases per Thousand",2000,0.185511556591158
"BLZ","Belize","admin0","Incidence Rate","Cases per Thousand",2001,0.0572902153194502
"BLZ","Belize","admin0","Incidence Rate","Cases per Thousand",2002,0
"BLZ","Belize","admin0","Incidence Rate","Cases per Thousand",2003,0
"BLZ","Belize","admin0","Incidence Rate","Cases per Thousand",2004,0.0502726270642652
"BLZ","Belize","admin0","Incidence Rate","Cases per Thousand",2005,0.242358037176959
"BLZ","Belize","admin0","Incidence Rate","Cases per Thousand",2006,0.0812118475320605
"BLZ","Belize","admin0","Incidence Rate","Cases per Thousand",2007,0
"BLZ","Belize","admin0","Incidence Rate","Cases per Thousand",2008,0
"BLZ","Belize","admin0","Incidence Rate","Cases per Thousand",2009,0.0064343996233204295
"BLZ","Belize","admin0","Incidence Rate","Cases per Thousand",2010,0
"BLZ","Belize","admin0","Incidence Rate","Cases per Thousand",2011,0
"BLZ","Belize","admin0","Incidence Rate","Cases per Thousand",2012,0
"BLZ","Belize","admin0","Incidence Rate","Cases per Thousand",2013,0
"BLZ","Belize","admin0","Incidence Rate","Cases per Thousand",2014,0
"BLZ","Belize","admin0","Incidence Rate","Cases per Thousand",2015,0
"BLZ","Belize","admin0","Incidence Rate","Cases per Thousand",2016,0
"BLZ","Belize","admin0","Incidence Rate","Cases per Thousand",2017,0
"BLZ","Belize","admin0","Incidence Rate","Cases per Thousand",2018,0.00538434875889667
"BLZ","Belize","admin0","Incidence Rate","Cases per Thousand",2019,0
"BLZ","Belize","admin0","Incidence Rate","Cases per Thousand",2020,0
"BLZ","Belize","admin0","Incidence Rate","Cases per Thousand",2021,0
"BLZ","Belize","admin0","Incidence Rate","Cases per Thousand",2022,0
"BLZ","Belize","admin0","Incidence Rate","Cases per Thousand",2023,0
"BLZ","Belize","admin0","Incidence Rate","Cases per Thousand",2024,0
"BLZ","Belize","admin0","Incidence Rate","Cases per Thousand",2025,0
"BLZ","Belize","admin0","Infection Prevalence","per 100 Children",2000,0.006824576244724689
"BLZ","Belize","admin0","Infection Prevalence","per 100 Children",2001,0.00660634088434137
"BLZ","Belize","admin0","Infection Prevalence","per 100 Children",2002,0
"BLZ","Belize","admin0","Infection Prevalence","per 100 Children",2003,0
"BLZ","Belize","admin0","Infection Prevalence","per 100 Children",2004,0.0065994971828938105
"BLZ","Belize","admin0","Infection Prevalence","per 100 Children",2005,0.00912943567832702
"BLZ","Belize","admin0","Infection Prevalence","per 100 Children",2006,0.00583373839627354
"BLZ","Belize","admin0","Infection Prevalence","per 100 Children",2007,0
"BLZ","Belize","admin0","Infection Prevalence","per 100 Children",2008,0
"BLZ","Belize","admin0","Infection Prevalence","per 100 Children",2009,0.006595447697817189
"BLZ","Belize","admin0","Infection Prevalence","per 100 Children",2010,0
"BLZ","Belize","admin0","Infection Prevalence","per 100 Children",2011,0
"BLZ","Belize","admin0","Infection Prevalence","per 100 Children",2012,0
"BLZ","Belize","admin0","Infection Prevalence","per 100 Children",2013,0
"BLZ","Belize","admin0","Infection Prevalence","per 100 Children",2014,0
"BLZ","Belize","admin0","Infection Prevalence","per 100 Children",2015,0
"BLZ","Belize","admin0","Infection Prevalence","per 100 Children",2016,0
"BLZ","Belize","admin0","Infection Prevalence","per 100 Children",2017,0
"BLZ","Belize","admin0","Infection Prevalence","per 100 Children",2018,0.00659558766602583
"BLZ","Belize","admin0","Infection Prevalence","per 100 Children",2019,0
"BLZ","Belize","admin0","Infection Prevalence","per 100 Children",2020,0
"BLZ","Belize","admin0","Infection Prevalence","per 100 Children",2021,0
"BLZ","Belize","admin0","Infection Prevalence","per 100 Children",2022,0
"BLZ","Belize","admin0","Infection Prevalence","per 100 Children",2023,0
"BLZ","Belize","admin0","Infection Prevalence","per 100 Children",2024,0
"BLZ","Belize","admin0","Infection Prevalence","per 100 Children",2025,0
"BOL","Bolivia","admin0","Incidence Rate","Cases per Thousand",2000,0.7779973740162359
"BOL","Bolivia","admin0","Incidence Rate","Cases per Thousand",2001,0.24903955628636001
"BOL","Bolivia","admin0","Incidence Rate","Cases per Thousand",2002,0.226545482418188
"BOL","Bolivia","admin0","Incidence Rate","Cases per Thousand",2003,0.220425037691573
"BOL","Bolivia","admin0","Incidence Rate","Cases per Thousand",2004,0.19504615205450698
"BOL","Bolivia","admin0","Incidence Rate","Cases per Thousand",2005,0.296293259908173
"BOL","Bolivia","admin0","Incidence Rate","Cases per Thousand",2006,0.493654575558245
"BOL","Bolivia","admin0","Incidence Rate","Cases per Thousand",2007,0.456412422809244
"BOL","Bolivia","admin0","Incidence Rate","Cases per Thousand",2008,0.22535667807568802
"BOL","Bolivia","admin0","Incidence Rate","Cases per Thousand",2009,0.146384347860302
"BOL","Bolivia","admin0","Incidence Rate","Cases per Thousand",2010,0.273696800085641
"BOL","Bolivia","admin0","Incidence Rate","Cases per Thousand",2011,0.0838444385160062
"BOL","Bolivia","admin0","Incidence Rate","Cases per Thousand",2012,0.0718275990554753
"BOL","Bolivia","admin0","Incidence Rate","Cases per Thousand",2013,0.22981481635774997
"BOL","Bolivia","admin0","Incidence Rate","Cases per Thousand",2014,0.07677515220702201
"BOL","Bolivia","admin0","Incidence Rate","Cases per Thousand",2015,0.0169762460677539
"BOL","Bolivia","admin0","Incidence Rate","Cases per Thousand",2016,0.0020438234271995203
"BOL","Bolivia","admin0","Incidence Rate","Cases per Thousand",2017,0
"BOL","Bolivia","admin0","Incidence Rate","Cases per Thousand",2018,0
"BOL","Bolivia","admin0","Incidence Rate","Cases per Thousand",2019,0.007036186265832909
"BOL","Bolivia","admin0","Incidence Rate","Cases per Thousand",2020,0.01300776511214
"BOL","Bolivia","admin0","Incidence Rate","Cases per Thousand",2021,0.0445179823034772
"BOL","Bolivia","admin0","Incidence Rate","Cases per Thousand",2022,0.087147328767157
"BOL","Bolivia","admin0","Incidence Rate","Cases per Thousand",2023,0.190081434352038
"BOL","Bolivia","admin0","Incidence Rate","Cases per Thousand",2024,0.279111595166521
"BOL","Bolivia","admin0","Incidence Rate","Cases per Thousand",2025,0.324828255071968
"BOL","Bolivia","admin0","Infection Prevalence","per 100 Children",2000,0.0297421655616801
"BOL","Bolivia","admin0","Infection Prevalence","per 100 Children",2001,0.009399138960715701
"BOL","Bolivia","admin0","Infection Prevalence","per 100 Children",2002,0.00840796992448896
"BOL","Bolivia","admin0","Infection Prevalence","per 100 Children",2003,0.00809674694193025
"BOL","Bolivia","admin0","Infection Prevalence","per 100 Children",2004,0.0071069204767836
"BOL","Bolivia","admin0","Infection Prevalence","per 100 Children",2005,0.011324444587349899
"BOL","Bolivia","admin0","Infection Prevalence","per 100 Children",2006,0.0188697143776508
"BOL","Bolivia","admin0","Infection Prevalence","per 100 Children",2007,0.017445786184238
"BOL","Bolivia","admin0","Infection Prevalence","per 100 Children",2008,0.00833859273121652
"BOL","Bolivia","admin0","Infection Prevalence","per 100 Children",2009,0.0056634998512483095
"BOL","Bolivia","admin0","Infection Prevalence","per 100 Children",2010,0.0104392681588115
"BOL","Bolivia","admin0","Infection Prevalence","per 100 Children",2011,0.0056327232466050195
"BOL","Bolivia","admin0","Infection Prevalence","per 100 Children",2012,0.0065103960314380795
"BOL","Bolivia","admin0","Infection Prevalence","per 100 Children",2013,0.00852903270671247
"BOL","Bolivia","admin0","Infection Prevalence","per 100 Children",2014,0.0062844655806768
"BOL","Bolivia","admin0","Infection Prevalence","per 100 Children",2015,0.00657699463295057
"BOL","Bolivia","admin0","Infection Prevalence","per 100 Children",2016,0.0065286524653091205
"BOL","Bolivia","admin0","Infection Prevalence","per 100 Children",2017,0
"BOL","Bolivia","admin0","Infection Prevalence","per 100 Children",2018,0
"BOL","Bolivia","admin0","Infection Prevalence","per 100 Children",2019,0.00654837404359564
"BOL","Bolivia","admin0","Infection Prevalence","per 100 Children",2020,0.00657429399572248
"BOL","Bolivia","admin0","Infection Prevalence","per 100 Children",2021,0.00659338438446992
"BOL","Bolivia","admin0","Infection Prevalence","per 100 Children",2022,0.00533201238559973
"BOL","Bolivia","admin0","Infection Prevalence","per 100 Children",2023,0.006942830000203991
"BOL","Bolivia","admin0","Infection Prevalence","per 100 Children",2024,0.0106572656558288
"BOL","Bolivia","admin0","Infection Prevalence","per 100 Children",2025,0.0123275987555869
"BRA","Brazil","admin0","Incidence Rate","Cases per Thousand",2000,1.73360928035284
"BRA","Brazil","admin0","Incidence Rate","Cases per Thousand",2001,1.07706140227893
"BRA","Brazil","admin0","Incidence Rate","Cases per Thousand",2002,1.0481317912623098
"BRA","Brazil","admin0","Incidence Rate","Cases per Thousand",2003,1.12340818341313
"BRA","Brazil","admin0","Incidence Rate","Cases per Thousand",2004,1.26533799180425
"BRA","Brazil","admin0","Incidence Rate","Cases per Thousand",2005,1.64700480621001
"BRA","Brazil","admin0","Incidence Rate","Cases per Thousand",2006,1.50506832432564
"BRA","Brazil","admin0","Incidence Rate","Cases per Thousand",2007,0.998001057579263
"BRA","Brazil","admin0","Incidence Rate","Cases per Thousand",2008,0.54909252988596
"BRA","Brazil","admin0","Incidence Rate","Cases per Thousand",2009,0.540121847062318
"BRA","Brazil","admin0","Incidence Rate","Cases per Thousand",2010,0.524395594583564
"BRA","Brazil","admin0","Incidence Rate","Cases per Thousand",2011,0.36736676859359
"BRA","Brazil","admin0","Incidence Rate","Cases per Thousand",2012,0.387578859628053
"BRA","Brazil","admin0","Incidence Rate","Cases per Thousand",2013,0.295820569307078
"BRA","Brazil","admin0","Incidence Rate","Cases per Thousand",2014,0.223953376541486
"BRA","Brazil","admin0","Incidence Rate","Cases per Thousand",2015,0.16314137639647
"BRA","Brazil","admin0","Incidence Rate","Cases per Thousand",2016,0.145797215239704
"BRA","Brazil","admin0","Incidence Rate","Cases per Thousand",2017,0.197345062941338
"BRA","Brazil","admin0","Incidence Rate","Cases per Thousand",2018,0.190606606487175
"BRA","Brazil","admin0","Incidence Rate","Cases per Thousand",2019,0.16075919505182498
"BRA","Brazil","admin0","Incidence Rate","Cases per Thousand",2020,0.22984456949361598
"BRA","Brazil","admin0","Incidence Rate","Cases per Thousand",2021,0.23191000192765002
"BRA","Brazil","admin0","Incidence Rate","Cases per Thousand",2022,0.204704354588678
"BRA","Brazil","admin0","Incidence Rate","Cases per Thousand",2023,0.24124358673213098
"BRA","Brazil","admin0","Incidence Rate","Cases per Thousand",2024,0.265596772064478
"BRA","Brazil","admin0","Incidence Rate","Cases per Thousand",2025,0.233490863594325
"BRA","Brazil","admin0","Infection Prevalence","per 100 Children",2000,0.0725553328094633
"BRA","Brazil","admin0","Infection Prevalence","per 100 Children",2001,0.0468784083798514
"BRA","Brazil","admin0","Infection Prevalence","per 100 Children",2002,0.046409063139046296
"BRA","Brazil","admin0","Infection Prevalence","per 100 Children",2003,0.0489566941862656
"BRA","Brazil","admin0","Infection Prevalence","per 100 Children",2004,0.054514797305524894
"BRA","Brazil","admin0","Infection Prevalence","per 100 Children",2005,0.0695729553950226
"BRA","Brazil","admin0","Infection Prevalence","per 100 Children",2006,0.064088069797804
"BRA","Brazil","admin0","Infection Prevalence","per 100 Children",2007,0.0438517175485766
"BRA","Brazil","admin0","Infection Prevalence","per 100 Children",2008,0.0264480509971583
"BRA","Brazil","admin0","Infection Prevalence","per 100 Children",2009,0.025885453862969802
"BRA","Brazil","admin0","Infection Prevalence","per 100 Children",2010,0.025674378074508997
"BRA","Brazil","admin0","Infection Prevalence","per 100 Children",2011,0.0195318358810248
"BRA","Brazil","admin0","Infection Prevalence","per 100 Children",2012,0.0203151432679034
"BRA","Brazil","admin0","Infection Prevalence","per 100 Children",2013,0.016978448734689
"BRA","Brazil","admin0","Infection Prevalence","per 100 Children",2014,0.014391906592696799
"BRA","Brazil","admin0","Infection Prevalence","per 100 Children",2015,0.0119845983831066
"BRA","Brazil","admin0","Infection Prevalence","per 100 Children",2016,0.011537507220295399
"BRA","Brazil","admin0","Infection Prevalence","per 100 Children",2017,0.0134084209506067
"BRA","Brazil","admin0","Infection Prevalence","per 100 Children",2018,0.012968519633807398
"BRA","Brazil","admin0","Infection Prevalence","per 100 Children",2019,0.0119603430604153
"BRA","Brazil","admin0","Infection Prevalence","per 100 Children",2020,0.0141811000729826
"BRA","Brazil","admin0","Infection Prevalence","per 100 Children",2021,0.0146245952304499
"BRA","Brazil","admin0","Infection Prevalence","per 100 Children",2022,0.0133785925075732
"BRA","Brazil","admin0","Infection Prevalence","per 100 Children",2023,0.011024927904920299
"BRA","Brazil","admin0","Infection Prevalence","per 100 Children",2024,0.012788451208495302
"BRA","Brazil","admin0","Infection Prevalence","per 100 Children",2025,0.0114344376842507
"BTN","Bhutan","admin0","Incidence Rate","Cases per Thousand",2000,29.381600604543202
"BTN","Bhutan","admin0","Incidence Rate","Cases per Thousand",2001,31.842697477058596
"BTN","Bhutan","admin0","Incidence Rate","Cases per Thousand",2002,35.546566512665
"BTN","Bhutan","admin0","Incidence Rate","Cases per Thousand",2003,16.7285250451855
"BTN","Bhutan","admin0","Incidence Rate","Cases per Thousand",2004,10.498532728683399
"BTN","Bhutan","admin0","Incidence Rate","Cases per Thousand",2005,9.23630818783127
"BTN","Bhutan","admin0","Incidence Rate","Cases per Thousand",2006,8.69798210424367
"BTN","Bhutan","admin0","Incidence Rate","Cases per Thousand",2007,3.9230539954098997
"BTN","Bhutan","admin0","Incidence Rate","Cases per Thousand",2008,1.89171046356512
"BTN","Bhutan","admin0","Incidence Rate","Cases per Thousand",2009,6.45351833605787
"BTN","Bhutan","admin0","Incidence Rate","Cases per Thousand",2010,1.4812939752740901
"BTN","Bhutan","admin0","Incidence Rate","Cases per Thousand",2011,0.877767708370977
"BTN","Bhutan","admin0","Incidence Rate","Cases per Thousand",2012,0.307915427969627
"BTN","Bhutan","admin0","Incidence Rate","Cases per Thousand",2013,0.031460215855839996
"BTN","Bhutan","admin0","Incidence Rate","Cases per Thousand",2014,0.0992206471850619
"BTN","Bhutan","admin0","Incidence Rate","Cases per Thousand",2015,0.121223825582937
"BTN","Bhutan","admin0","Incidence Rate","Cases per Thousand",2016,0.0163203200202004
"BTN","Bhutan","admin0","Incidence Rate","Cases per Thousand",2017,0
"BTN","Bhutan","admin0","Incidence Rate","Cases per Thousand",2018,0.0109685783179423
"BTN","Bhutan","admin0","Incidence Rate","Cases per Thousand",2019,0
"BTN","Bhutan","admin0","Incidence Rate","Cases per Thousand",2020,0
"BTN","Bhutan","admin0","Incidence Rate","Cases per Thousand",2021,0.0139894770353765
"BTN","Bhutan","admin0","Incidence Rate","Cases per Thousand",2022,0
"BTN","Bhutan","admin0","Incidence Rate","Cases per Thousand",2023,0
"BTN","Bhutan","admin0","Incidence Rate","Cases per Thousand",2024,0
"BTN","Bhutan","admin0","Incidence Rate","Cases per Thousand",2025,0
"BTN","Bhutan","admin0","Infection Prevalence","per 100 Children",2000,1.14480506422444
"BTN","Bhutan","admin0","Infection Prevalence","per 100 Children",2001,1.23936205749226
"BTN","Bhutan","admin0","Infection Prevalence","per 100 Children",2002,1.39164185940559
"BTN","Bhutan","admin0","Infection Prevalence","per 100 Children",2003,0.6443330013798699
"BTN","Bhutan","admin0","Infection Prevalence","per 100 Children",2004,0.402297197290806
"BTN","Bhutan","admin0","Infection Prevalence","per 100 Children",2005,0.35407183027049
"BTN","Bhutan","admin0","Infection Prevalence","per 100 Children",2006,0.333540571639449
"BTN","Bhutan","admin0","Infection Prevalence","per 100 Children",2007,0.150210524297858
"BTN","Bhutan","admin0","Infection Prevalence","per 100 Children",2008,0.07234931723132469
"BTN","Bhutan","admin0","Infection Prevalence","per 100 Children",2009,0.24747330474603102
"BTN","Bhutan","admin0","Infection Prevalence","per 100 Children",2010,0.056644106327312406
"BTN","Bhutan","admin0","Infection Prevalence","per 100 Children",2011,0.0335572167239335
"BTN","Bhutan","admin0","Infection Prevalence","per 100 Children",2012,0.0117566712514406
"BTN","Bhutan","admin0","Infection Prevalence","per 100 Children",2013,0.00405909184077269
"BTN","Bhutan","admin0","Infection Prevalence","per 100 Children",2014,0.00473699520650433
"BTN","Bhutan","admin0","Infection Prevalence","per 100 Children",2015,0.004615293821762701
"BTN","Bhutan","admin0","Infection Prevalence","per 100 Children",2016,0.00661206548854726
"BTN","Bhutan","admin0","Infection Prevalence","per 100 Children",2017,0
"BTN","Bhutan","admin0","Infection Prevalence","per 100 Children",2018,0.00661185912746778
"BTN","Bhutan","admin0","Infection Prevalence","per 100 Children",2019,0
"BTN","Bhutan","admin0","Infection Prevalence","per 100 Children",2020,0
"BTN","Bhutan","admin0","Infection Prevalence","per 100 Children",2021,0.00661128670123892
"BTN","Bhutan","admin0","Infection Prevalence","per 100 Children",2022,0
"BTN","Bhutan","admin0","Infection Prevalence","per 100 Children",2023,0
"BTN","Bhutan","admin0","Infection Prevalence","per 100 Children",2024,0
"BTN","Bhutan","admin0","Infection Prevalence","per 100 Children",2025,0
"BWA","Botswana","admin0","Incidence Rate","Cases per Thousand",2000,3.6094696829153397
"BWA","Botswana","admin0","Incidence Rate","Cases per Thousand",2001,2.4496868828897997
"BWA","Botswana","admin0","Incidence Rate","Cases per Thousand",2002,1.46000105496217
"BWA","Botswana","admin0","Incidence Rate","Cases per Thousand",2003,1.20377345777736
"BWA","Botswana","admin0","Incidence Rate","Cases per Thousand",2004,1.1075726325336301
"BWA","Botswana","admin0","Incidence Rate","Cases per Thousand",2005,0.585999683483835
"BWA","Botswana","admin0","Incidence Rate","Cases per Thousand",2006,1.1532180835916201
"BWA","Botswana","admin0","Incidence Rate","Cases per Thousand",2007,1.06341493040319
"BWA","Botswana","admin0","Incidence Rate","Cases per Thousand",2008,1.84280642741976
"BWA","Botswana","admin0","Incidence Rate","Cases per Thousand",2009,1.96275146942313
"BWA","Botswana","admin0","Incidence Rate","Cases per Thousand",2010,1.6680353077243801
"BWA","Botswana","admin0","Incidence Rate","Cases per Thousand",2011,0.521032753286933
"BWA","Botswana","admin0","Incidence Rate","Cases per Thousand",2012,0.23361477970123598
"BWA","Botswana","admin0","Incidence Rate","Cases per Thousand",2013,0.5420969082354761
"BWA","Botswana","admin0","Incidence Rate","Cases per Thousand",2014,1.46961679059413
"BWA","Botswana","admin0","Incidence Rate","Cases per Thousand",2015,0.323486792432039
"BWA","Botswana","admin0","Incidence Rate","Cases per Thousand",2016,0.794715866792702
"BWA","Botswana","admin0","Incidence Rate","Cases per Thousand",2017,2.23140095837755
"BWA","Botswana","admin0","Incidence Rate","Cases per Thousand",2018,0.609275761226451
"BWA","Botswana","admin0","Incidence Rate","Cases per Thousand",2019,0.207633569677247
"BWA","Botswana","admin0","Incidence Rate","Cases per Thousand",2020,1.4885895736749202
"BWA","Botswana","admin0","Incidence Rate","Cases per Thousand",2021,0.8556559804098319
"BWA","Botswana","admin0","Incidence Rate","Cases per Thousand",2022,0.416259931200072
"BWA","Botswana","admin0","Incidence Rate","Cases per Thousand",2023,0.541192092776168
"BWA","Botswana","admin0","Incidence Rate","Cases per Thousand",2024,0.18434096849247703
"BWA","Botswana","admin0","Incidence Rate","Cases per Thousand",2025,0.43576025036033
"BWA","Botswana","admin0","Infection Prevalence","per 100 Children",2000,0.138192354460097
"BWA","Botswana","admin0","Infection Prevalence","per 100 Children",2001,0.0937310909422661
"BWA","Botswana","admin0","Infection Prevalence","per 100 Children",2002,0.0558342015954954
"BWA","Botswana","admin0","Infection Prevalence","per 100 Children",2003,0.0460296030948132
"BWA","Botswana","admin0","Infection Prevalence","per 100 Children",2004,0.042349398634331195
"BWA","Botswana","admin0","Infection Prevalence","per 100 Children",2005,0.0224003199292504
"BWA","Botswana","admin0","Infection Prevalence","per 100 Children",2006,0.0440958237067731
"BWA","Botswana","admin0","Infection Prevalence","per 100 Children",2007,0.040659760770371596
"BWA","Botswana","admin0","Infection Prevalence","per 100 Children",2008,0.0704884663886958
"BWA","Botswana","admin0","Infection Prevalence","per 100 Children",2009,0.07508043975259
"BWA","Botswana","admin0","Infection Prevalence","per 100 Children",2010,0.0637963122871776
"BWA","Botswana","admin0","Infection Prevalence","per 100 Children",2011,0.0199153573709345
"BWA","Botswana","admin0","Infection Prevalence","per 100 Children",2012,0.00872612157046766
"BWA","Botswana","admin0","Infection Prevalence","per 100 Children",2013,0.0207207428176645
"BWA","Botswana","admin0","Infection Prevalence","per 100 Children",2014,0.0562016763051381
"BWA","Botswana","admin0","Infection Prevalence","per 100 Children",2015,0.0123634206083134
"BWA","Botswana","admin0","Infection Prevalence","per 100 Children",2016,0.030381285823727903
"BWA","Botswana","admin0","Infection Prevalence","per 100 Children",2017,0.08537091422587839
"BWA","Botswana","admin0","Infection Prevalence","per 100 Children",2018,0.0232900413262272
"BWA","Botswana","admin0","Infection Prevalence","per 100 Children",2019,0.00757116125352128
"BWA","Botswana","admin0","Infection Prevalence","per 100 Children",2020,0.056930488992997894
"BWA","Botswana","admin0","Infection Prevalence","per 100 Children",2021,0.0327133913491997
"BWA","Botswana","admin0","Infection Prevalence","per 100 Children",2022,0.0159108753632086
"BWA","Botswana","admin0","Infection Prevalence","per 100 Children",2023,0.0206878134126896
"BWA","Botswana","admin0","Infection Prevalence","per 100 Children",2024,0.006977323076407589
"BWA","Botswana","admin0","Infection Prevalence","per 100 Children",2025,0.0166897229464616
"CAF","Central African Republic","admin0","Incidence Rate","Cases per Thousand",2000,446.765671272267
"CAF","Central African Republic","admin0","Incidence Rate","Cases per Thousand",2001,446.57878610359904
"CAF","Central African Republic","admin0","Incidence Rate","Cases per Thousand",2002,454.421314306413
"CAF","Central African Republic","admin0","Incidence Rate","Cases per Thousand",2003,460.020711208889
"CAF","Central African Republic","admin0","Incidence Rate","Cases per Thousand",2004,463.485415979742
"CAF","Central African Republic","admin0","Incidence Rate","Cases per Thousand",2005,466.47251521960396
"CAF","Central African Republic","admin0","Incidence Rate","Cases per Thousand",2006,469.62092450013
"CAF","Central African Republic","admin0","Incidence Rate","Cases per Thousand",2007,469.063591656725
"CAF","Central African Republic","admin0","Incidence Rate","Cases per Thousand",2008,464.49017956148805
"CAF","Central African Republic","admin0","Incidence Rate","Cases per Thousand",2009,460.124494185824
"CAF","Central African Republic","admin0","Incidence Rate","Cases per Thousand",2010,446.84971969149603
"CAF","Central African Republic","admin0","Incidence Rate","Cases per Thousand",2011,434.98220174832
"CAF","Central African Republic","admin0","Incidence Rate","Cases per Thousand",2012,427.06094172129997
"CAF","Central African Republic","admin0","Incidence Rate","Cases per Thousand",2013,418.04861167374804
"CAF","Central African Republic","admin0","Incidence Rate","Cases per Thousand",2014,409.06636166221
"CAF","Central African Republic","admin0","Incidence Rate","Cases per Thousand",2015,399.800777114261
"CAF","Central African Republic","admin0","Incidence Rate","Cases per Thousand",2016,387.79814760527796
"CAF","Central African Republic","admin0","Incidence Rate","Cases per Thousand",2017,380.65004266253
"CAF","Central African Republic","admin0","Incidence Rate","Cases per Thousand",2018,378.954846190699
"CAF","Central African Republic","admin0","Incidence Rate","Cases per Thousand",2019,376.564088384147
"CAF","Central African Republic","admin0","Incidence Rate","Cases per Thousand",2020,368.85274856311
"CAF","Central African Republic","admin0","Incidence Rate","Cases per Thousand",2021,357.896309570111
"CAF","Central African Republic","admin0","Incidence Rate","Cases per Thousand",2022,347.95260896244
"CAF","Central African Republic","admin0","Incidence Rate","Cases per Thousand",2023,339.049296047954
"CAF","Central African Republic","admin0","Incidence Rate","Cases per Thousand",2024,337.41941669554996
"CAF","Central African Republic","admin0","Incidence Rate","Cases per Thousand",2025,332.758891773129
"CAF","Central African Republic","admin0","Infection Prevalence","per 100 Children",2000,47.9020052346685
"CAF","Central African Republic","admin0","Infection Prevalence","per 100 Children",2001,48.3885043500003
"CAF","Central African Republic","admin0","Infection Prevalence","per 100 Children",2002,50.372602164233605
"CAF","Central African Republic","admin0","Infection Prevalence","per 100 Children",2003,51.762848387083004
"CAF","Central African Republic","admin0","Infection Prevalence","per 100 Children",2004,53.3153044678813
"CAF","Central African Republic","admin0","Infection Prevalence","per 100 Children",2005,54.0148780214161
"CAF","Central African Republic","admin0","Infection Prevalence","per 100 Children",2006,54.213421467859504
"CAF","Central African Republic","admin0","Infection Prevalence","per 100 Children",2007,54.56758981371949
"CAF","Central African Republic","admin0","Infection Prevalence","per 100 Children",2008,53.819989195354104
"CAF","Central African Republic","admin0","Infection Prevalence","per 100 Children",2009,51.9931175403097
"CAF","Central African Republic","admin0","Infection Prevalence","per 100 Children",2010,49.0072062387111
"CAF","Central African Republic","admin0","Infection Prevalence","per 100 Children",2011,46.421296488848704
"CAF","Central African Republic","admin0","Infection Prevalence","per 100 Children",2012,44.3414850205275
"CAF","Central African Republic","admin0","Infection Prevalence","per 100 Children",2013,42.8874802008784
"CAF","Central African Republic","admin0","Infection Prevalence","per 100 Children",2014,41.5186113252948
"CAF","Central African Republic","admin0","Infection Prevalence","per 100 Children",2015,39.932588916178204
"CAF","Central African Republic","admin0","Infection Prevalence","per 100 Children",2016,38.3793326172293
"CAF","Central African Republic","admin0","Infection Prevalence","per 100 Children",2017,37.4193934346683
"CAF","Central African Republic","admin0","Infection Prevalence","per 100 Children",2018,37.1410226254736
"CAF","Central African Republic","admin0","Infection Prevalence","per 100 Children",2019,37.2258999324934
"CAF","Central African Republic","admin0","Infection Prevalence","per 100 Children",2020,36.2387416811613
"CAF","Central African Republic","admin0","Infection Prevalence","per 100 Children",2021,34.6439580996339
"CAF","Central African Republic","admin0","Infection Prevalence","per 100 Children",2022,33.6299757568586
"CAF","Central African Republic","admin0","Infection Prevalence","per 100 Children",2023,32.5037041164375
"CAF","Central African Republic","admin0","Infection Prevalence","per 100 Children",2024,32.0597776395392
"CAF","Central African Republic","admin0","Infection Prevalence","per 100 Children",2025,31.9793976719449
"CHN","China","admin0","Incidence Rate","Cases per Thousand",2000,0.00984767414552761
"CHN","China","admin0","Incidence Rate","Cases per Thousand",2001,0.00699960403525844
"CHN","China","admin0","Incidence Rate","Cases per Thousand",2002,0.0104147630500754
"CHN","China","admin0","Incidence Rate","Cases per Thousand",2003,0.00613926193746997
"CHN","China","admin0","Incidence Rate","Cases per Thousand",2004,0.00638346793170831
"CHN","China","admin0","Incidence Rate","Cases per Thousand",2005,0.005576054684440239
"CHN","China","admin0","Incidence Rate","Cases per Thousand",2006,0.00450841355237593
"CHN","China","admin0","Incidence Rate","Cases per Thousand",2007,0.00280055254420017
"CHN","China","admin0","Incidence Rate","Cases per Thousand",2008,0.00201896123273595
"CHN","China","admin0","Incidence Rate","Cases per Thousand",2009,0.00125915282382426
"CHN","China","admin0","Incidence Rate","Cases per Thousand",2010,0.00189688452024365
"CHN","China","admin0","Incidence Rate","Cases per Thousand",2011,0.00018887560576515198
"CHN","China","admin0","Incidence Rate","Cases per Thousand",2012,0.0000955384099230174
"CHN","China","admin0","Incidence Rate","Cases per Thousand",2013,0.0000414309502877653
"CHN","China","admin0","Incidence Rate","Cases per Thousand",2014,0.00000469836917840966
"CHN","China","admin0","Incidence Rate","Cases per Thousand",2015,6.82633746622897e-7
"CHN","China","admin0","Incidence Rate","Cases per Thousand",2016,0
"CHN","China","admin0","Incidence Rate","Cases per Thousand",2017,0
"CHN","China","admin0","Incidence Rate","Cases per Thousand",2018,0
"CHN","China","admin0","Incidence Rate","Cases per Thousand",2019,0
"CHN","China","admin0","Incidence Rate","Cases per Thousand",2020,0
"CHN","China","admin0","Incidence Rate","Cases per Thousand",2021,0
"CHN","China","admin0","Incidence Rate","Cases per Thousand",2022,0
"CHN","China","admin0","Incidence Rate","Cases per Thousand",2023,0
"CHN","China","admin0","Incidence Rate","Cases per Thousand",2024,0
"CHN","China","admin0","Incidence Rate","Cases per Thousand",2025,0
"CHN","China","admin0","Infection Prevalence","per 100 Children",2000,0.000406980310374203
"CHN","China","admin0","Infection Prevalence","per 100 Children",2001,0.000266675646201076
"CHN","China","admin0","Infection Prevalence","per 100 Children",2002,0.00043850260299861595
"CHN","China","admin0","Infection Prevalence","per 100 Children",2003,0.000375427634293268
"CHN","China","admin0","Infection Prevalence","per 100 Children",2004,0.000254550887610442
"CHN","China","admin0","Infection Prevalence","per 100 Children",2005,0.000201947096087334
"CHN","China","admin0","Infection Prevalence","per 100 Children",2006,0.000182937028624358
"CHN","China","admin0","Infection Prevalence","per 100 Children",2007,0.00026533263512136003
"CHN","China","admin0","Infection Prevalence","per 100 Children",2008,0.00027103267203002
"CHN","China","admin0","Infection Prevalence","per 100 Children",2009,0.000271257938689211
"CHN","China","admin0","Infection Prevalence","per 100 Children",2010,0.000226909142792354
"CHN","China","admin0","Infection Prevalence","per 100 Children",2011,0.000228030367590356
"CHN","China","admin0","Infection Prevalence","per 100 Children",2012,0.000227426323900074
"CHN","China","admin0","Infection Prevalence","per 100 Children",2013,0.000226703789802364
"CHN","China","admin0","Infection Prevalence","per 100 Children",2014,0.000225893105890752
"CHN","China","admin0","Infection Prevalence","per 100 Children",2015,0.0000800772377338938
"CHN","China","admin0","Infection Prevalence","per 100 Children",2016,0
"CHN","China","admin0","Infection Prevalence","per 100 Children",2017,0
"CHN","China","admin0","Infection Prevalence","per 100 Children",2018,0
"CHN","China","admin0","Infection Prevalence","per 100 Children",2019,0
"CHN","China","admin0","Infection Prevalence","per 100 Children",2020,0
"CHN","China","admin0","Infection Prevalence","per 100 Children",2021,0
"CHN","China","admin0","Infection Prevalence","per 100 Children",2022,0
"CHN","China","admin0","Infection Prevalence","per 100 Children",2023,0
"CHN","China","admin0","Infection Prevalence","per 100 Children",2024,0
"CHN","China","admin0","Infection Prevalence","per 100 Children",2025,0
"CIV","Côte d'Ivoire","admin0","Incidence Rate","Cases per Thousand",2000,493.784602003693
"CIV","Côte d'Ivoire","admin0","Incidence Rate","Cases per Thousand",2001,504.215218323373
"CIV","Côte d'Ivoire","admin0","Incidence Rate","Cases per Thousand",2002,507.597271944744
"CIV","Côte d'Ivoire","admin0","Incidence Rate","Cases per Thousand",2003,512.450450918713
"CIV","Côte d'Ivoire","admin0","Incidence Rate","Cases per Thousand",2004,505.399582942491
"CIV","Côte d'Ivoire","admin0","Incidence Rate","Cases per Thousand",2005,471.962119938007
"CIV","Côte d'Ivoire","admin0","Incidence Rate","Cases per Thousand",2006,429.76589066724404
"CIV","Côte d'Ivoire","admin0","Incidence Rate","Cases per Thousand",2007,393.86647393217
"CIV","Côte d'Ivoire","admin0","Incidence Rate","Cases per Thousand",2008,394.720374811522
"CIV","Côte d'Ivoire","admin0","Incidence Rate","Cases per Thousand",2009,426.464010634772
"CIV","Côte d'Ivoire","admin0","Incidence Rate","Cases per Thousand",2010,457.145061647043
"CIV","Côte d'Ivoire","admin0","Incidence Rate","Cases per Thousand",2011,459.68380154295903
"CIV","Côte d'Ivoire","admin0","Incidence Rate","Cases per Thousand",2012,374.162532569789
"CIV","Côte d'Ivoire","admin0","Incidence Rate","Cases per Thousand",2013,286.173538434526
"CIV","Côte d'Ivoire","admin0","Incidence Rate","Cases per Thousand",2014,241.377711696279
"CIV","Côte d'Ivoire","admin0","Incidence Rate","Cases per Thousand",2015,240.00372669240699
"CIV","Côte d'Ivoire","admin0","Incidence Rate","Cases per Thousand",2016,255.334417026091
"CIV","Côte d'Ivoire","admin0","Incidence Rate","Cases per Thousand",2017,264.884843920602
"CIV","Côte d'Ivoire","admin0","Incidence Rate","Cases per Thousand",2018,276.913117340215
"CIV","Côte d'Ivoire","admin0","Incidence Rate","Cases per Thousand",2019,290.436828581844
"CIV","Côte d'Ivoire","admin0","Incidence Rate","Cases per Thousand",2020,294.453531429275
"CIV","Côte d'Ivoire","admin0","Incidence Rate","Cases per Thousand",2021,283.619656424766
"CIV","Côte d'Ivoire","admin0","Incidence Rate","Cases per Thousand",2022,281.29444369845305
"CIV","Côte d'Ivoire","admin0","Incidence Rate","Cases per Thousand",2023,269.186093138596
"CIV","Côte d'Ivoire","admin0","Incidence Rate","Cases per Thousand",2024,266.621524643724
"CIV","Côte d'Ivoire","admin0","Incidence Rate","Cases per Thousand",2025,262.44343397568997
"CIV","Côte d'Ivoire","admin0","Infection Prevalence","per 100 Children",2000,60.7741387251713
"CIV","Côte d'Ivoire","admin0","Infection Prevalence","per 100 Children",2001,64.0013066571316
"CIV","Côte d'Ivoire","admin0","Infection Prevalence","per 100 Children",2002,64.9403802054384
"CIV","Côte d'Ivoire","admin0","Infection Prevalence","per 100 Children",2003,67.1834785799915
"CIV","Côte d'Ivoire","admin0","Infection Prevalence","per 100 Children",2004,67.1626893359414
"CIV","Côte d'Ivoire","admin0","Infection Prevalence","per 100 Children",2005,59.532267697017105
"CIV","Côte d'Ivoire","admin0","Infection Prevalence","per 100 Children",2006,54.047172435754696
"CIV","Côte d'Ivoire","admin0","Infection Prevalence","per 100 Children",2007,49.4468416975366
"CIV","Côte d'Ivoire","admin0","Infection Prevalence","per 100 Children",2008,50.684525714307505
"CIV","Côte d'Ivoire","admin0","Infection Prevalence","per 100 Children",2009,57.129701533056796
"CIV","Côte d'Ivoire","admin0","Infection Prevalence","per 100 Children",2010,62.378113139455806
"CIV","Côte d'Ivoire","admin0","Infection Prevalence","per 100 Children",2011,57.4529418667764
"CIV","Côte d'Ivoire","admin0","Infection Prevalence","per 100 Children",2012,36.766473324465196
"CIV","Côte d'Ivoire","admin0","Infection Prevalence","per 100 Children",2013,25.4946644599433
"CIV","Côte d'Ivoire","admin0","Infection Prevalence","per 100 Children",2014,20.473168377404598
"CIV","Côte d'Ivoire","admin0","Infection Prevalence","per 100 Children",2015,20.6768086550965
"CIV","Côte d'Ivoire","admin0","Infection Prevalence","per 100 Children",2016,23.2296286973284
"CIV","Côte d'Ivoire","admin0","Infection Prevalence","per 100 Children",2017,24.8955531442373
"CIV","Côte d'Ivoire","admin0","Infection Prevalence","per 100 Children",2018,26.3939890417128
"CIV","Côte d'Ivoire","admin0","Infection Prevalence","per 100 Children",2019,28.131558147360604
"CIV","Côte d'Ivoire","admin0","Infection Prevalence","per 100 Children",2020,28.373558351557797
"CIV","Côte d'Ivoire","admin0","Infection Prevalence","per 100 Children",2021,26.585609280448104
"CIV","Côte d'Ivoire","admin0","Infection Prevalence","per 100 Children",2022,26.4129154275156
"CIV","Côte d'Ivoire","admin0","Infection Prevalence","per 100 Children",2023,25.332680873297903
"CIV","Côte d'Ivoire","admin0","Infection Prevalence","per 100 Children",2024,25.3915782762823
"CIV","Côte d'Ivoire","admin0","Infection Prevalence","per 100 Children",2025,25.502151213678697
"CMR","Cameroon","admin0","Incidence Rate","Cases per Thousand",2000,393.362052098512
"CMR","Cameroon","admin0","Incidence Rate","Cases per Thousand",2001,425.386701854736
"CMR","Cameroon","admin0","Incidence Rate","Cases per Thousand",2002,435.965411426453
"CMR","Cameroon","admin0","Incidence Rate","Cases per Thousand",2003,439.456218706344
"CMR","Cameroon","admin0","Incidence Rate","Cases per Thousand",2004,436.173222533917
"CMR","Cameroon","admin0","Incidence Rate","Cases per Thousand",2005,434.03996656968303
"CMR","Cameroon","admin0","Incidence Rate","Cases per Thousand",2006,425.96141544564
"CMR","Cameroon","admin0","Incidence Rate","Cases per Thousand",2007,410.948835706467
"CMR","Cameroon","admin0","Incidence Rate","Cases per Thousand",2008,392.789988733046
"CMR","Cameroon","admin0","Incidence Rate","Cases per Thousand",2009,351.277063927093
"CMR","Cameroon","admin0","Incidence Rate","Cases per Thousand",2010,295.451327275843
"CMR","Cameroon","admin0","Incidence Rate","Cases per Thousand",2011,266.251488139708
"CMR","Cameroon","admin0","Incidence Rate","Cases per Thousand",2012,261.329231202528
"CMR","Cameroon","admin0","Incidence Rate","Cases per Thousand",2013,271.66521283374
"CMR","Cameroon","admin0","Incidence Rate","Cases per Thousand",2014,273.042070483908
"CMR","Cameroon","admin0","Incidence Rate","Cases per Thousand",2015,271.727166651149
"CMR","Cameroon","admin0","Incidence Rate","Cases per Thousand",2016,268.925308526476
"CMR","Cameroon","admin0","Incidence Rate","Cases per Thousand",2017,258.90040539376
"CMR","Cameroon","admin0","Incidence Rate","Cases per Thousand",2018,248.717184243552
"CMR","Cameroon","admin0","Incidence Rate","Cases per Thousand",2019,243.026690483484
"CMR","Cameroon","admin0","Incidence Rate","Cases per Thousand",2020,263.930411542884
"CMR","Cameroon","admin0","Incidence Rate","Cases per Thousand",2021,270.333327841275
"CMR","Cameroon","admin0","Incidence Rate","Cases per Thousand",2022,265.245418920802
"CMR","Cameroon","admin0","Incidence Rate","Cases per Thousand",2023,259.86930889036404
"CMR","Cameroon","admin0","Incidence Rate","Cases per Thousand",2024,261.66345189130504
"CMR","Cameroon","admin0","Incidence Rate","Cases per Thousand",2025,251.23688329612398
"CMR","Cameroon","admin0","Infection Prevalence","per 100 Children",2000,39.7265268343829
"CMR","Cameroon","admin0","Infection Prevalence","per 100 Children",2001,46.289871901907794
"CMR","Cameroon","admin0","Infection Prevalence","per 100 Children",2002,48.6215812900116
"CMR","Cameroon","admin0","Infection Prevalence","per 100 Children",2003,48.1464007013168
"CMR","Cameroon","admin0","Infection Prevalence","per 100 Children",2004,46.945750768956
"CMR","Cameroon","admin0","Infection Prevalence","per 100 Children",2005,46.73819193984
"CMR","Cameroon","admin0","Infection Prevalence","per 100 Children",2006,46.7229875982586
"CMR","Cameroon","admin0","Infection Prevalence","per 100 Children",2007,45.5473324571815
"CMR","Cameroon","admin0","Infection Prevalence","per 100 Children",2008,41.440006248733106
"CMR","Cameroon","admin0","Infection Prevalence","per 100 Children",2009,32.7871771536945
"CMR","Cameroon","admin0","Infection Prevalence","per 100 Children",2010,25.0700296559257
"CMR","Cameroon","admin0","Infection Prevalence","per 100 Children",2011,21.7052125285518
"CMR","Cameroon","admin0","Infection Prevalence","per 100 Children",2012,21.2473541112534
"CMR","Cameroon","admin0","Infection Prevalence","per 100 Children",2013,22.849835766926
"CMR","Cameroon","admin0","Infection Prevalence","per 100 Children",2014,23.1994296865344
"CMR","Cameroon","admin0","Infection Prevalence","per 100 Children",2015,22.9966516483192
"CMR","Cameroon","admin0","Infection Prevalence","per 100 Children",2016,22.8283576151973
"CMR","Cameroon","admin0","Infection Prevalence","per 100 Children",2017,21.593868082779
"CMR","Cameroon","admin0","Infection Prevalence","per 100 Children",2018,20.2864996473951
"CMR","Cameroon","admin0","Infection Prevalence","per 100 Children",2019,20.0069691392641
"CMR","Cameroon","admin0","Infection Prevalence","per 100 Children",2020,22.851587287229698
"CMR","Cameroon","admin0","Infection Prevalence","per 100 Children",2021,23.368557436825398
"CMR","Cameroon","admin0","Infection Prevalence","per 100 Children",2022,22.7181337661629
"CMR","Cameroon","admin0","Infection Prevalence","per 100 Children",2023,22.3166536902946
"CMR","Cameroon","admin0","Infection Prevalence","per 100 Children",2024,23.1593262566827
"CMR","Cameroon","admin0","Infection Prevalence","per 100 Children",2025,22.9617537400434
"COD","Democratic Republic of the Congo","admin0","Incidence Rate","Cases per Thousand",2000,460.687331181085
"COD","Democratic Republic of the Congo","admin0","Incidence Rate","Cases per Thousand",2001,459.36369154832
"COD","Democratic Republic of the Congo","admin0","Incidence Rate","Cases per Thousand",2002,461.882053944894
"COD","Democratic Republic of the Congo","admin0","Incidence Rate","Cases per Thousand",2003,468.66395625970296
"COD","Democratic Republic of the Congo","admin0","Incidence Rate","Cases per Thousand",2004,468.95101193379
"COD","Democratic Republic of the Congo","admin0","Incidence Rate","Cases per Thousand",2005,469.21118467052196
"COD","Democratic Republic of the Congo","admin0","Incidence Rate","Cases per Thousand",2006,466.076376589917
"COD","Democratic Republic of the Congo","admin0","Incidence Rate","Cases per Thousand",2007,449.90640885091096
"COD","Democratic Republic of the Congo","admin0","Incidence Rate","Cases per Thousand",2008,431.88941276889597
"COD","Democratic Republic of the Congo","admin0","Incidence Rate","Cases per Thousand",2009,407.27174140717796
"COD","Democratic Republic of the Congo","admin0","Incidence Rate","Cases per Thousand",2010,383.033774055888
"COD","Democratic Republic of the Congo","admin0","Incidence Rate","Cases per Thousand",2011,361.258638529535
"COD","Democratic Republic of the Congo","admin0","Incidence Rate","Cases per Thousand",2012,336.28208212281504
"COD","Democratic Republic of the Congo","admin0","Incidence Rate","Cases per Thousand",2013,310.928801084551
"COD","Democratic Republic of the Congo","admin0","Incidence Rate","Cases per Thousand",2014,297.557426060708
"COD","Democratic Republic of the Congo","admin0","Incidence Rate","Cases per Thousand",2015,295.680360341107
"COD","Democratic Republic of the Congo","admin0","Incidence Rate","Cases per Thousand",2016,303.134442090558
"COD","Democratic Republic of the Congo","admin0","Incidence Rate","Cases per Thousand",2017,310.707916954938
"COD","Democratic Republic of the Congo","admin0","Incidence Rate","Cases per Thousand",2018,316.61753820426304
"COD","Democratic Republic of the Congo","admin0","Incidence Rate","Cases per Thousand",2019,319.19029201311
"COD","Democratic Republic of the Congo","admin0","Incidence Rate","Cases per Thousand",2020,323.44938235419204
"COD","Democratic Republic of the Congo","admin0","Incidence Rate","Cases per Thousand",2021,324.385088627366
"COD","Democratic Republic of the Congo","admin0","Incidence Rate","Cases per Thousand",2022,318.32495623538796
"COD","Democratic Republic of the Congo","admin0","Incidence Rate","Cases per Thousand",2023,307.904183063024
"COD","Democratic Republic of the Congo","admin0","Incidence Rate","Cases per Thousand",2024,296.899288031066
"COD","Democratic Republic of the Congo","admin0","Incidence Rate","Cases per Thousand",2025,283.379537299657
"COD","Democratic Republic of the Congo","admin0","Infection Prevalence","per 100 Children",2000,55.932181519968005
"COD","Democratic Republic of the Congo","admin0","Infection Prevalence","per 100 Children",2001,55.751637689979106
"COD","Democratic Republic of the Congo","admin0","Infection Prevalence","per 100 Children",2002,56.327381771762
"COD","Democratic Republic of the Congo","admin0","Infection Prevalence","per 100 Children",2003,57.7050967372365
"COD","Democratic Republic of the Congo","admin0","Infection Prevalence","per 100 Children",2004,58.9854524833457
"COD","Democratic Republic of the Congo","admin0","Infection Prevalence","per 100 Children",2005,59.348696319483395
"COD","Democratic Republic of the Congo","admin0","Infection Prevalence","per 100 Children",2006,58.541478138203395
"COD","Democratic Republic of the Congo","admin0","Infection Prevalence","per 100 Children",2007,56.2206153582169
"COD","Democratic Republic of the Congo","admin0","Infection Prevalence","per 100 Children",2008,51.7980192374194
"COD","Democratic Republic of the Congo","admin0","Infection Prevalence","per 100 Children",2009,46.1082142850986
"COD","Democratic Republic of the Congo","admin0","Infection Prevalence","per 100 Children",2010,41.891132528224
"COD","Democratic Republic of the Congo","admin0","Infection Prevalence","per 100 Children",2011,37.8592244852623
"COD","Democratic Republic of the Congo","admin0","Infection Prevalence","per 100 Children",2012,32.9060340458878
"COD","Democratic Republic of the Congo","admin0","Infection Prevalence","per 100 Children",2013,28.9833989382084
"COD","Democratic Republic of the Congo","admin0","Infection Prevalence","per 100 Children",2014,27.081295876781198
"COD","Democratic Republic of the Congo","admin0","Infection Prevalence","per 100 Children",2015,26.711993749560698
"COD","Democratic Republic of the Congo","admin0","Infection Prevalence","per 100 Children",2016,28.1554320205304
"COD","Democratic Republic of the Congo","admin0","Infection Prevalence","per 100 Children",2017,29.4941878999594
"COD","Democratic Republic of the Congo","admin0","Infection Prevalence","per 100 Children",2018,30.522202012877496
"COD","Democratic Republic of the Congo","admin0","Infection Prevalence","per 100 Children",2019,31.6382243577719
"COD","Democratic Republic of the Congo","admin0","Infection Prevalence","per 100 Children",2020,32.7232523603184
"COD","Democratic Republic of the Congo","admin0","Infection Prevalence","per 100 Children",2021,32.769946216362
"COD","Democratic Republic of the Congo","admin0","Infection Prevalence","per 100 Children",2022,31.937961733723203
"COD","Democratic Republic of the Congo","admin0","Infection Prevalence","per 100 Children",2023,30.372394802112503
"COD","Democratic Republic of the Congo","admin0","Infection Prevalence","per 100 Children",2024,28.8212489075529
"COD","Democratic Republic of the Congo","admin0","Infection Prevalence","per 100 Children",2025,27.9374313595256
"COG","Congo","admin0","Incidence Rate","Cases per Thousand",2000,349.812346764157
"COG","Congo","admin0","Incidence Rate","Cases per Thousand",2001,349.191629241
"COG","Congo","admin0","Incidence Rate","Cases per Thousand",2002,328.504319915637
"COG","Congo","admin0","Incidence Rate","Cases per Thousand",2003,328.753646893692
"COG","Congo","admin0","Incidence Rate","Cases per Thousand",2004,325.41589263875096
"COG","Congo","admin0","Incidence Rate","Cases per Thousand",2005,307.66166893847003
"COG","Congo","admin0","Incidence Rate","Cases per Thousand",2006,285.548878395518
"COG","Congo","admin0","Incidence Rate","Cases per Thousand",2007,255.274660093116
"COG","Congo","admin0","Incidence Rate","Cases per Thousand",2008,227.46052628907802
"COG","Congo","admin0","Incidence Rate","Cases per Thousand",2009,216.009182099974
"COG","Congo","admin0","Incidence Rate","Cases per Thousand",2010,216.197294885049
"COG","Congo","admin0","Incidence Rate","Cases per Thousand",2011,216.963553258598
"COG","Congo","admin0","Incidence Rate","Cases per Thousand",2012,216.34133947114302
"COG","Congo","admin0","Incidence Rate","Cases per Thousand",2013,218.48226118616802
"COG","Congo","admin0","Incidence Rate","Cases per Thousand",2014,213.11730802118402
"COG","Congo","admin0","Incidence Rate","Cases per Thousand",2015,210.869588323677
"COG","Congo","admin0","Incidence Rate","Cases per Thousand",2016,216.361692605012
"COG","Congo","admin0","Incidence Rate","Cases per Thousand",2017,237.25723164098
"COG","Congo","admin0","Incidence Rate","Cases per Thousand",2018,251.709038832856
"COG","Congo","admin0","Incidence Rate","Cases per Thousand",2019,247.628154367767
"COG","Congo","admin0","Incidence Rate","Cases per Thousand",2020,242.658715623563
"COG","Congo","admin0","Incidence Rate","Cases per Thousand",2021,235.024105961707
"COG","Congo","admin0","Incidence Rate","Cases per Thousand",2022,223.758638085206
"COG","Congo","admin0","Incidence Rate","Cases per Thousand",2023,222.32596008315699
"COG","Congo","admin0","Incidence Rate","Cases per Thousand",2024,222.886162032306
"COG","Congo","admin0","Incidence Rate","Cases per Thousand",2025,215.287774340793
"COG","Congo","admin0","Infection Prevalence","per 100 Children",2000,36.3984348547179
"COG","Congo","admin0","Infection Prevalence","per 100 Children",2001,36.2580805012486
"COG","Congo","admin0","Infection Prevalence","per 100 Children",2002,32.1449143756505
"COG","Congo","admin0","Infection Prevalence","per 100 Children",2003,31.8700392639082
"COG","Congo","admin0","Infection Prevalence","per 100 Children",2004,31.430896145707898
"COG","Congo","admin0","Infection Prevalence","per 100 Children",2005,29.0169486401891
"COG","Congo","admin0","Infection Prevalence","per 100 Children",2006,26.1264120983647
"COG","Congo","admin0","Infection Prevalence","per 100 Children",2007,22.772745296627
"COG","Congo","admin0","Infection Prevalence","per 100 Children",2008,19.7824394613434
"COG","Congo","admin0","Infection Prevalence","per 100 Children",2009,18.5640823518041
"COG","Congo","admin0","Infection Prevalence","per 100 Children",2010,18.6342239730666
"COG","Congo","admin0","Infection Prevalence","per 100 Children",2011,18.543100730387398
"COG","Congo","admin0","Infection Prevalence","per 100 Children",2012,18.0780199633124
"COG","Congo","admin0","Infection Prevalence","per 100 Children",2013,18.2634524586923
"COG","Congo","admin0","Infection Prevalence","per 100 Children",2014,17.6657817687854
"COG","Congo","admin0","Infection Prevalence","per 100 Children",2015,17.5936356091356
"COG","Congo","admin0","Infection Prevalence","per 100 Children",2016,18.7439410616179
"COG","Congo","admin0","Infection Prevalence","per 100 Children",2017,21.7653545855918
"COG","Congo","admin0","Infection Prevalence","per 100 Children",2018,23.8899255555595
"COG","Congo","admin0","Infection Prevalence","per 100 Children",2019,23.59633549596
"COG","Congo","admin0","Infection Prevalence","per 100 Children",2020,23.0631181574824
"COG","Congo","admin0","Infection Prevalence","per 100 Children",2021,22.0493338695449
"COG","Congo","admin0","Infection Prevalence","per 100 Children",2022,20.8092780524053
"COG","Congo","admin0","Infection Prevalence","per 100 Children",2023,20.9273846301788
"COG","Congo","admin0","Infection Prevalence","per 100 Children",2024,21.263893520331102
"COG","Congo","admin0","Infection Prevalence","per 100 Children",2025,21.2108384275483
"COL","Colombia","admin0","Incidence Rate","Cases per Thousand",2000,3.0292622400570197
"COL","Colombia","admin0","Incidence Rate","Cases per Thousand",2001,5.76757316529943
"COL","Colombia","admin0","Incidence Rate","Cases per Thousand",2002,5.12083141126915
"COL","Colombia","admin0","Incidence Rate","Cases per Thousand",2003,4.29585969621468
"COL","Colombia","admin0","Incidence Rate","Cases per Thousand",2004,3.05288870584884
"COL","Colombia","admin0","Incidence Rate","Cases per Thousand",2005,2.4383870106032703
"COL","Colombia","admin0","Incidence Rate","Cases per Thousand",2006,2.4268873741087997
"COL","Colombia","admin0","Incidence Rate","Cases per Thousand",2007,3.018896878974
"COL","Colombia","admin0","Incidence Rate","Cases per Thousand",2008,1.13436049640899
"COL","Colombia","admin0","Incidence Rate","Cases per Thousand",2009,1.1009326398315702
"COL","Colombia","admin0","Incidence Rate","Cases per Thousand",2010,1.69131924038731
"COL","Colombia","admin0","Incidence Rate","Cases per Thousand",2011,0.782253453732307
"COL","Colombia","admin0","Incidence Rate","Cases per Thousand",2012,0.7568293500590071
"COL","Colombia","admin0","Incidence Rate","Cases per Thousand",2013,0.843253182561433
"COL","Colombia","admin0","Incidence Rate","Cases per Thousand",2014,0.966360835949445
"COL","Colombia","admin0","Incidence Rate","Cases per Thousand",2015,1.45586603022985
"COL","Colombia","admin0","Incidence Rate","Cases per Thousand",2016,2.14837557164876
"COL","Colombia","admin0","Incidence Rate","Cases per Thousand",2017,1.34962073082736
"COL","Colombia","admin0","Incidence Rate","Cases per Thousand",2018,1.5581859437563501
"COL","Colombia","admin0","Incidence Rate","Cases per Thousand",2019,2.02652651412594
"COL","Colombia","admin0","Incidence Rate","Cases per Thousand",2020,1.70568176648599
"COL","Colombia","admin0","Incidence Rate","Cases per Thousand",2021,1.5728398251748201
"COL","Colombia","admin0","Incidence Rate","Cases per Thousand",2022,1.1732856651497
"COL","Colombia","admin0","Incidence Rate","Cases per Thousand",2023,1.55409426676846
"COL","Colombia","admin0","Incidence Rate","Cases per Thousand",2024,1.82151343932041
"COL","Colombia","admin0","Incidence Rate","Cases per Thousand",2025,1.7934981785214001
"COL","Colombia","admin0","Infection Prevalence","per 100 Children",2000,0.11577829307085499
"COL","Colombia","admin0","Infection Prevalence","per 100 Children",2001,0.221285922810865
"COL","Colombia","admin0","Infection Prevalence","per 100 Children",2002,0.196229344995058
"COL","Colombia","admin0","Infection Prevalence","per 100 Children",2003,0.164499295153324
"COL","Colombia","admin0","Infection Prevalence","per 100 Children",2004,0.116811086832834
"COL","Colombia","admin0","Infection Prevalence","per 100 Children",2005,0.0932610519888072
"COL","Colombia","admin0","Infection Prevalence","per 100 Children",2006,0.0928650317330343
"COL","Colombia","admin0","Infection Prevalence","per 100 Children",2007,0.11553269299137399
"COL","Colombia","admin0","Infection Prevalence","per 100 Children",2008,0.0433764958094806
"COL","Colombia","admin0","Infection Prevalence","per 100 Children",2009,0.042097369038002
"COL","Colombia","admin0","Infection Prevalence","per 100 Children",2010,0.0646928018038737
"COL","Colombia","admin0","Infection Prevalence","per 100 Children",2011,0.0299067927525059
"COL","Colombia","admin0","Infection Prevalence","per 100 Children",2012,0.028934587883699302
"COL","Colombia","admin0","Infection Prevalence","per 100 Children",2013,0.0322398459817132
"COL","Colombia","admin0","Infection Prevalence","per 100 Children",2014,0.036946741243752704
"COL","Colombia","admin0","Infection Prevalence","per 100 Children",2015,0.05567638785903051
"COL","Colombia","admin0","Infection Prevalence","per 100 Children",2016,0.0821821252422921
"COL","Colombia","admin0","Infection Prevalence","per 100 Children",2017,0.0516212028194333
"COL","Colombia","admin0","Infection Prevalence","per 100 Children",2018,0.059599447819022905
"COL","Colombia","admin0","Infection Prevalence","per 100 Children",2019,0.0775202317674744
"COL","Colombia","admin0","Infection Prevalence","per 100 Children",2020,0.06523211338608441
"COL","Colombia","admin0","Infection Prevalence","per 100 Children",2021,0.060147748039098906
"COL","Colombia","admin0","Infection Prevalence","per 100 Children",2022,0.044857793390297
"COL","Colombia","admin0","Infection Prevalence","per 100 Children",2023,0.059468398605425694
"COL","Colombia","admin0","Infection Prevalence","per 100 Children",2024,0.0698704602892047
"COL","Colombia","admin0","Infection Prevalence","per 100 Children",2025,0.068982315011276
"COM","Comoros","admin0","Incidence Rate","Cases per Thousand",2000,54.3094909363033
"COM","Comoros","admin0","Incidence Rate","Cases per Thousand",2001,59.007897126538
"COM","Comoros","admin0","Incidence Rate","Cases per Thousand",2002,78.76120685239971
"COM","Comoros","admin0","Incidence Rate","Cases per Thousand",2003,81.6637164825727
"COM","Comoros","admin0","Incidence Rate","Cases per Thousand",2004,64.8890059491531
"COM","Comoros","admin0","Incidence Rate","Cases per Thousand",2005,36.8800637587222
"COM","Comoros","admin0","Incidence Rate","Cases per Thousand",2006,91.34635291996281
"COM","Comoros","admin0","Incidence Rate","Cases per Thousand",2007,34.6332490850869
"COM","Comoros","admin0","Incidence Rate","Cases per Thousand",2008,29.460817460842
"COM","Comoros","admin0","Incidence Rate","Cases per Thousand",2009,85.3727573617483
"COM","Comoros","admin0","Incidence Rate","Cases per Thousand",2010,192.801974322181
"COM","Comoros","admin0","Incidence Rate","Cases per Thousand",2011,145.042282233256
"COM","Comoros","admin0","Incidence Rate","Cases per Thousand",2012,176.385733594966
"COM","Comoros","admin0","Incidence Rate","Cases per Thousand",2013,167.071523442134
"COM","Comoros","admin0","Incidence Rate","Cases per Thousand",2014,6.8763413187173095
"COM","Comoros","admin0","Incidence Rate","Cases per Thousand",2015,5.71639426819267
"COM","Comoros","admin0","Incidence Rate","Cases per Thousand",2016,4.35058964570506
"COM","Comoros","admin0","Incidence Rate","Cases per Thousand",2017,10.026505007147799
"COM","Comoros","admin0","Incidence Rate","Cases per Thousand",2018,42.9172720194814
"COM","Comoros","admin0","Incidence Rate","Cases per Thousand",2019,42.0907802111028
"COM","Comoros","admin0","Incidence Rate","Cases per Thousand",2020,10.3576253922201
"COM","Comoros","admin0","Incidence Rate","Cases per Thousand",2021,22.8727677647277
"COM","Comoros","admin0","Incidence Rate","Cases per Thousand",2022,46.751653943075695
"COM","Comoros","admin0","Incidence Rate","Cases per Thousand",2023,44.0199737012748
"COM","Comoros","admin0","Incidence Rate","Cases per Thousand",2024,84.6704373499519
"COM","Comoros","admin0","Incidence Rate","Cases per Thousand",2025,82.2761852355828
"COM","Comoros","admin0","Infection Prevalence","per 100 Children",2000,2.27615399786258
"COM","Comoros","admin0","Infection Prevalence","per 100 Children",2001,2.48818900066163
"COM","Comoros","admin0","Infection Prevalence","per 100 Children",2002,3.76816461003058
"COM","Comoros","admin0","Infection Prevalence","per 100 Children",2003,3.7382987266897802
"COM","Comoros","admin0","Infection Prevalence","per 100 Children",2004,2.5694098278574
"COM","Comoros","admin0","Infection Prevalence","per 100 Children",2005,1.43860183810109
"COM","Comoros","admin0","Infection Prevalence","per 100 Children",2006,3.67516949505331
"COM","Comoros","admin0","Infection Prevalence","per 100 Children",2007,1.34917444717035
"COM","Comoros","admin0","Infection Prevalence","per 100 Children",2008,1.14424455015812
"COM","Comoros","admin0","Infection Prevalence","per 100 Children",2009,3.42279378803291
"COM","Comoros","admin0","Infection Prevalence","per 100 Children",2010,8.28979180211058
"COM","Comoros","admin0","Infection Prevalence","per 100 Children",2011,6.03546462623719
"COM","Comoros","admin0","Infection Prevalence","per 100 Children",2012,7.4972455690808095
"COM","Comoros","admin0","Infection Prevalence","per 100 Children",2013,7.0569773552052695
"COM","Comoros","admin0","Infection Prevalence","per 100 Children",2014,0.263727565230924
"COM","Comoros","admin0","Infection Prevalence","per 100 Children",2015,0.219107970591366
"COM","Comoros","admin0","Infection Prevalence","per 100 Children",2016,0.166638022760236
"COM","Comoros","admin0","Infection Prevalence","per 100 Children",2017,0.384103103669919
"COM","Comoros","admin0","Infection Prevalence","per 100 Children",2018,1.6803376933673901
"COM","Comoros","admin0","Infection Prevalence","per 100 Children",2019,1.6472200531459098
"COM","Comoros","admin0","Infection Prevalence","per 100 Children",2020,0.39657344704820396
"COM","Comoros","admin0","Infection Prevalence","per 100 Children",2021,0.8850885619608231
"COM","Comoros","admin0","Infection Prevalence","per 100 Children",2022,1.8344561331807
"COM","Comoros","admin0","Infection Prevalence","per 100 Children",2023,1.7245586610599901
"COM","Comoros","admin0","Infection Prevalence","per 100 Children",2024,3.4513016200270705
"COM","Comoros","admin0","Infection Prevalence","per 100 Children",2025,3.3920795336048104
"CPV","Cape Verde","admin0","Incidence Rate","Cases per Thousand",2000,0.999059512898847
"CPV","Cape Verde","admin0","Incidence Rate","Cases per Thousand",2001,0.708091815406015
"CPV","Cape Verde","admin0","Incidence Rate","Cases per Thousand",2002,0.515334034480037
"CPV","Cape Verde","admin0","Incidence Rate","Cases per Thousand",2003,0.429200576094137
"CPV","Cape Verde","admin0","Incidence Rate","Cases per Thousand",2004,0.272029930851563
"CPV","Cape Verde","admin0","Incidence Rate","Cases per Thousand",2005,0.413731088260427
"CPV","Cape Verde","admin0","Incidence Rate","Cases per Thousand",2006,0.443845530650048
"CPV","Cape Verde","admin0","Incidence Rate","Cases per Thousand",2007,0.108316855374366
"CPV","Cape Verde","admin0","Incidence Rate","Cases per Thousand",2008,0.20425075206778098
"CPV","Cape Verde","admin0","Incidence Rate","Cases per Thousand",2009,0.379075890918934
"CPV","Cape Verde","admin0","Incidence Rate","Cases per Thousand",2010,0.365026814017407
"CPV","Cape Verde","admin0","Incidence Rate","Cases per Thousand",2011,0.0509694541590286
"CPV","Cape Verde","admin0","Incidence Rate","Cases per Thousand",2012,0.00650981190857068
"CPV","Cape Verde","admin0","Incidence Rate","Cases per Thousand",2013,0.11670174663307001
"CPV","Cape Verde","admin0","Incidence Rate","Cases per Thousand",2014,0.140661008030238
"CPV","Cape Verde","admin0","Incidence Rate","Cases per Thousand",2015,0.0400285522533755
"CPV","Cape Verde","admin0","Incidence Rate","Cases per Thousand",2016,0.281666784068657
"CPV","Cape Verde","admin0","Incidence Rate","Cases per Thousand",2017,2.27623199527148
"CPV","Cape Verde","admin0","Incidence Rate","Cases per Thousand",2018,0.0116016701713588
"CPV","Cape Verde","admin0","Incidence Rate","Cases per Thousand",2019,0.0011634683107064
"CPV","Cape Verde","admin0","Incidence Rate","Cases per Thousand",2020,0
"CPV","Cape Verde","admin0","Incidence Rate","Cases per Thousand",2021,0
"CPV","Cape Verde","admin0","Incidence Rate","Cases per Thousand",2022,0
"CPV","Cape Verde","admin0","Incidence Rate","Cases per Thousand",2023,0
"CPV","Cape Verde","admin0","Incidence Rate","Cases per Thousand",2024,0
"CPV","Cape Verde","admin0","Incidence Rate","Cases per Thousand",2025,0
"CPV","Cape Verde","admin0","Infection Prevalence","per 100 Children",2000,0.038199104823824305
"CPV","Cape Verde","admin0","Infection Prevalence","per 100 Children",2001,0.027070616114971798
"CPV","Cape Verde","admin0","Infection Prevalence","per 100 Children",2002,0.0197000514265795
"CPV","Cape Verde","admin0","Infection Prevalence","per 100 Children",2003,0.01640699246981
"CPV","Cape Verde","admin0","Infection Prevalence","per 100 Children",2004,0.010354531799539
"CPV","Cape Verde","admin0","Infection Prevalence","per 100 Children",2005,0.0158158126878232
"CPV","Cape Verde","admin0","Infection Prevalence","per 100 Children",2006,0.0169669427817596
"CPV","Cape Verde","admin0","Infection Prevalence","per 100 Children",2007,0.00430378069983705
"CPV","Cape Verde","admin0","Infection Prevalence","per 100 Children",2008,0.00748544682983302
"CPV","Cape Verde","admin0","Infection Prevalence","per 100 Children",2009,0.014489012980041101
"CPV","Cape Verde","admin0","Infection Prevalence","per 100 Children",2010,0.013951762510147899
"CPV","Cape Verde","admin0","Infection Prevalence","per 100 Children",2011,0.00660093498499501
"CPV","Cape Verde","admin0","Infection Prevalence","per 100 Children",2012,0.00659499485028832
"CPV","Cape Verde","admin0","Infection Prevalence","per 100 Children",2013,0.00432885504877332
"CPV","Cape Verde","admin0","Infection Prevalence","per 100 Children",2014,0.00533616541313353
"CPV","Cape Verde","admin0","Infection Prevalence","per 100 Children",2015,0.006595241022832631
"CPV","Cape Verde","admin0","Infection Prevalence","per 100 Children",2016,0.010731185286354401
"CPV","Cape Verde","admin0","Infection Prevalence","per 100 Children",2017,0.0870918855148027
"CPV","Cape Verde","admin0","Infection Prevalence","per 100 Children",2018,0.00659519381244243
"CPV","Cape Verde","admin0","Infection Prevalence","per 100 Children",2019,0.006595290026629711
"CPV","Cape Verde","admin0","Infection Prevalence","per 100 Children",2020,0
"CPV","Cape Verde","admin0","Infection Prevalence","per 100 Children",2021,0
"CPV","Cape Verde","admin0","Infection Prevalence","per 100 Children",2022,0
"CPV","Cape Verde","admin0","Infection Prevalence","per 100 Children",2023,0
"CPV","Cape Verde","admin0","Infection Prevalence","per 100 Children",2024,0
"CPV","Cape Verde","admin0","Infection Prevalence","per 100 Children",2025,0
"CRI","Costa Rica","admin0","Incidence Rate","Cases per Thousand",2000,0.006137263068642941
"CRI","Costa Rica","admin0","Incidence Rate","Cases per Thousand",2001,0.0014941609400594901
"CRI","Costa Rica","admin0","Incidence Rate","Cases per Thousand",2002,0.00169409483187934
"CRI","Costa Rica","admin0","Incidence Rate","Cases per Thousand",2003,0.00672281569542424
"CRI","Costa Rica","admin0","Incidence Rate","Cases per Thousand",2004,0.0027390649827513398
"CRI","Costa Rica","admin0","Incidence Rate","Cases per Thousand",2005,0.0019977270326944903
"CRI","Costa Rica","admin0","Incidence Rate","Cases per Thousand",2006,0.015571870328853502
"CRI","Costa Rica","admin0","Incidence Rate","Cases per Thousand",2007,0.00483232911370158
"CRI","Costa Rica","admin0","Incidence Rate","Cases per Thousand",2008,0
"CRI","Costa Rica","admin0","Incidence Rate","Cases per Thousand",2009,0.000874478850898605
"CRI","Costa Rica","admin0","Incidence Rate","Cases per Thousand",2010,0
"CRI","Costa Rica","admin0","Incidence Rate","Cases per Thousand",2011,0
"CRI","Costa Rica","admin0","Incidence Rate","Cases per Thousand",2012,0
"CRI","Costa Rica","admin0","Incidence Rate","Cases per Thousand",2013,0.0000017930749093566
"CRI","Costa Rica","admin0","Incidence Rate","Cases per Thousand",2014,8.85054321685409e-7
"CRI","Costa Rica","admin0","Incidence Rate","Cases per Thousand",2015,0
"CRI","Costa Rica","admin0","Incidence Rate","Cases per Thousand",2016,0
"CRI","Costa Rica","admin0","Incidence Rate","Cases per Thousand",2017,0
"CRI","Costa Rica","admin0","Incidence Rate","Cases per Thousand",2018,0.00185386645150769
"CRI","Costa Rica","admin0","Incidence Rate","Cases per Thousand",2019,0.00173531709544039
"CRI","Costa Rica","admin0","Incidence Rate","Cases per Thousand",2020,0.000484312418637846
"CRI","Costa Rica","admin0","Incidence Rate","Cases per Thousand",2021,0.0361237767533219
"CRI","Costa Rica","admin0","Incidence Rate","Cases per Thousand",2022,0.0768928789605004
"CRI","Costa Rica","admin0","Incidence Rate","Cases per Thousand",2023,0.0985305448329583
"CRI","Costa Rica","admin0","Incidence Rate","Cases per Thousand",2024,0.0450028872001456
"CRI","Costa Rica","admin0","Incidence Rate","Cases per Thousand",2025,0.0758879968871493
"CRI","Costa Rica","admin0","Infection Prevalence","per 100 Children",2000,0.00655203077725842
"CRI","Costa Rica","admin0","Infection Prevalence","per 100 Children",2001,0.00653976600403182
"CRI","Costa Rica","admin0","Infection Prevalence","per 100 Children",2002,0.006541981438659711
"CRI","Costa Rica","admin0","Infection Prevalence","per 100 Children",2003,0.006553654261344011
"CRI","Costa Rica","admin0","Infection Prevalence","per 100 Children",2004,0.00654370314764995
"CRI","Costa Rica","admin0","Infection Prevalence","per 100 Children",2005,0.00654393249004546
"CRI","Costa Rica","admin0","Infection Prevalence","per 100 Children",2006,0.00658750432745018
"CRI","Costa Rica","admin0","Infection Prevalence","per 100 Children",2007,0.006583310960393031
"CRI","Costa Rica","admin0","Infection Prevalence","per 100 Children",2008,0
"CRI","Costa Rica","admin0","Infection Prevalence","per 100 Children",2009,0.006593198074729961
"CRI","Costa Rica","admin0","Infection Prevalence","per 100 Children",2010,0
"CRI","Costa Rica","admin0","Infection Prevalence","per 100 Children",2011,0
"CRI","Costa Rica","admin0","Infection Prevalence","per 100 Children",2012,0
"CRI","Costa Rica","admin0","Infection Prevalence","per 100 Children",2013,0.006595009711833189
"CRI","Costa Rica","admin0","Infection Prevalence","per 100 Children",2014,0.00659510831647242
"CRI","Costa Rica","admin0","Infection Prevalence","per 100 Children",2015,0
"CRI","Costa Rica","admin0","Infection Prevalence","per 100 Children",2016,0
"CRI","Costa Rica","admin0","Infection Prevalence","per 100 Children",2017,0
"CRI","Costa Rica","admin0","Infection Prevalence","per 100 Children",2018,0.00659539337404049
"CRI","Costa Rica","admin0","Infection Prevalence","per 100 Children",2019,0.00659548398039022
"CRI","Costa Rica","admin0","Infection Prevalence","per 100 Children",2020,0.00659567884164928
"CRI","Costa Rica","admin0","Infection Prevalence","per 100 Children",2021,0.0065959976175141094
"CRI","Costa Rica","admin0","Infection Prevalence","per 100 Children",2022,0.0066130148591951095
"CRI","Costa Rica","admin0","Infection Prevalence","per 100 Children",2023,0.00410393050225106
"CRI","Costa Rica","admin0","Infection Prevalence","per 100 Children",2024,0.006597164751470889
"CRI","Costa Rica","admin0","Infection Prevalence","per 100 Children",2025,0.00503945492223356
"DJI","Djibouti","admin0","Incidence Rate","Cases per Thousand",2000,3.8931020034832797
"DJI","Djibouti","admin0","Incidence Rate","Cases per Thousand",2001,3.55821327044732
"DJI","Djibouti","admin0","Incidence Rate","Cases per Thousand",2002,3.8815779478008903
"DJI","Djibouti","admin0","Incidence Rate","Cases per Thousand",2003,22.3885176691584
"DJI","Djibouti","admin0","Incidence Rate","Cases per Thousand",2004,1.86691506679148
"DJI","Djibouti","admin0","Incidence Rate","Cases per Thousand",2005,3.5523868512899903
"DJI","Djibouti","admin0","Incidence Rate","Cases per Thousand",2006,10.686590935044
"DJI","Djibouti","admin0","Incidence Rate","Cases per Thousand",2007,1.90916738407817
"DJI","Djibouti","admin0","Incidence Rate","Cases per Thousand",2008,0.9707116382112819
"DJI","Djibouti","admin0","Incidence Rate","Cases per Thousand",2009,8.58672854034666
"DJI","Djibouti","admin0","Incidence Rate","Cases per Thousand",2010,2.5633171473721
"DJI","Djibouti","admin0","Incidence Rate","Cases per Thousand",2011,0.0815574875405873
"DJI","Djibouti","admin0","Incidence Rate","Cases per Thousand",2012,0.05408845580051801
"DJI","Djibouti","admin0","Incidence Rate","Cases per Thousand",2013,3.1605915019467603
"DJI","Djibouti","admin0","Incidence Rate","Cases per Thousand",2014,19.0648328532275
"DJI","Djibouti","admin0","Incidence Rate","Cases per Thousand",2015,18.0480237051958
"DJI","Djibouti","admin0","Incidence Rate","Cases per Thousand",2016,23.7361768371264
"DJI","Djibouti","admin0","Incidence Rate","Cases per Thousand",2017,18.3291963050305
"DJI","Djibouti","admin0","Incidence Rate","Cases per Thousand",2018,28.5839534412667
"DJI","Djibouti","admin0","Incidence Rate","Cases per Thousand",2019,62.3136503462656
"DJI","Djibouti","admin0","Incidence Rate","Cases per Thousand",2020,79.0684469895142
"DJI","Djibouti","admin0","Incidence Rate","Cases per Thousand",2021,70.6301341759268
"DJI","Djibouti","admin0","Incidence Rate","Cases per Thousand",2022,50.9512422604
"DJI","Djibouti","admin0","Incidence Rate","Cases per Thousand",2023,44.395041031058796
"DJI","Djibouti","admin0","Incidence Rate","Cases per Thousand",2024,37.3383273292779
"DJI","Djibouti","admin0","Incidence Rate","Cases per Thousand",2025,51.3652072389515
"DJI","Djibouti","admin0","Infection Prevalence","per 100 Children",2000,0.14911566732807902
"DJI","Djibouti","admin0","Infection Prevalence","per 100 Children",2001,0.136664029293522
"DJI","Djibouti","admin0","Infection Prevalence","per 100 Children",2002,0.14862767821675898
"DJI","Djibouti","admin0","Infection Prevalence","per 100 Children",2003,0.8659474688651321
"DJI","Djibouti","admin0","Infection Prevalence","per 100 Children",2004,0.07139710300919741
"DJI","Djibouti","admin0","Infection Prevalence","per 100 Children",2005,0.135974343080673
"DJI","Djibouti","admin0","Infection Prevalence","per 100 Children",2006,0.409108224833256
"DJI","Djibouti","admin0","Infection Prevalence","per 100 Children",2007,0.073011234106566
"DJI","Djibouti","admin0","Infection Prevalence","per 100 Children",2008,0.0371034142855691
"DJI","Djibouti","admin0","Infection Prevalence","per 100 Children",2009,0.329429940061547
"DJI","Djibouti","admin0","Infection Prevalence","per 100 Children",2010,0.0980573254131868
"DJI","Djibouti","admin0","Infection Prevalence","per 100 Children",2011,0.00626900364702354
"DJI","Djibouti","admin0","Infection Prevalence","per 100 Children",2012,0.00664970996458658
"DJI","Djibouti","admin0","Infection Prevalence","per 100 Children",2013,0.12094340338708198
"DJI","Djibouti","admin0","Infection Prevalence","per 100 Children",2014,0.73594592071272
"DJI","Djibouti","admin0","Infection Prevalence","per 100 Children",2015,0.696304261631561
"DJI","Djibouti","admin0","Infection Prevalence","per 100 Children",2016,0.918730699023098
"DJI","Djibouti","admin0","Infection Prevalence","per 100 Children",2017,0.707319594825885
"DJI","Djibouti","admin0","Infection Prevalence","per 100 Children",2018,1.10951465389359
"DJI","Djibouti","admin0","Infection Prevalence","per 100 Children",2019,2.46316731578944
"DJI","Djibouti","admin0","Infection Prevalence","per 100 Children",2020,3.15796508384177
"DJI","Djibouti","admin0","Infection Prevalence","per 100 Children",2021,2.80648021182124
"DJI","Djibouti","admin0","Infection Prevalence","per 100 Children",2022,2.0031462970061
"DJI","Djibouti","admin0","Infection Prevalence","per 100 Children",2023,1.73951572103198
"DJI","Djibouti","admin0","Infection Prevalence","per 100 Children",2024,1.45692795875914
"DJI","Djibouti","admin0","Infection Prevalence","per 100 Children",2025,2.05129822685676
"DOM","Dominican Republic","admin0","Incidence Rate","Cases per Thousand",2000,0.31793822592789
"DOM","Dominican Republic","admin0","Incidence Rate","Cases per Thousand",2001,0.28840016317285
"DOM","Dominican Republic","admin0","Incidence Rate","Cases per Thousand",2002,0.33186841189116
"DOM","Dominican Republic","admin0","Incidence Rate","Cases per Thousand",2003,0.403830022941129
"DOM","Dominican Republic","admin0","Incidence Rate","Cases per Thousand",2004,0.587565164754667
"DOM","Dominican Republic","admin0","Incidence Rate","Cases per Thousand",2005,0.881141744736045
"DOM","Dominican Republic","admin0","Incidence Rate","Cases per Thousand",2006,0.841800985091139
"DOM","Dominican Republic","admin0","Incidence Rate","Cases per Thousand",2007,0.629211286052765
"DOM","Dominican Republic","admin0","Incidence Rate","Cases per Thousand",2008,0.431547461731449
"DOM","Dominican Republic","admin0","Incidence Rate","Cases per Thousand",2009,0.40499144947582
"DOM","Dominican Republic","admin0","Incidence Rate","Cases per Thousand",2010,0.559708483952827
"DOM","Dominican Republic","admin0","Incidence Rate","Cases per Thousand",2011,0.335779184100695
"DOM","Dominican Republic","admin0","Incidence Rate","Cases per Thousand",2012,0.200353630056411
"DOM","Dominican Republic","admin0","Incidence Rate","Cases per Thousand",2013,0.10291586704462301
"DOM","Dominican Republic","admin0","Incidence Rate","Cases per Thousand",2014,0.0959947930376224
"DOM","Dominican Republic","admin0","Incidence Rate","Cases per Thousand",2015,0.126343575718736
"DOM","Dominican Republic","admin0","Incidence Rate","Cases per Thousand",2016,0.136951616576218
"DOM","Dominican Republic","admin0","Incidence Rate","Cases per Thousand",2017,0.0765123494727879
"DOM","Dominican Republic","admin0","Incidence Rate","Cases per Thousand",2018,0.0856170159245992
"DOM","Dominican Republic","admin0","Incidence Rate","Cases per Thousand",2019,0.267661073927607
"DOM","Dominican Republic","admin0","Incidence Rate","Cases per Thousand",2020,0.164242110823707
"DOM","Dominican Republic","admin0","Incidence Rate","Cases per Thousand",2021,0.0256515590150023
"DOM","Dominican Republic","admin0","Incidence Rate","Cases per Thousand",2022,0.028643781259680902
"DOM","Dominican Republic","admin0","Incidence Rate","Cases per Thousand",2023,0.022445499971936598
"DOM","Dominican Republic","admin0","Incidence Rate","Cases per Thousand",2024,0.105783231453504
"DOM","Dominican Republic","admin0","Incidence Rate","Cases per Thousand",2025,0.0629880639823151
"DOM","Dominican Republic","admin0","Infection Prevalence","per 100 Children",2000,0.0121507022433075
"DOM","Dominican Republic","admin0","Infection Prevalence","per 100 Children",2001,0.0110089056910859
"DOM","Dominican Republic","admin0","Infection Prevalence","per 100 Children",2002,0.012683608241155902
"DOM","Dominican Republic","admin0","Infection Prevalence","per 100 Children",2003,0.015434700545613201
"DOM","Dominican Republic","admin0","Infection Prevalence","per 100 Children",2004,0.0224595380725977
"DOM","Dominican Republic","admin0","Infection Prevalence","per 100 Children",2005,0.0336641892319783
"DOM","Dominican Republic","admin0","Infection Prevalence","per 100 Children",2006,0.0322007301172654
"DOM","Dominican Republic","admin0","Infection Prevalence","per 100 Children",2007,0.024046359432246398
"DOM","Dominican Republic","admin0","Infection Prevalence","per 100 Children",2008,0.0164952270022612
"DOM","Dominican Republic","admin0","Infection Prevalence","per 100 Children",2009,0.015480070646014
"DOM","Dominican Republic","admin0","Infection Prevalence","per 100 Children",2010,0.0213954243091596
"DOM","Dominican Republic","admin0","Infection Prevalence","per 100 Children",2011,0.0128337293104743
"DOM","Dominican Republic","admin0","Infection Prevalence","per 100 Children",2012,0.00716164424199209
"DOM","Dominican Republic","admin0","Infection Prevalence","per 100 Children",2013,0.00422802976343799
"DOM","Dominican Republic","admin0","Infection Prevalence","per 100 Children",2014,0.00457918376880177
"DOM","Dominican Republic","admin0","Infection Prevalence","per 100 Children",2015,0.00447907253959936
"DOM","Dominican Republic","admin0","Infection Prevalence","per 100 Children",2016,0.00513238719147432
"DOM","Dominican Republic","admin0","Infection Prevalence","per 100 Children",2017,0.006335204734763821
"DOM","Dominican Republic","admin0","Infection Prevalence","per 100 Children",2018,0.005457182662942229
"DOM","Dominican Republic","admin0","Infection Prevalence","per 100 Children",2019,0.0101852048003262
"DOM","Dominican Republic","admin0","Infection Prevalence","per 100 Children",2020,0.0064172210769898805
"DOM","Dominican Republic","admin0","Infection Prevalence","per 100 Children",2021,0.00659460040479602
"DOM","Dominican Republic","admin0","Infection Prevalence","per 100 Children",2022,0.00659462627316503
"DOM","Dominican Republic","admin0","Infection Prevalence","per 100 Children",2023,0.00659467965096437
"DOM","Dominican Republic","admin0","Infection Prevalence","per 100 Children",2024,0.00410261558653781
"DOM","Dominican Republic","admin0","Infection Prevalence","per 100 Children",2025,0.006295842067623711
"DZA","Algeria","admin0","Incidence Rate","Cases per Thousand",2000,0.00163472503522053
"DZA","Algeria","admin0","Incidence Rate","Cases per Thousand",2001,0.0010862640196109999
"DZA","Algeria","admin0","Incidence Rate","Cases per Thousand",2002,0.000918023622985832
"DZA","Algeria","admin0","Incidence Rate","Cases per Thousand",2003,0.0007773210534419991
"DZA","Algeria","admin0","Incidence Rate","Cases per Thousand",2004,0.0006857075244364801
"DZA","Algeria","admin0","Incidence Rate","Cases per Thousand",2005,0.00063434834238414
"DZA","Algeria","admin0","Incidence Rate","Cases per Thousand",2006,0.000607680464319296
"DZA","Algeria","admin0","Incidence Rate","Cases per Thousand",2007,0.0006609529794131371
"DZA","Algeria","admin0","Incidence Rate","Cases per Thousand",2008,0.000107731372384407
"DZA","Algeria","admin0","Incidence Rate","Cases per Thousand",2009,0.000104707989802903
"DZA","Algeria","admin0","Incidence Rate","Cases per Thousand",2010,0.000018889545484006297
"DZA","Algeria","admin0","Incidence Rate","Cases per Thousand",2011,0.0000743654739884064
"DZA","Algeria","admin0","Incidence Rate","Cases per Thousand",2012,0.0010791235500427802
"DZA","Algeria","admin0","Incidence Rate","Cases per Thousand",2013,0.00028778643942685
"DZA","Algeria","admin0","Incidence Rate","Cases per Thousand",2014,0
"DZA","Algeria","admin0","Incidence Rate","Cases per Thousand",2015,0
"DZA","Algeria","admin0","Incidence Rate","Cases per Thousand",2016,0
"DZA","Algeria","admin0","Incidence Rate","Cases per Thousand",2017,0
"DZA","Algeria","admin0","Incidence Rate","Cases per Thousand",2018,0
"DZA","Algeria","admin0","Incidence Rate","Cases per Thousand",2019,0
"DZA","Algeria","admin0","Incidence Rate","Cases per Thousand",2020,0
"DZA","Algeria","admin0","Incidence Rate","Cases per Thousand",2021,0
"DZA","Algeria","admin0","Incidence Rate","Cases per Thousand",2022,0
"DZA","Algeria","admin0","Incidence Rate","Cases per Thousand",2023,0
"DZA","Algeria","admin0","Incidence Rate","Cases per Thousand",2024,0
"DZA","Algeria","admin0","Incidence Rate","Cases per Thousand",2025,0
"DZA","Algeria","admin0","Infection Prevalence","per 100 Children",2000,0.00659728165419015
"DZA","Algeria","admin0","Infection Prevalence","per 100 Children",2001,0.0065972825792056196
"DZA","Algeria","admin0","Infection Prevalence","per 100 Children",2002,0.006597190011853811
"DZA","Algeria","admin0","Infection Prevalence","per 100 Children",2003,0.00659714327755757
"DZA","Algeria","admin0","Infection Prevalence","per 100 Children",2004,0.0065971214135603804
"DZA","Algeria","admin0","Infection Prevalence","per 100 Children",2005,0.00659698271882693
"DZA","Algeria","admin0","Infection Prevalence","per 100 Children",2006,0.00659689825295131
"DZA","Algeria","admin0","Infection Prevalence","per 100 Children",2007,0.00659651371083747
"DZA","Algeria","admin0","Infection Prevalence","per 100 Children",2008,0.006596055749102061
"DZA","Algeria","admin0","Infection Prevalence","per 100 Children",2009,0.006595227404584739
"DZA","Algeria","admin0","Infection Prevalence","per 100 Children",2010,0.00659493578210967
"DZA","Algeria","admin0","Infection Prevalence","per 100 Children",2011,0.0065945841241624005
"DZA","Algeria","admin0","Infection Prevalence","per 100 Children",2012,0.00659444449449194
"DZA","Algeria","admin0","Infection Prevalence","per 100 Children",2013,0.0065942847052483195
"DZA","Algeria","admin0","Infection Prevalence","per 100 Children",2014,0
"DZA","Algeria","admin0","Infection Prevalence","per 100 Children",2015,0
"DZA","Algeria","admin0","Infection Prevalence","per 100 Children",2016,0
"DZA","Algeria","admin0","Infection Prevalence","per 100 Children",2017,0
"DZA","Algeria","admin0","Infection Prevalence","per 100 Children",2018,0
"DZA","Algeria","admin0","Infection Prevalence","per 100 Children",2019,0
"DZA","Algeria","admin0","Infection Prevalence","per 100 Children",2020,0
"DZA","Algeria","admin0","Infection Prevalence","per 100 Children",2021,0
"DZA","Algeria","admin0","Infection Prevalence","per 100 Children",2022,0
"DZA","Algeria","admin0","Infection Prevalence","per 100 Children",2023,0
"DZA","Algeria","admin0","Infection Prevalence","per 100 Children",2024,0
"DZA","Algeria","admin0","Infection Prevalence","per 100 Children",2025,0
"ECU","Ecuador","admin0","Incidence Rate","Cases per Thousand",2000,8.52814163456974
"ECU","Ecuador","admin0","Incidence Rate","Cases per Thousand",2001,6.73487113183933
"ECU","Ecuador","admin0","Incidence Rate","Cases per Thousand",2002,3.71249779896134
"ECU","Ecuador","admin0","Incidence Rate","Cases per Thousand",2003,1.76985380921577
"ECU","Ecuador","admin0","Incidence Rate","Cases per Thousand",2004,1.0544739926798798
"ECU","Ecuador","admin0","Incidence Rate","Cases per Thousand",2005,0.35716755065825
"ECU","Ecuador","admin0","Incidence Rate","Cases per Thousand",2006,0.263198808987896
"ECU","Ecuador","admin0","Incidence Rate","Cases per Thousand",2007,0.182591577929168
"ECU","Ecuador","admin0","Incidence Rate","Cases per Thousand",2008,0.0570901434513306
"ECU","Ecuador","admin0","Incidence Rate","Cases per Thousand",2009,0.08021817223618441
"ECU","Ecuador","admin0","Incidence Rate","Cases per Thousand",2010,0.035013807276735004
"ECU","Ecuador","admin0","Incidence Rate","Cases per Thousand",2011,0.046400946661450795
"ECU","Ecuador","admin0","Incidence Rate","Cases per Thousand",2012,0.00985019606257323
"ECU","Ecuador","admin0","Incidence Rate","Cases per Thousand",2013,0.0203029860221571
"ECU","Ecuador","admin0","Incidence Rate","Cases per Thousand",2014,0.00518444741508535
"ECU","Ecuador","admin0","Incidence Rate","Cases per Thousand",2015,0.029619963706007998
"ECU","Ecuador","admin0","Incidence Rate","Cases per Thousand",2016,0.051455877309489605
"ECU","Ecuador","admin0","Incidence Rate","Cases per Thousand",2017,0.0369496250681904
"ECU","Ecuador","admin0","Incidence Rate","Cases per Thousand",2018,0.0170116911161438
"ECU","Ecuador","admin0","Incidence Rate","Cases per Thousand",2019,0.0262272808422024
"ECU","Ecuador","admin0","Incidence Rate","Cases per Thousand",2020,0.0273609915933673
"ECU","Ecuador","admin0","Incidence Rate","Cases per Thousand",2021,0.050262340850546705
"ECU","Ecuador","admin0","Incidence Rate","Cases per Thousand",2022,0.025036790996015298
"ECU","Ecuador","admin0","Incidence Rate","Cases per Thousand",2023,0.00380131984006773
"ECU","Ecuador","admin0","Incidence Rate","Cases per Thousand",2024,0.00521067302885813
"ECU","Ecuador","admin0","Incidence Rate","Cases per Thousand",2025,0.008994693113507011
"ECU","Ecuador","admin0","Infection Prevalence","per 100 Children",2000,0.327140930891984
"ECU","Ecuador","admin0","Infection Prevalence","per 100 Children",2001,0.258289169754342
"ECU","Ecuador","admin0","Infection Prevalence","per 100 Children",2002,0.142147203579892
"ECU","Ecuador","admin0","Infection Prevalence","per 100 Children",2003,0.0676949243214614
"ECU","Ecuador","admin0","Infection Prevalence","per 100 Children",2004,0.040318073604161196
"ECU","Ecuador","admin0","Infection Prevalence","per 100 Children",2005,0.0136517284835256
"ECU","Ecuador","admin0","Infection Prevalence","per 100 Children",2006,0.00998201612477732
"ECU","Ecuador","admin0","Infection Prevalence","per 100 Children",2007,0.006779155791396489
"ECU","Ecuador","admin0","Infection Prevalence","per 100 Children",2008,0.00660716468626916
"ECU","Ecuador","admin0","Infection Prevalence","per 100 Children",2009,0.0060096111333107
"ECU","Ecuador","admin0","Infection Prevalence","per 100 Children",2010,0.0065949106193865705
"ECU","Ecuador","admin0","Infection Prevalence","per 100 Children",2011,0.0065965334086875195
"ECU","Ecuador","admin0","Infection Prevalence","per 100 Children",2012,0.0065945808144158005
"ECU","Ecuador","admin0","Infection Prevalence","per 100 Children",2013,0.00659471756978332
"ECU","Ecuador","admin0","Infection Prevalence","per 100 Children",2014,0.00655078563833964
"ECU","Ecuador","admin0","Infection Prevalence","per 100 Children",2015,0.006585052524613769
"ECU","Ecuador","admin0","Infection Prevalence","per 100 Children",2016,0.00660019000838337
"ECU","Ecuador","admin0","Infection Prevalence","per 100 Children",2017,0.006595073037571231
"ECU","Ecuador","admin0","Infection Prevalence","per 100 Children",2018,0.00657334942017645
"ECU","Ecuador","admin0","Infection Prevalence","per 100 Children",2019,0.00659071393338816
"ECU","Ecuador","admin0","Infection Prevalence","per 100 Children",2020,0.006593895253874811
"ECU","Ecuador","admin0","Infection Prevalence","per 100 Children",2021,0.00659928324549974
"ECU","Ecuador","admin0","Infection Prevalence","per 100 Children",2022,0.0065880549140713805
"ECU","Ecuador","admin0","Infection Prevalence","per 100 Children",2023,0.0065499906740363704
"ECU","Ecuador","admin0","Infection Prevalence","per 100 Children",2024,0.00236019799985635
"ECU","Ecuador","admin0","Infection Prevalence","per 100 Children",2025,0.00176999626677386
"ERI","Eritrea","admin0","Incidence Rate","Cases per Thousand",2000,11.8195806196777
"ERI","Eritrea","admin0","Incidence Rate","Cases per Thousand",2001,26.569928489968202
"ERI","Eritrea","admin0","Incidence Rate","Cases per Thousand",2002,5.91861628053288
"ERI","Eritrea","admin0","Incidence Rate","Cases per Thousand",2003,8.29530891774294
"ERI","Eritrea","admin0","Incidence Rate","Cases per Thousand",2004,2.45223901215095
"ERI","Eritrea","admin0","Incidence Rate","Cases per Thousand",2005,4.212732348421549
"ERI","Eritrea","admin0","Incidence Rate","Cases per Thousand",2006,2.67002407996914
"ERI","Eritrea","admin0","Incidence Rate","Cases per Thousand",2007,3.89143232554946
"ERI","Eritrea","admin0","Incidence Rate","Cases per Thousand",2008,2.5010804686548
"ERI","Eritrea","admin0","Incidence Rate","Cases per Thousand",2009,2.4721215271963803
"ERI","Eritrea","admin0","Incidence Rate","Cases per Thousand",2010,8.9786715555974
"ERI","Eritrea","admin0","Incidence Rate","Cases per Thousand",2011,8.03099404473619
"ERI","Eritrea","admin0","Incidence Rate","Cases per Thousand",2012,4.59178549349327
"ERI","Eritrea","admin0","Incidence Rate","Cases per Thousand",2013,4.44938161857001
"ERI","Eritrea","admin0","Incidence Rate","Cases per Thousand",2014,11.705233702217
"ERI","Eritrea","admin0","Incidence Rate","Cases per Thousand",2015,7.31151825456929
"ERI","Eritrea","admin0","Incidence Rate","Cases per Thousand",2016,9.94695602042091
"ERI","Eritrea","admin0","Incidence Rate","Cases per Thousand",2017,10.8957972336796
"ERI","Eritrea","admin0","Incidence Rate","Cases per Thousand",2018,9.721293813176061
"ERI","Eritrea","admin0","Incidence Rate","Cases per Thousand",2019,21.5549149215759
"ERI","Eritrea","admin0","Incidence Rate","Cases per Thousand",2020,18.0776104485596
"ERI","Eritrea","admin0","Incidence Rate","Cases per Thousand",2021,10.373348300223
"ERI","Eritrea","admin0","Incidence Rate","Cases per Thousand",2022,15.1091646007923
"ERI","Eritrea","admin0","Incidence Rate","Cases per Thousand",2023,20.3037851771671
"ERI","Eritrea","admin0","Incidence Rate","Cases per Thousand",2024,34.0065963843248
"ERI","Eritrea","admin0","Incidence Rate","Cases per Thousand",2025,31.4258559827675
"ERI","Eritrea","admin0","Infection Prevalence","per 100 Children",2000,0.45516074365582204
"ERI","Eritrea","admin0","Infection Prevalence","per 100 Children",2001,1.03069916874953
"ERI","Eritrea","admin0","Infection Prevalence","per 100 Children",2002,0.227226618677871
"ERI","Eritrea","admin0","Infection Prevalence","per 100 Children",2003,0.318625169346792
"ERI","Eritrea","admin0","Infection Prevalence","per 100 Children",2004,0.0940194451437056
"ERI","Eritrea","admin0","Infection Prevalence","per 100 Children",2005,0.161444581733031
"ERI","Eritrea","admin0","Infection Prevalence","per 100 Children",2006,0.102254280879242
"ERI","Eritrea","admin0","Infection Prevalence","per 100 Children",2007,0.149087617505489
"ERI","Eritrea","admin0","Infection Prevalence","per 100 Children",2008,0.0957802142443255
"ERI","Eritrea","admin0","Infection Prevalence","per 100 Children",2009,0.0948245720923792
"ERI","Eritrea","admin0","Infection Prevalence","per 100 Children",2010,0.344928069727225
"ERI","Eritrea","admin0","Infection Prevalence","per 100 Children",2011,0.309006483041102
"ERI","Eritrea","admin0","Infection Prevalence","per 100 Children",2012,0.177703460300884
"ERI","Eritrea","admin0","Infection Prevalence","per 100 Children",2013,0.173160676318649
"ERI","Eritrea","admin0","Infection Prevalence","per 100 Children",2014,0.451060369851924
"ERI","Eritrea","admin0","Infection Prevalence","per 100 Children",2015,0.282277107941206
"ERI","Eritrea","admin0","Infection Prevalence","per 100 Children",2016,0.382084930234406
"ERI","Eritrea","admin0","Infection Prevalence","per 100 Children",2017,0.417850089985941
"ERI","Eritrea","admin0","Infection Prevalence","per 100 Children",2018,0.37327932799632
"ERI","Eritrea","admin0","Infection Prevalence","per 100 Children",2019,0.834030919466421
"ERI","Eritrea","admin0","Infection Prevalence","per 100 Children",2020,0.6981956441675959
"ERI","Eritrea","admin0","Infection Prevalence","per 100 Children",2021,0.39772032163555504
"ERI","Eritrea","admin0","Infection Prevalence","per 100 Children",2022,0.582599346616611
"ERI","Eritrea","admin0","Infection Prevalence","per 100 Children",2023,0.785014163979808
"ERI","Eritrea","admin0","Infection Prevalence","per 100 Children",2024,1.3249828396834
"ERI","Eritrea","admin0","Infection Prevalence","per 100 Children",2025,1.23422234031464
"ETH","Ethiopia","admin0","Incidence Rate","Cases per Thousand",2000,45.483587869938006
"ETH","Ethiopia","admin0","Incidence Rate","Cases per Thousand",2001,79.9167133685705
"ETH","Ethiopia","admin0","Incidence Rate","Cases per Thousand",2002,79.77241903832031
"ETH","Ethiopia","admin0","Incidence Rate","Cases per Thousand",2003,107.406072129145
"ETH","Ethiopia","admin0","Incidence Rate","Cases per Thousand",2004,157.325212997956
"ETH","Ethiopia","admin0","Incidence Rate","Cases per Thousand",2005,115.911704879208
"ETH","Ethiopia","admin0","Incidence Rate","Cases per Thousand",2006,109.422483570287
"ETH","Ethiopia","admin0","Incidence Rate","Cases per Thousand",2007,89.6299889566012
"ETH","Ethiopia","admin0","Incidence Rate","Cases per Thousand",2008,74.3198813972029
"ETH","Ethiopia","admin0","Incidence Rate","Cases per Thousand",2009,107.42493753049601
"ETH","Ethiopia","admin0","Incidence Rate","Cases per Thousand",2010,119.89495858134299
"ETH","Ethiopia","admin0","Incidence Rate","Cases per Thousand",2011,97.5101298560815
"ETH","Ethiopia","admin0","Incidence Rate","Cases per Thousand",2012,102.911647086223
"ETH","Ethiopia","admin0","Incidence Rate","Cases per Thousand",2013,121.99738609751
"ETH","Ethiopia","admin0","Incidence Rate","Cases per Thousand",2014,61.4460105959434
"ETH","Ethiopia","admin0","Incidence Rate","Cases per Thousand",2015,58.9968519419181
"ETH","Ethiopia","admin0","Incidence Rate","Cases per Thousand",2016,51.4065456864885
"ETH","Ethiopia","admin0","Incidence Rate","Cases per Thousand",2017,44.2488204701669
"ETH","Ethiopia","admin0","Incidence Rate","Cases per Thousand",2018,36.0437203079484
"ETH","Ethiopia","admin0","Incidence Rate","Cases per Thousand",2019,30.334785120640102
"ETH","Ethiopia","admin0","Incidence Rate","Cases per Thousand",2020,65.5081481884832
"ETH","Ethiopia","admin0","Incidence Rate","Cases per Thousand",2021,46.4905146352381
"ETH","Ethiopia","admin0","Incidence Rate","Cases per Thousand",2022,66.5567296296007
"ETH","Ethiopia","admin0","Incidence Rate","Cases per Thousand",2023,82.8332673362282
"ETH","Ethiopia","admin0","Incidence Rate","Cases per Thousand",2024,96.2716873882766
"ETH","Ethiopia","admin0","Incidence Rate","Cases per Thousand",2025,110.38249133176
"ETH","Ethiopia","admin0","Infection Prevalence","per 100 Children",2000,1.8069158122469902
"ETH","Ethiopia","admin0","Infection Prevalence","per 100 Children",2001,3.2256557084031803
"ETH","Ethiopia","admin0","Infection Prevalence","per 100 Children",2002,3.2167792282796897
"ETH","Ethiopia","admin0","Infection Prevalence","per 100 Children",2003,4.4253120727395805
"ETH","Ethiopia","admin0","Infection Prevalence","per 100 Children",2004,6.83850965842779
"ETH","Ethiopia","admin0","Infection Prevalence","per 100 Children",2005,4.83670431541002
"ETH","Ethiopia","admin0","Infection Prevalence","per 100 Children",2006,4.51393109857871
"ETH","Ethiopia","admin0","Infection Prevalence","per 100 Children",2007,3.64310255201131
"ETH","Ethiopia","admin0","Infection Prevalence","per 100 Children",2008,2.99394804646004
"ETH","Ethiopia","admin0","Infection Prevalence","per 100 Children",2009,4.46000651202526
"ETH","Ethiopia","admin0","Infection Prevalence","per 100 Children",2010,5.04189232198018
"ETH","Ethiopia","admin0","Infection Prevalence","per 100 Children",2011,3.97945749425459
"ETH","Ethiopia","admin0","Infection Prevalence","per 100 Children",2012,4.19732506621063
"ETH","Ethiopia","admin0","Infection Prevalence","per 100 Children",2013,5.10986178063839
"ETH","Ethiopia","admin0","Infection Prevalence","per 100 Children",2014,2.45667005984537
"ETH","Ethiopia","admin0","Infection Prevalence","per 100 Children",2015,2.3532453685276002
"ETH","Ethiopia","admin0","Infection Prevalence","per 100 Children",2016,2.0388160616208
"ETH","Ethiopia","admin0","Infection Prevalence","per 100 Children",2017,1.7459847088064102
"ETH","Ethiopia","admin0","Infection Prevalence","per 100 Children",2018,1.41237683959538
"ETH","Ethiopia","admin0","Infection Prevalence","per 100 Children",2019,1.18343551024171
"ETH","Ethiopia","admin0","Infection Prevalence","per 100 Children",2020,2.62196836059935
"ETH","Ethiopia","admin0","Infection Prevalence","per 100 Children",2021,1.8342202104554701
"ETH","Ethiopia","admin0","Infection Prevalence","per 100 Children",2022,2.6671491154345297
"ETH","Ethiopia","admin0","Infection Prevalence","per 100 Children",2023,3.3652421886278
"ETH","Ethiopia","admin0","Infection Prevalence","per 100 Children",2024,3.9601270674270204
"ETH","Ethiopia","admin0","Infection Prevalence","per 100 Children",2025,4.83166598509976
"GAB","Gabon","admin0","Incidence Rate","Cases per Thousand",2000,365.94448892066
"GAB","Gabon","admin0","Incidence Rate","Cases per Thousand",2001,355.122537562713
"GAB","Gabon","admin0","Incidence Rate","Cases per Thousand",2002,322.971893965871
"GAB","Gabon","admin0","Incidence Rate","Cases per Thousand",2003,258.941837358274
"GAB","Gabon","admin0","Incidence Rate","Cases per Thousand",2004,196.956911436003
"GAB","Gabon","admin0","Incidence Rate","Cases per Thousand",2005,158.108844514142
"GAB","Gabon","admin0","Incidence Rate","Cases per Thousand",2006,130.45029939010598
"GAB","Gabon","admin0","Incidence Rate","Cases per Thousand",2007,119.212755416625
"GAB","Gabon","admin0","Incidence Rate","Cases per Thousand",2008,122.281622427862
"GAB","Gabon","admin0","Incidence Rate","Cases per Thousand",2009,144.27854421216398
"GAB","Gabon","admin0","Incidence Rate","Cases per Thousand",2010,175.440142853084
"GAB","Gabon","admin0","Incidence Rate","Cases per Thousand",2011,194.629563337402
"GAB","Gabon","admin0","Incidence Rate","Cases per Thousand",2012,199.961126702616
"GAB","Gabon","admin0","Incidence Rate","Cases per Thousand",2013,199.269100915816
"GAB","Gabon","admin0","Incidence Rate","Cases per Thousand",2014,193.618512032704
"GAB","Gabon","admin0","Incidence Rate","Cases per Thousand",2015,185.069286661701
"GAB","Gabon","admin0","Incidence Rate","Cases per Thousand",2016,183.163571244693
"GAB","Gabon","admin0","Incidence Rate","Cases per Thousand",2017,185.420667567016
"GAB","Gabon","admin0","Incidence Rate","Cases per Thousand",2018,186.898803647873
"GAB","Gabon","admin0","Incidence Rate","Cases per Thousand",2019,190.854635812619
"GAB","Gabon","admin0","Incidence Rate","Cases per Thousand",2020,193.250190414002
"GAB","Gabon","admin0","Incidence Rate","Cases per Thousand",2021,193.784705577113
"GAB","Gabon","admin0","Incidence Rate","Cases per Thousand",2022,199.27992351556
"GAB","Gabon","admin0","Incidence Rate","Cases per Thousand",2023,193.260091288393
"GAB","Gabon","admin0","Incidence Rate","Cases per Thousand",2024,193.114777595203
"GAB","Gabon","admin0","Incidence Rate","Cases per Thousand",2025,189.115129040935
"GAB","Gabon","admin0","Infection Prevalence","per 100 Children",2000,40.9881512706825
"GAB","Gabon","admin0","Infection Prevalence","per 100 Children",2001,39.6922667287502
"GAB","Gabon","admin0","Infection Prevalence","per 100 Children",2002,34.3580862672803
"GAB","Gabon","admin0","Infection Prevalence","per 100 Children",2003,24.5087258971801
"GAB","Gabon","admin0","Infection Prevalence","per 100 Children",2004,16.6974679129725
"GAB","Gabon","admin0","Infection Prevalence","per 100 Children",2005,12.1813166253308
"GAB","Gabon","admin0","Infection Prevalence","per 100 Children",2006,9.208329626698971
"GAB","Gabon","admin0","Infection Prevalence","per 100 Children",2007,8.30312786230702
"GAB","Gabon","admin0","Infection Prevalence","per 100 Children",2008,8.731982590851441
"GAB","Gabon","admin0","Infection Prevalence","per 100 Children",2009,11.0706627530493
"GAB","Gabon","admin0","Infection Prevalence","per 100 Children",2010,14.879522164335802
"GAB","Gabon","admin0","Infection Prevalence","per 100 Children",2011,17.1465909361523
"GAB","Gabon","admin0","Infection Prevalence","per 100 Children",2012,17.5407765988635
"GAB","Gabon","admin0","Infection Prevalence","per 100 Children",2013,17.5702993643371
"GAB","Gabon","admin0","Infection Prevalence","per 100 Children",2014,16.9714898564492
"GAB","Gabon","admin0","Infection Prevalence","per 100 Children",2015,15.9424365853022
"GAB","Gabon","admin0","Infection Prevalence","per 100 Children",2016,15.85052243892
"GAB","Gabon","admin0","Infection Prevalence","per 100 Children",2017,16.033630696874198
"GAB","Gabon","admin0","Infection Prevalence","per 100 Children",2018,16.1247409237463
"GAB","Gabon","admin0","Infection Prevalence","per 100 Children",2019,16.9225741357723
"GAB","Gabon","admin0","Infection Prevalence","per 100 Children",2020,17.3527588761399
"GAB","Gabon","admin0","Infection Prevalence","per 100 Children",2021,17.249639015554198
"GAB","Gabon","admin0","Infection Prevalence","per 100 Children",2022,18.0701052107561
"GAB","Gabon","admin0","Infection Prevalence","per 100 Children",2023,17.4512312690767
"GAB","Gabon","admin0","Infection Prevalence","per 100 Children",2024,17.7950116065382
"GAB","Gabon","admin0","Infection Prevalence","per 100 Children",2025,17.9579245458803
"GEO","Georgia","admin0","Incidence Rate","Cases per Thousand",2000,0
"GEO","Georgia","admin0","Incidence Rate","Cases per Thousand",2001,0
"GEO","Georgia","admin0","Incidence Rate","Cases per Thousand",2002,0.000778917167136797
"GEO","Georgia","admin0","Incidence Rate","Cases per Thousand",2003,0.00117687010924894
"GEO","Georgia","admin0","Incidence Rate","Cases per Thousand",2004,0.000685752722068682
"GEO","Georgia","admin0","Incidence Rate","Cases per Thousand",2005,0
"GEO","Georgia","admin0","Incidence Rate","Cases per Thousand",2006,0.00057725847564106
"GEO","Georgia","admin0","Incidence Rate","Cases per Thousand",2007,0
"GEO","Georgia","admin0","Incidence Rate","Cases per Thousand",2008,0.00018195953040990598
"GEO","Georgia","admin0","Incidence Rate","Cases per Thousand",2009,0.000175587099890769
"GEO","Georgia","admin0","Incidence Rate","Cases per Thousand",2010,0
"GEO","Georgia","admin0","Incidence Rate","Cases per Thousand",2011,0
"GEO","Georgia","admin0","Incidence Rate","Cases per Thousand",2012,0
"GEO","Georgia","admin0","Incidence Rate","Cases per Thousand",2013,0
"GEO","Georgia","admin0","Incidence Rate","Cases per Thousand",2014,0
"GEO","Georgia","admin0","Incidence Rate","Cases per Thousand",2015,0
"GEO","Georgia","admin0","Incidence Rate","Cases per Thousand",2016,0
"GEO","Georgia","admin0","Incidence Rate","Cases per Thousand",2017,0
"GEO","Georgia","admin0","Incidence Rate","Cases per Thousand",2018,0
"GEO","Georgia","admin0","Incidence Rate","Cases per Thousand",2019,0
"GEO","Georgia","admin0","Incidence Rate","Cases per Thousand",2020,0
"GEO","Georgia","admin0","Incidence Rate","Cases per Thousand",2021,0
"GEO","Georgia","admin0","Incidence Rate","Cases per Thousand",2022,0
"GEO","Georgia","admin0","Incidence Rate","Cases per Thousand",2023,0
"GEO","Georgia","admin0","Incidence Rate","Cases per Thousand",2024,0
"GEO","Georgia","admin0","Incidence Rate","Cases per Thousand",2025,0
"GEO","Georgia","admin0","Infection Prevalence","per 100 Children",2000,0
"GEO","Georgia","admin0","Infection Prevalence","per 100 Children",2001,0
"GEO","Georgia","admin0","Infection Prevalence","per 100 Children",2002,0.006596624793978031
"GEO","Georgia","admin0","Infection Prevalence","per 100 Children",2003,0.0065963817205904295
"GEO","Georgia","admin0","Infection Prevalence","per 100 Children",2004,0.00659621378236808
"GEO","Georgia","admin0","Infection Prevalence","per 100 Children",2005,0
"GEO","Georgia","admin0","Infection Prevalence","per 100 Children",2006,0.0065957272686363
"GEO","Georgia","admin0","Infection Prevalence","per 100 Children",2007,0
"GEO","Georgia","admin0","Infection Prevalence","per 100 Children",2008,0.0065949532659024595
"GEO","Georgia","admin0","Infection Prevalence","per 100 Children",2009,0.0065945722693103
"GEO","Georgia","admin0","Infection Prevalence","per 100 Children",2010,0
"GEO","Georgia","admin0","Infection Prevalence","per 100 Children",2011,0
"GEO","Georgia","admin0","Infection Prevalence","per 100 Children",2012,0
"GEO","Georgia","admin0","Infection Prevalence","per 100 Children",2013,0
"GEO","Georgia","admin0","Infection Prevalence","per 100 Children",2014,0
"GEO","Georgia","admin0","Infection Prevalence","per 100 Children",2015,0
"GEO","Georgia","admin0","Infection Prevalence","per 100 Children",2016,0
"GEO","Georgia","admin0","Infection Prevalence","per 100 Children",2017,0
"GEO","Georgia","admin0","Infection Prevalence","per 100 Children",2018,0
"GEO","Georgia","admin0","Infection Prevalence","per 100 Children",2019,0
"GEO","Georgia","admin0","Infection Prevalence","per 100 Children",2020,0
"GEO","Georgia","admin0","Infection Prevalence","per 100 Children",2021,0
"GEO","Georgia","admin0","Infection Prevalence","per 100 Children",2022,0
"GEO","Georgia","admin0","Infection Prevalence","per 100 Children",2023,0
"GEO","Georgia","admin0","Infection Prevalence","per 100 Children",2024,0
"GEO","Georgia","admin0","Infection Prevalence","per 100 Children",2025,0
"GHA","Ghana","admin0","Incidence Rate","Cases per Thousand",2000,432.638814752996
"GHA","Ghana","admin0","Incidence Rate","Cases per Thousand",2001,414.51041395324
"GHA","Ghana","admin0","Incidence Rate","Cases per Thousand",2002,394.880914428193
"GHA","Ghana","admin0","Incidence Rate","Cases per Thousand",2003,366.36041418479897
"GHA","Ghana","admin0","Incidence Rate","Cases per Thousand",2004,339.351762728322
"GHA","Ghana","admin0","Incidence Rate","Cases per Thousand",2005,323.22674124670596
"GHA","Ghana","admin0","Incidence Rate","Cases per Thousand",2006,311.948114231737
"GHA","Ghana","admin0","Incidence Rate","Cases per Thousand",2007,306.900686543262
"GHA","Ghana","admin0","Incidence Rate","Cases per Thousand",2008,315.541819829402
"GHA","Ghana","admin0","Incidence Rate","Cases per Thousand",2009,340.831963959858
"GHA","Ghana","admin0","Incidence Rate","Cases per Thousand",2010,366.321381862002
"GHA","Ghana","admin0","Incidence Rate","Cases per Thousand",2011,375.073406738593
"GHA","Ghana","admin0","Incidence Rate","Cases per Thousand",2012,367.668925212709
"GHA","Ghana","admin0","Incidence Rate","Cases per Thousand",2013,345.12257997578797
"GHA","Ghana","admin0","Incidence Rate","Cases per Thousand",2014,314.51549773052
"GHA","Ghana","admin0","Incidence Rate","Cases per Thousand",2015,276.422555730141
"GHA","Ghana","admin0","Incidence Rate","Cases per Thousand",2016,245.276877894484
"GHA","Ghana","admin0","Incidence Rate","Cases per Thousand",2017,226.305585755983
"GHA","Ghana","admin0","Incidence Rate","Cases per Thousand",2018,212.857479155536
"GHA","Ghana","admin0","Incidence Rate","Cases per Thousand",2019,215.450565341237
"GHA","Ghana","admin0","Incidence Rate","Cases per Thousand",2020,219.803193912997
"GHA","Ghana","admin0","Incidence Rate","Cases per Thousand",2021,212.55400967595
"GHA","Ghana","admin0","Incidence Rate","Cases per Thousand",2022,210.955561355562
"GHA","Ghana","admin0","Incidence Rate","Cases per Thousand",2023,195.271008823519
"GHA","Ghana","admin0","Incidence Rate","Cases per Thousand",2024,196.632698461557
"GHA","Ghana","admin0","Incidence Rate","Cases per Thousand",2025,186.303579966557
"GHA","Ghana","admin0","Infection Prevalence","per 100 Children",2000,50.5503888921731
"GHA","Ghana","admin0","Infection Prevalence","per 100 Children",2001,47.6967535865622
"GHA","Ghana","admin0","Infection Prevalence","per 100 Children",2002,44.606125380282904
"GHA","Ghana","admin0","Infection Prevalence","per 100 Children",2003,40.1578196010336
"GHA","Ghana","admin0","Infection Prevalence","per 100 Children",2004,36.5097465092746
"GHA","Ghana","admin0","Infection Prevalence","per 100 Children",2005,33.9511957033288
"GHA","Ghana","admin0","Infection Prevalence","per 100 Children",2006,31.6642481126633
"GHA","Ghana","admin0","Infection Prevalence","per 100 Children",2007,30.934856306977
"GHA","Ghana","admin0","Infection Prevalence","per 100 Children",2008,32.2594191212195
"GHA","Ghana","admin0","Infection Prevalence","per 100 Children",2009,36.024640620771905
"GHA","Ghana","admin0","Infection Prevalence","per 100 Children",2010,40.555936849199696
"GHA","Ghana","admin0","Infection Prevalence","per 100 Children",2011,42.5109468179178
"GHA","Ghana","admin0","Infection Prevalence","per 100 Children",2012,41.1611283421706
"GHA","Ghana","admin0","Infection Prevalence","per 100 Children",2013,37.3946989751425
"GHA","Ghana","admin0","Infection Prevalence","per 100 Children",2014,32.3371207109586
"GHA","Ghana","admin0","Infection Prevalence","per 100 Children",2015,26.574264075864303
"GHA","Ghana","admin0","Infection Prevalence","per 100 Children",2016,22.4354871971512
"GHA","Ghana","admin0","Infection Prevalence","per 100 Children",2017,20.1323752238083
"GHA","Ghana","admin0","Infection Prevalence","per 100 Children",2018,18.676127882318998
"GHA","Ghana","admin0","Infection Prevalence","per 100 Children",2019,19.3911520101858
"GHA","Ghana","admin0","Infection Prevalence","per 100 Children",2020,19.955098153943098
"GHA","Ghana","admin0","Infection Prevalence","per 100 Children",2021,18.5445139525583
"GHA","Ghana","admin0","Infection Prevalence","per 100 Children",2022,17.816039387701498
"GHA","Ghana","admin0","Infection Prevalence","per 100 Children",2023,16.1001407436532
"GHA","Ghana","admin0","Infection Prevalence","per 100 Children",2024,16.8276077718268
"GHA","Ghana","admin0","Infection Prevalence","per 100 Children",2025,16.596159140032903
"GIN","Guinea","admin0","Incidence Rate","Cases per Thousand",2000,414.416691027735
"GIN","Guinea","admin0","Incidence Rate","Cases per Thousand",2001,411.296867009415
"GIN","Guinea","admin0","Incidence Rate","Cases per Thousand",2002,415.15003052135
"GIN","Guinea","admin0","Incidence Rate","Cases per Thousand",2003,422.914418072382
"GIN","Guinea","admin0","Incidence Rate","Cases per Thousand",2004,425.655678851195
"GIN","Guinea","admin0","Incidence Rate","Cases per Thousand",2005,422.025665600674
"GIN","Guinea","admin0","Incidence Rate","Cases per Thousand",2006,406.169721644505
"GIN","Guinea","admin0","Incidence Rate","Cases per Thousand",2007,384.762444067211
"GIN","Guinea","admin0","Incidence Rate","Cases per Thousand",2008,379.859170178923
"GIN","Guinea","admin0","Incidence Rate","Cases per Thousand",2009,395.995860040315
"GIN","Guinea","admin0","Incidence Rate","Cases per Thousand",2010,418.11122775542395
"GIN","Guinea","admin0","Incidence Rate","Cases per Thousand",2011,430.659186249504
"GIN","Guinea","admin0","Incidence Rate","Cases per Thousand",2012,432.377734150577
"GIN","Guinea","admin0","Incidence Rate","Cases per Thousand",2013,410.933586908323
"GIN","Guinea","admin0","Incidence Rate","Cases per Thousand",2014,391.975971531997
"GIN","Guinea","admin0","Incidence Rate","Cases per Thousand",2015,379.844088845282
"GIN","Guinea","admin0","Incidence Rate","Cases per Thousand",2016,362.41121579785
"GIN","Guinea","admin0","Incidence Rate","Cases per Thousand",2017,356.34454660950496
"GIN","Guinea","admin0","Incidence Rate","Cases per Thousand",2018,350.41056582493
"GIN","Guinea","admin0","Incidence Rate","Cases per Thousand",2019,321.197396664405
"GIN","Guinea","admin0","Incidence Rate","Cases per Thousand",2020,304.49374174225005
"GIN","Guinea","admin0","Incidence Rate","Cases per Thousand",2021,294.888465991964
"GIN","Guinea","admin0","Incidence Rate","Cases per Thousand",2022,286.596131860761
"GIN","Guinea","admin0","Incidence Rate","Cases per Thousand",2023,285.01239146355
"GIN","Guinea","admin0","Incidence Rate","Cases per Thousand",2024,283.776238044171
"GIN","Guinea","admin0","Incidence Rate","Cases per Thousand",2025,276.549367688247
"GIN","Guinea","admin0","Infection Prevalence","per 100 Children",2000,39.9130723416001
"GIN","Guinea","admin0","Infection Prevalence","per 100 Children",2001,39.9273267909135
"GIN","Guinea","admin0","Infection Prevalence","per 100 Children",2002,40.8877725541042
"GIN","Guinea","admin0","Infection Prevalence","per 100 Children",2003,41.9625939122125
"GIN","Guinea","admin0","Infection Prevalence","per 100 Children",2004,42.751224633351
"GIN","Guinea","admin0","Infection Prevalence","per 100 Children",2005,42.2174661905316
"GIN","Guinea","admin0","Infection Prevalence","per 100 Children",2006,39.5309209727348
"GIN","Guinea","admin0","Infection Prevalence","per 100 Children",2007,36.6765449033051
"GIN","Guinea","admin0","Infection Prevalence","per 100 Children",2008,36.0187990598348
"GIN","Guinea","admin0","Infection Prevalence","per 100 Children",2009,38.125250141952
"GIN","Guinea","admin0","Infection Prevalence","per 100 Children",2010,41.7888409843538
"GIN","Guinea","admin0","Infection Prevalence","per 100 Children",2011,43.6839634474041
"GIN","Guinea","admin0","Infection Prevalence","per 100 Children",2012,43.1980819611303
"GIN","Guinea","admin0","Infection Prevalence","per 100 Children",2013,40.1333225686364
"GIN","Guinea","admin0","Infection Prevalence","per 100 Children",2014,37.4842044619388
"GIN","Guinea","admin0","Infection Prevalence","per 100 Children",2015,35.8054420133281
"GIN","Guinea","admin0","Infection Prevalence","per 100 Children",2016,33.801117576113896
"GIN","Guinea","admin0","Infection Prevalence","per 100 Children",2017,33.0008472164322
"GIN","Guinea","admin0","Infection Prevalence","per 100 Children",2018,31.9372793225773
"GIN","Guinea","admin0","Infection Prevalence","per 100 Children",2019,28.1963160737669
"GIN","Guinea","admin0","Infection Prevalence","per 100 Children",2020,26.043404538395297
"GIN","Guinea","admin0","Infection Prevalence","per 100 Children",2021,24.7462918181878
"GIN","Guinea","admin0","Infection Prevalence","per 100 Children",2022,24.296409821740202
"GIN","Guinea","admin0","Infection Prevalence","per 100 Children",2023,24.6916965625587
"GIN","Guinea","admin0","Infection Prevalence","per 100 Children",2024,24.9298292799316
"GIN","Guinea","admin0","Infection Prevalence","per 100 Children",2025,24.912070403943503
"GMB","Gambia","admin0","Incidence Rate","Cases per Thousand",2000,111.214787965569
"GMB","Gambia","admin0","Incidence Rate","Cases per Thousand",2001,156.136430194747
"GMB","Gambia","admin0","Incidence Rate","Cases per Thousand",2002,190.334811620111
"GMB","Gambia","admin0","Incidence Rate","Cases per Thousand",2003,162.99399287306397
"GMB","Gambia","admin0","Incidence Rate","Cases per Thousand",2004,114.60223581448
"GMB","Gambia","admin0","Incidence Rate","Cases per Thousand",2005,94.0231445211243
"GMB","Gambia","admin0","Incidence Rate","Cases per Thousand",2006,119.739595122852
"GMB","Gambia","admin0","Incidence Rate","Cases per Thousand",2007,118.812616867596
"GMB","Gambia","admin0","Incidence Rate","Cases per Thousand",2008,171.43023026587701
"GMB","Gambia","admin0","Incidence Rate","Cases per Thousand",2009,155.39042963326298
"GMB","Gambia","admin0","Incidence Rate","Cases per Thousand",2010,180.17622806209198
"GMB","Gambia","admin0","Incidence Rate","Cases per Thousand",2011,305.767499574742
"GMB","Gambia","admin0","Incidence Rate","Cases per Thousand",2012,323.791458261694
"GMB","Gambia","admin0","Incidence Rate","Cases per Thousand",2013,258.899576539938
"GMB","Gambia","admin0","Incidence Rate","Cases per Thousand",2014,172.662102537745
"GMB","Gambia","admin0","Incidence Rate","Cases per Thousand",2015,227.924650517072
"GMB","Gambia","admin0","Incidence Rate","Cases per Thousand",2016,141.335070060581
"GMB","Gambia","admin0","Incidence Rate","Cases per Thousand",2017,68.63384292074561
"GMB","Gambia","admin0","Incidence Rate","Cases per Thousand",2018,78.5456176579415
"GMB","Gambia","admin0","Incidence Rate","Cases per Thousand",2019,50.196271177543395
"GMB","Gambia","admin0","Incidence Rate","Cases per Thousand",2020,83.3894348045592
"GMB","Gambia","admin0","Incidence Rate","Cases per Thousand",2021,71.71751205147051
"GMB","Gambia","admin0","Incidence Rate","Cases per Thousand",2022,107.947996830189
"GMB","Gambia","admin0","Incidence Rate","Cases per Thousand",2023,90.33358740801441
"GMB","Gambia","admin0","Incidence Rate","Cases per Thousand",2024,83.42049827016051
"GMB","Gambia","admin0","Incidence Rate","Cases per Thousand",2025,101.037421273997
"GMB","Gambia","admin0","Infection Prevalence","per 100 Children",2000,4.57880927143622
"GMB","Gambia","admin0","Infection Prevalence","per 100 Children",2001,6.543973444821891
"GMB","Gambia","admin0","Infection Prevalence","per 100 Children",2002,8.16501296895092
"GMB","Gambia","admin0","Infection Prevalence","per 100 Children",2003,6.86110571909238
"GMB","Gambia","admin0","Infection Prevalence","per 100 Children",2004,4.67491137184179
"GMB","Gambia","admin0","Infection Prevalence","per 100 Children",2005,3.78744544416627
"GMB","Gambia","admin0","Infection Prevalence","per 100 Children",2006,4.90071555260638
"GMB","Gambia","admin0","Infection Prevalence","per 100 Children",2007,4.8595029554694
"GMB","Gambia","admin0","Infection Prevalence","per 100 Children",2008,7.2576480106588095
"GMB","Gambia","admin0","Infection Prevalence","per 100 Children",2009,6.50703036392235
"GMB","Gambia","admin0","Infection Prevalence","per 100 Children",2010,7.673445360336551
"GMB","Gambia","admin0","Infection Prevalence","per 100 Children",2011,14.3754537711952
"GMB","Gambia","admin0","Infection Prevalence","per 100 Children",2012,15.469564505589
"GMB","Gambia","admin0","Infection Prevalence","per 100 Children",2013,11.692682551442001
"GMB","Gambia","admin0","Infection Prevalence","per 100 Children",2014,7.3149441772744295
"GMB","Gambia","admin0","Infection Prevalence","per 100 Children",2015,10.0484889785553
"GMB","Gambia","admin0","Infection Prevalence","per 100 Children",2016,5.86436870139615
"GMB","Gambia","admin0","Infection Prevalence","per 100 Children",2017,2.72344550894237
"GMB","Gambia","admin0","Infection Prevalence","per 100 Children",2018,3.1355109819327702
"GMB","Gambia","admin0","Infection Prevalence","per 100 Children",2019,1.97292982815541
"GMB","Gambia","admin0","Infection Prevalence","per 100 Children",2020,3.3389140027708404
"GMB","Gambia","admin0","Infection Prevalence","per 100 Children",2021,2.85170479042575
"GMB","Gambia","admin0","Infection Prevalence","per 100 Children",2022,4.38751193861126
"GMB","Gambia","admin0","Infection Prevalence","per 100 Children",2023,3.6315687366685
"GMB","Gambia","admin0","Infection Prevalence","per 100 Children",2024,3.33999944249362
"GMB","Gambia","admin0","Infection Prevalence","per 100 Children",2025,4.1554181939657004
"GNB","Guinea-Bissau","admin0","Incidence Rate","Cases per Thousand",2000,396.47542423620604
"GNB","Guinea-Bissau","admin0","Incidence Rate","Cases per Thousand",2001,320.41000025357005
"GNB","Guinea-Bissau","admin0","Incidence Rate","Cases per Thousand",2002,250.29876957528603
"GNB","Guinea-Bissau","admin0","Incidence Rate","Cases per Thousand",2003,180.918117717431
"GNB","Guinea-Bissau","admin0","Incidence Rate","Cases per Thousand",2004,118.89063326644201
"GNB","Guinea-Bissau","admin0","Incidence Rate","Cases per Thousand",2005,91.0641468704528
"GNB","Guinea-Bissau","admin0","Incidence Rate","Cases per Thousand",2006,77.1018311863585
"GNB","Guinea-Bissau","admin0","Incidence Rate","Cases per Thousand",2007,76.32764077557259
"GNB","Guinea-Bissau","admin0","Incidence Rate","Cases per Thousand",2008,87.4620236035329
"GNB","Guinea-Bissau","admin0","Incidence Rate","Cases per Thousand",2009,106.095197483983
"GNB","Guinea-Bissau","admin0","Incidence Rate","Cases per Thousand",2010,124.204001269201
"GNB","Guinea-Bissau","admin0","Incidence Rate","Cases per Thousand",2011,128.073853065724
"GNB","Guinea-Bissau","admin0","Incidence Rate","Cases per Thousand",2012,123.89724546501
"GNB","Guinea-Bissau","admin0","Incidence Rate","Cases per Thousand",2013,117.889448644802
"GNB","Guinea-Bissau","admin0","Incidence Rate","Cases per Thousand",2014,103.12244923603001
"GNB","Guinea-Bissau","admin0","Incidence Rate","Cases per Thousand",2015,88.0079813842014
"GNB","Guinea-Bissau","admin0","Incidence Rate","Cases per Thousand",2016,73.48817881944291
"GNB","Guinea-Bissau","admin0","Incidence Rate","Cases per Thousand",2017,69.7826731125694
"GNB","Guinea-Bissau","admin0","Incidence Rate","Cases per Thousand",2018,70.6612759180142
"GNB","Guinea-Bissau","admin0","Incidence Rate","Cases per Thousand",2019,85.4801920927324
"GNB","Guinea-Bissau","admin0","Incidence Rate","Cases per Thousand",2020,96.2777439769434
"GNB","Guinea-Bissau","admin0","Incidence Rate","Cases per Thousand",2021,101.147987691703
"GNB","Guinea-Bissau","admin0","Incidence Rate","Cases per Thousand",2022,100.95444858704799
"GNB","Guinea-Bissau","admin0","Incidence Rate","Cases per Thousand",2023,97.368316075524
"GNB","Guinea-Bissau","admin0","Incidence Rate","Cases per Thousand",2024,102.462518939608
"GNB","Guinea-Bissau","admin0","Incidence Rate","Cases per Thousand",2025,104.08477855648201
"GNB","Guinea-Bissau","admin0","Infection Prevalence","per 100 Children",2000,37.4487566849815
"GNB","Guinea-Bissau","admin0","Infection Prevalence","per 100 Children",2001,27.2617016734916
"GNB","Guinea-Bissau","admin0","Infection Prevalence","per 100 Children",2002,19.3792714734503
"GNB","Guinea-Bissau","admin0","Infection Prevalence","per 100 Children",2003,12.467770935407401
"GNB","Guinea-Bissau","admin0","Infection Prevalence","per 100 Children",2004,7.38608851869963
"GNB","Guinea-Bissau","admin0","Infection Prevalence","per 100 Children",2005,5.34245990008968
"GNB","Guinea-Bissau","admin0","Infection Prevalence","per 100 Children",2006,4.293491249361811
"GNB","Guinea-Bissau","admin0","Infection Prevalence","per 100 Children",2007,4.25972448165807
"GNB","Guinea-Bissau","admin0","Infection Prevalence","per 100 Children",2008,5.0659734557378195
"GNB","Guinea-Bissau","admin0","Infection Prevalence","per 100 Children",2009,6.3721323076636995
"GNB","Guinea-Bissau","admin0","Infection Prevalence","per 100 Children",2010,7.73788306537108
"GNB","Guinea-Bissau","admin0","Infection Prevalence","per 100 Children",2011,8.07308703715603
"GNB","Guinea-Bissau","admin0","Infection Prevalence","per 100 Children",2012,7.798699612045901
"GNB","Guinea-Bissau","admin0","Infection Prevalence","per 100 Children",2013,7.524223149135651
"GNB","Guinea-Bissau","admin0","Infection Prevalence","per 100 Children",2014,6.431560742720579
"GNB","Guinea-Bissau","admin0","Infection Prevalence","per 100 Children",2015,5.27522366048783
"GNB","Guinea-Bissau","admin0","Infection Prevalence","per 100 Children",2016,4.280839065179061
"GNB","Guinea-Bissau","admin0","Infection Prevalence","per 100 Children",2017,4.01296494214663
"GNB","Guinea-Bissau","admin0","Infection Prevalence","per 100 Children",2018,4.02605275419144
"GNB","Guinea-Bissau","admin0","Infection Prevalence","per 100 Children",2019,5.08276248232051
"GNB","Guinea-Bissau","admin0","Infection Prevalence","per 100 Children",2020,5.88451296170519
"GNB","Guinea-Bissau","admin0","Infection Prevalence","per 100 Children",2021,6.234828892787981
"GNB","Guinea-Bissau","admin0","Infection Prevalence","per 100 Children",2022,6.350589465543891
"GNB","Guinea-Bissau","admin0","Infection Prevalence","per 100 Children",2023,6.13055917330613
"GNB","Guinea-Bissau","admin0","Infection Prevalence","per 100 Children",2024,6.60087901638004
"GNB","Guinea-Bissau","admin0","Infection Prevalence","per 100 Children",2025,7.008028895865751
"GNQ","Equatorial Guinea","admin0","Incidence Rate","Cases per Thousand",2000,334.746876751973
"GNQ","Equatorial Guinea","admin0","Incidence Rate","Cases per Thousand",2001,331.498533524768
"GNQ","Equatorial Guinea","admin0","Incidence Rate","Cases per Thousand",2002,324.688834472475
"GNQ","Equatorial Guinea","admin0","Incidence Rate","Cases per Thousand",2003,332.359441491306
"GNQ","Equatorial Guinea","admin0","Incidence Rate","Cases per Thousand",2004,345.976295037544
"GNQ","Equatorial Guinea","admin0","Incidence Rate","Cases per Thousand",2005,357.494534106304
"GNQ","Equatorial Guinea","admin0","Incidence Rate","Cases per Thousand",2006,356.881695522404
"GNQ","Equatorial Guinea","admin0","Incidence Rate","Cases per Thousand",2007,353.96071373661596
"GNQ","Equatorial Guinea","admin0","Incidence Rate","Cases per Thousand",2008,332.50289884128995
"GNQ","Equatorial Guinea","admin0","Incidence Rate","Cases per Thousand",2009,302.16194669526
"GNQ","Equatorial Guinea","admin0","Incidence Rate","Cases per Thousand",2010,286.70568449193803
"GNQ","Equatorial Guinea","admin0","Incidence Rate","Cases per Thousand",2011,289.289167677629
"GNQ","Equatorial Guinea","admin0","Incidence Rate","Cases per Thousand",2012,311.31323652605096
"GNQ","Equatorial Guinea","admin0","Incidence Rate","Cases per Thousand",2013,331.882739390386
"GNQ","Equatorial Guinea","admin0","Incidence Rate","Cases per Thousand",2014,333.005582061648
"GNQ","Equatorial Guinea","admin0","Incidence Rate","Cases per Thousand",2015,334.302183132839
"GNQ","Equatorial Guinea","admin0","Incidence Rate","Cases per Thousand",2016,316.198530368687
"GNQ","Equatorial Guinea","admin0","Incidence Rate","Cases per Thousand",2017,291.022963608159
"GNQ","Equatorial Guinea","admin0","Incidence Rate","Cases per Thousand",2018,266.832817759499
"GNQ","Equatorial Guinea","admin0","Incidence Rate","Cases per Thousand",2019,246.479335351596
"GNQ","Equatorial Guinea","admin0","Incidence Rate","Cases per Thousand",2020,243.257901148959
"GNQ","Equatorial Guinea","admin0","Incidence Rate","Cases per Thousand",2021,237.88678275478
"GNQ","Equatorial Guinea","admin0","Incidence Rate","Cases per Thousand",2022,235.668918123217
"GNQ","Equatorial Guinea","admin0","Incidence Rate","Cases per Thousand",2023,228.456755384361
"GNQ","Equatorial Guinea","admin0","Incidence Rate","Cases per Thousand",2024,227.144948818815
"GNQ","Equatorial Guinea","admin0","Incidence Rate","Cases per Thousand",2025,224.26411485164599
"GNQ","Equatorial Guinea","admin0","Infection Prevalence","per 100 Children",2000,29.1774015462267
"GNQ","Equatorial Guinea","admin0","Infection Prevalence","per 100 Children",2001,28.9698159018747
"GNQ","Equatorial Guinea","admin0","Infection Prevalence","per 100 Children",2002,28.2642465614587
"GNQ","Equatorial Guinea","admin0","Infection Prevalence","per 100 Children",2003,29.2582398081563
"GNQ","Equatorial Guinea","admin0","Infection Prevalence","per 100 Children",2004,31.064217129040202
"GNQ","Equatorial Guinea","admin0","Infection Prevalence","per 100 Children",2005,32.819010051876305
"GNQ","Equatorial Guinea","admin0","Infection Prevalence","per 100 Children",2006,32.9314795263863
"GNQ","Equatorial Guinea","admin0","Infection Prevalence","per 100 Children",2007,32.7900998914332
"GNQ","Equatorial Guinea","admin0","Infection Prevalence","per 100 Children",2008,30.2862285006809
"GNQ","Equatorial Guinea","admin0","Infection Prevalence","per 100 Children",2009,26.8270960109328
"GNQ","Equatorial Guinea","admin0","Infection Prevalence","per 100 Children",2010,25.281233074356102
"GNQ","Equatorial Guinea","admin0","Infection Prevalence","per 100 Children",2011,25.768034098972297
"GNQ","Equatorial Guinea","admin0","Infection Prevalence","per 100 Children",2012,28.717451211058798
"GNQ","Equatorial Guinea","admin0","Infection Prevalence","per 100 Children",2013,31.7535765876714
"GNQ","Equatorial Guinea","admin0","Infection Prevalence","per 100 Children",2014,32.3755357866183
"GNQ","Equatorial Guinea","admin0","Infection Prevalence","per 100 Children",2015,32.815726022129596
"GNQ","Equatorial Guinea","admin0","Infection Prevalence","per 100 Children",2016,30.6768220834281
"GNQ","Equatorial Guinea","admin0","Infection Prevalence","per 100 Children",2017,27.6092377106813
"GNQ","Equatorial Guinea","admin0","Infection Prevalence","per 100 Children",2018,24.8241197696695
"GNQ","Equatorial Guinea","admin0","Infection Prevalence","per 100 Children",2019,22.539640125264402
"GNQ","Equatorial Guinea","admin0","Infection Prevalence","per 100 Children",2020,22.5982424026724
"GNQ","Equatorial Guinea","admin0","Infection Prevalence","per 100 Children",2021,22.2237263151392
"GNQ","Equatorial Guinea","admin0","Infection Prevalence","per 100 Children",2022,22.2165432690884
"GNQ","Equatorial Guinea","admin0","Infection Prevalence","per 100 Children",2023,21.5579564557049
"GNQ","Equatorial Guinea","admin0","Infection Prevalence","per 100 Children",2024,21.7640288496092
"GNQ","Equatorial Guinea","admin0","Infection Prevalence","per 100 Children",2025,21.7859446285969
"GTM","Guatemala","admin0","Incidence Rate","Cases per Thousand",2000,0.382752848201016
"GTM","Guatemala","admin0","Incidence Rate","Cases per Thousand",2001,0.276896032698984
"GTM","Guatemala","admin0","Incidence Rate","Cases per Thousand",2002,0.46107429161681895
"GTM","Guatemala","admin0","Incidence Rate","Cases per Thousand",2003,0.298503864872518
"GTM","Guatemala","admin0","Incidence Rate","Cases per Thousand",2004,0.19132252427552002
"GTM","Guatemala","admin0","Incidence Rate","Cases per Thousand",2005,0.241500917515723
"GTM","Guatemala","admin0","Incidence Rate","Cases per Thousand",2006,0.164874555772688
"GTM","Guatemala","admin0","Incidence Rate","Cases per Thousand",2007,0.041898223436997305
"GTM","Guatemala","admin0","Incidence Rate","Cases per Thousand",2008,0.0103201639417713
"GTM","Guatemala","admin0","Incidence Rate","Cases per Thousand",2009,0.0112964278337967
"GTM","Guatemala","admin0","Incidence Rate","Cases per Thousand",2010,0.0072222718217047
"GTM","Guatemala","admin0","Incidence Rate","Cases per Thousand",2011,0.012480904583007
"GTM","Guatemala","admin0","Incidence Rate","Cases per Thousand",2012,0.012611807644723399
"GTM","Guatemala","admin0","Incidence Rate","Cases per Thousand",2013,0.0267676432421319
"GTM","Guatemala","admin0","Incidence Rate","Cases per Thousand",2014,0.015647804091333803
"GTM","Guatemala","admin0","Incidence Rate","Cases per Thousand",2015,0.008545202075900399
"GTM","Guatemala","admin0","Incidence Rate","Cases per Thousand",2016,0.00117881158181698
"GTM","Guatemala","admin0","Incidence Rate","Cases per Thousand",2017,0
"GTM","Guatemala","admin0","Incidence Rate","Cases per Thousand",2018,0
"GTM","Guatemala","admin0","Incidence Rate","Cases per Thousand",2019,0
"GTM","Guatemala","admin0","Incidence Rate","Cases per Thousand",2020,0
"GTM","Guatemala","admin0","Incidence Rate","Cases per Thousand",2021,0
"GTM","Guatemala","admin0","Incidence Rate","Cases per Thousand",2022,0.000978469495060774
"GTM","Guatemala","admin0","Incidence Rate","Cases per Thousand",2023,0
"GTM","Guatemala","admin0","Incidence Rate","Cases per Thousand",2024,0
"GTM","Guatemala","admin0","Incidence Rate","Cases per Thousand",2025,0
"GTM","Guatemala","admin0","Infection Prevalence","per 100 Children",2000,0.0146262833518973
"GTM","Guatemala","admin0","Infection Prevalence","per 100 Children",2001,0.0105559086133146
"GTM","Guatemala","admin0","Infection Prevalence","per 100 Children",2002,0.017620301574135497
"GTM","Guatemala","admin0","Infection Prevalence","per 100 Children",2003,0.0114080085059846
"GTM","Guatemala","admin0","Infection Prevalence","per 100 Children",2004,0.0069496754397421106
"GTM","Guatemala","admin0","Infection Prevalence","per 100 Children",2005,0.00908136586567373
"GTM","Guatemala","admin0","Infection Prevalence","per 100 Children",2006,0.006419175942358741
"GTM","Guatemala","admin0","Infection Prevalence","per 100 Children",2007,0.006596692460713289
"GTM","Guatemala","admin0","Infection Prevalence","per 100 Children",2008,0.00659670631372878
"GTM","Guatemala","admin0","Infection Prevalence","per 100 Children",2009,0.006596693844179231
"GTM","Guatemala","admin0","Infection Prevalence","per 100 Children",2010,0.006596950384535319
"GTM","Guatemala","admin0","Infection Prevalence","per 100 Children",2011,0.00659693685461857
"GTM","Guatemala","admin0","Infection Prevalence","per 100 Children",2012,0.006596810478903881
"GTM","Guatemala","admin0","Infection Prevalence","per 100 Children",2013,0.00659672678969848
"GTM","Guatemala","admin0","Infection Prevalence","per 100 Children",2014,0.00659649059738918
"GTM","Guatemala","admin0","Infection Prevalence","per 100 Children",2015,0.006595997358980051
"GTM","Guatemala","admin0","Infection Prevalence","per 100 Children",2016,0.00659580990872869
"GTM","Guatemala","admin0","Infection Prevalence","per 100 Children",2017,0
"GTM","Guatemala","admin0","Infection Prevalence","per 100 Children",2018,0
"GTM","Guatemala","admin0","Infection Prevalence","per 100 Children",2019,0
"GTM","Guatemala","admin0","Infection Prevalence","per 100 Children",2020,0
"GTM","Guatemala","admin0","Infection Prevalence","per 100 Children",2021,0
"GTM","Guatemala","admin0","Infection Prevalence","per 100 Children",2022,0.00652451313946681
"GTM","Guatemala","admin0","Infection Prevalence","per 100 Children",2023,0
"GTM","Guatemala","admin0","Infection Prevalence","per 100 Children",2024,0
"GTM","Guatemala","admin0","Infection Prevalence","per 100 Children",2025,0
"GUF","French Guiana","admin0","Incidence Rate","Cases per Thousand",2000,44.3736879242453
"GUF","French Guiana","admin0","Incidence Rate","Cases per Thousand",2001,44.1932152903132
"GUF","French Guiana","admin0","Incidence Rate","Cases per Thousand",2002,36.6172832956364
"GUF","French Guiana","admin0","Incidence Rate","Cases per Thousand",2003,40.1115141552405
"GUF","French Guiana","admin0","Incidence Rate","Cases per Thousand",2004,28.876532894265402
"GUF","French Guiana","admin0","Incidence Rate","Cases per Thousand",2005,19.598970807120498
"GUF","French Guiana","admin0","Incidence Rate","Cases per Thousand",2006,20.4941224438843
"GUF","French Guiana","admin0","Incidence Rate","Cases per Thousand",2007,16.196292453870598
"GUF","French Guiana","admin0","Incidence Rate","Cases per Thousand",2008,10.5368263407366
"GUF","French Guiana","admin0","Incidence Rate","Cases per Thousand",2009,11.3203455310084
"GUF","French Guiana","admin0","Incidence Rate","Cases per Thousand",2010,9.182485111014891
"GUF","French Guiana","admin0","Incidence Rate","Cases per Thousand",2011,6.48524706701514
"GUF","French Guiana","admin0","Incidence Rate","Cases per Thousand",2012,4.50283413527552
"GUF","French Guiana","admin0","Incidence Rate","Cases per Thousand",2013,4.24664826971427
"GUF","French Guiana","admin0","Incidence Rate","Cases per Thousand",2014,2.15484541398563
"GUF","French Guiana","admin0","Incidence Rate","Cases per Thousand",2015,1.26345289200076
"GUF","French Guiana","admin0","Incidence Rate","Cases per Thousand",2016,0.690453825607833
"GUF","French Guiana","admin0","Incidence Rate","Cases per Thousand",2017,1.39683317951188
"GUF","French Guiana","admin0","Incidence Rate","Cases per Thousand",2018,0.365869528626941
"GUF","French Guiana","admin0","Incidence Rate","Cases per Thousand",2019,0.12275291711455
"GUF","French Guiana","admin0","Incidence Rate","Cases per Thousand",2020,0.0228269328492087
"GUF","French Guiana","admin0","Incidence Rate","Cases per Thousand",2021,0.005130448807814571
"GUF","French Guiana","admin0","Incidence Rate","Cases per Thousand",2022,0
"GUF","French Guiana","admin0","Incidence Rate","Cases per Thousand",2023,0.044285970998702996
"GUF","French Guiana","admin0","Incidence Rate","Cases per Thousand",2024,0
"GUF","French Guiana","admin0","Incidence Rate","Cases per Thousand",2025,0
"GUF","French Guiana","admin0","Infection Prevalence","per 100 Children",2000,1.7396315534216202
"GUF","French Guiana","admin0","Infection Prevalence","per 100 Children",2001,1.73228992893799
"GUF","French Guiana","admin0","Infection Prevalence","per 100 Children",2002,1.42919206563408
"GUF","French Guiana","admin0","Infection Prevalence","per 100 Children",2003,1.56874282593943
"GUF","French Guiana","admin0","Infection Prevalence","per 100 Children",2004,1.1217244203057
"GUF","French Guiana","admin0","Infection Prevalence","per 100 Children",2005,0.757331892402713
"GUF","French Guiana","admin0","Infection Prevalence","per 100 Children",2006,0.7923593336084399
"GUF","French Guiana","admin0","Infection Prevalence","per 100 Children",2007,0.624541540808075
"GUF","French Guiana","admin0","Infection Prevalence","per 100 Children",2008,0.403858173416601
"GUF","French Guiana","admin0","Infection Prevalence","per 100 Children",2009,0.433971108970571
"GUF","French Guiana","admin0","Infection Prevalence","per 100 Children",2010,0.352229844446308
"GUF","French Guiana","admin0","Infection Prevalence","per 100 Children",2011,0.24875547819532
"GUF","French Guiana","admin0","Infection Prevalence","per 100 Children",2012,0.17252889348078798
"GUF","French Guiana","admin0","Infection Prevalence","per 100 Children",2013,0.162689985365783
"GUF","French Guiana","admin0","Infection Prevalence","per 100 Children",2014,0.0824724088439657
"GUF","French Guiana","admin0","Infection Prevalence","per 100 Children",2015,0.0483294303538912
"GUF","French Guiana","admin0","Infection Prevalence","per 100 Children",2016,0.026401897050558402
"GUF","French Guiana","admin0","Infection Prevalence","per 100 Children",2017,0.0534371967443792
"GUF","French Guiana","admin0","Infection Prevalence","per 100 Children",2018,0.0139882225053459
"GUF","French Guiana","admin0","Infection Prevalence","per 100 Children",2019,0.00438039124641078
"GUF","French Guiana","admin0","Infection Prevalence","per 100 Children",2020,0.0065971700078926495
"GUF","French Guiana","admin0","Infection Prevalence","per 100 Children",2021,0.00659724599124765
"GUF","French Guiana","admin0","Infection Prevalence","per 100 Children",2022,0
"GUF","French Guiana","admin0","Infection Prevalence","per 100 Children",2023,0.006597471878210619
"GUF","French Guiana","admin0","Infection Prevalence","per 100 Children",2024,0
"GUF","French Guiana","admin0","Infection Prevalence","per 100 Children",2025,0
"GUY","Guyana","admin0","Incidence Rate","Cases per Thousand",2000,42.181641566984204
"GUY","Guyana","admin0","Incidence Rate","Cases per Thousand",2001,41.887758499875
"GUY","Guyana","admin0","Incidence Rate","Cases per Thousand",2002,35.916301146494895
"GUY","Guyana","admin0","Incidence Rate","Cases per Thousand",2003,41.7627753819196
"GUY","Guyana","admin0","Incidence Rate","Cases per Thousand",2004,40.588226803010805
"GUY","Guyana","admin0","Incidence Rate","Cases per Thousand",2005,50.2379399998093
"GUY","Guyana","admin0","Incidence Rate","Cases per Thousand",2006,30.8651215785596
"GUY","Guyana","admin0","Incidence Rate","Cases per Thousand",2007,15.0066525358478
"GUY","Guyana","admin0","Incidence Rate","Cases per Thousand",2008,18.3032015546991
"GUY","Guyana","admin0","Incidence Rate","Cases per Thousand",2009,19.853425458666198
"GUY","Guyana","admin0","Incidence Rate","Cases per Thousand",2010,32.339861267569795
"GUY","Guyana","admin0","Incidence Rate","Cases per Thousand",2011,48.3873412949155
"GUY","Guyana","admin0","Incidence Rate","Cases per Thousand",2012,51.641175677180804
"GUY","Guyana","admin0","Incidence Rate","Cases per Thousand",2013,56.236566484886204
"GUY","Guyana","admin0","Incidence Rate","Cases per Thousand",2014,20.2276721997643
"GUY","Guyana","admin0","Incidence Rate","Cases per Thousand",2015,16.2493641068926
"GUY","Guyana","admin0","Incidence Rate","Cases per Thousand",2016,16.5963968291649
"GUY","Guyana","admin0","Incidence Rate","Cases per Thousand",2017,20.949374272955403
"GUY","Guyana","admin0","Incidence Rate","Cases per Thousand",2018,22.2807892277073
"GUY","Guyana","admin0","Incidence Rate","Cases per Thousand",2019,17.6550452492976
"GUY","Guyana","admin0","Incidence Rate","Cases per Thousand",2020,14.8247231056027
"GUY","Guyana","admin0","Incidence Rate","Cases per Thousand",2021,15.5470589093766
"GUY","Guyana","admin0","Incidence Rate","Cases per Thousand",2022,16.8912145279531
"GUY","Guyana","admin0","Incidence Rate","Cases per Thousand",2023,23.026390014094797
"GUY","Guyana","admin0","Incidence Rate","Cases per Thousand",2024,14.0492545670652
"GUY","Guyana","admin0","Incidence Rate","Cases per Thousand",2025,19.869842821796198
"GUY","Guyana","admin0","Infection Prevalence","per 100 Children",2000,1.65417793439698
"GUY","Guyana","admin0","Infection Prevalence","per 100 Children",2001,1.6397862236561902
"GUY","Guyana","admin0","Infection Prevalence","per 100 Children",2002,1.40393444645866
"GUY","Guyana","admin0","Infection Prevalence","per 100 Children",2003,1.63629591643022
"GUY","Guyana","admin0","Infection Prevalence","per 100 Children",2004,1.58675105131374
"GUY","Guyana","admin0","Infection Prevalence","per 100 Children",2005,1.9733717363353098
"GUY","Guyana","admin0","Infection Prevalence","per 100 Children",2006,1.20160918762024
"GUY","Guyana","admin0","Infection Prevalence","per 100 Children",2007,0.578097511128194
"GUY","Guyana","admin0","Infection Prevalence","per 100 Children",2008,0.706486550534348
"GUY","Guyana","admin0","Infection Prevalence","per 100 Children",2009,0.766947308089871
"GUY","Guyana","admin0","Infection Prevalence","per 100 Children",2010,1.2583438813203098
"GUY","Guyana","admin0","Infection Prevalence","per 100 Children",2011,1.89998384435207
"GUY","Guyana","admin0","Infection Prevalence","per 100 Children",2012,2.03122344831579
"GUY","Guyana","admin0","Infection Prevalence","per 100 Children",2013,2.21664816869032
"GUY","Guyana","admin0","Infection Prevalence","per 100 Children",2014,0.781316560672111
"GUY","Guyana","admin0","Infection Prevalence","per 100 Children",2015,0.626285017103909
"GUY","Guyana","admin0","Infection Prevalence","per 100 Children",2016,0.639907470636665
"GUY","Guyana","admin0","Infection Prevalence","per 100 Children",2017,0.809482232135467
"GUY","Guyana","admin0","Infection Prevalence","per 100 Children",2018,0.861861496907999
"GUY","Guyana","admin0","Infection Prevalence","per 100 Children",2019,0.680996212722967
"GUY","Guyana","admin0","Infection Prevalence","per 100 Children",2020,0.570818643112995
"GUY","Guyana","admin0","Infection Prevalence","per 100 Children",2021,0.598881377708872
"GUY","Guyana","admin0","Infection Prevalence","per 100 Children",2022,0.651305522760389
"GUY","Guyana","admin0","Infection Prevalence","per 100 Children",2023,0.8902971527416009
"GUY","Guyana","admin0","Infection Prevalence","per 100 Children",2024,0.540598599726809
"GUY","Guyana","admin0","Infection Prevalence","per 100 Children",2025,0.7724724304405051
"HND","Honduras","admin0","Incidence Rate","Cases per Thousand",2000,0.551335490132392
"HND","Honduras","admin0","Incidence Rate","Cases per Thousand",2001,0.332019589718744
"HND","Honduras","admin0","Incidence Rate","Cases per Thousand",2002,0.214004287869448
"HND","Honduras","admin0","Incidence Rate","Cases per Thousand",2003,0.174794324252012
"HND","Honduras","admin0","Incidence Rate","Cases per Thousand",2004,0.258307668431602
"HND","Honduras","admin0","Incidence Rate","Cases per Thousand",2005,0.308216136876784
"HND","Honduras","admin0","Incidence Rate","Cases per Thousand",2006,0.21693852080711898
"HND","Honduras","admin0","Incidence Rate","Cases per Thousand",2007,0.228769365625513
"HND","Honduras","admin0","Incidence Rate","Cases per Thousand",2008,0.16058638360111602
"HND","Honduras","admin0","Incidence Rate","Cases per Thousand",2009,0.361942932114595
"HND","Honduras","admin0","Incidence Rate","Cases per Thousand",2010,0.23699090868755399
"HND","Honduras","admin0","Incidence Rate","Cases per Thousand",2011,0.146929587700278
"HND","Honduras","admin0","Incidence Rate","Cases per Thousand",2012,0.134524341146395
"HND","Honduras","admin0","Incidence Rate","Cases per Thousand",2013,0.258612209012734
"HND","Honduras","admin0","Incidence Rate","Cases per Thousand",2014,0.128221800094102
"HND","Honduras","admin0","Incidence Rate","Cases per Thousand",2015,0.201415158899906
"HND","Honduras","admin0","Incidence Rate","Cases per Thousand",2016,0.286365244910101
"HND","Honduras","admin0","Incidence Rate","Cases per Thousand",2017,0.0285256613754006
"HND","Honduras","admin0","Incidence Rate","Cases per Thousand",2018,0.0138777011444233
"HND","Honduras","admin0","Incidence Rate","Cases per Thousand",2019,0.00329528493365841
"HND","Honduras","admin0","Incidence Rate","Cases per Thousand",2020,0.0452779049790993
"HND","Honduras","admin0","Incidence Rate","Cases per Thousand",2021,0.0645490853193823
"HND","Honduras","admin0","Incidence Rate","Cases per Thousand",2022,0.11181044197307399
"HND","Honduras","admin0","Incidence Rate","Cases per Thousand",2023,0.0526869762832131
"HND","Honduras","admin0","Incidence Rate","Cases per Thousand",2024,0.0155985198088388
"HND","Honduras","admin0","Incidence Rate","Cases per Thousand",2025,0.049131004615238005
"HND","Honduras","admin0","Infection Prevalence","per 100 Children",2000,0.0210920526847285
"HND","Honduras","admin0","Infection Prevalence","per 100 Children",2001,0.0126867251012579
"HND","Honduras","admin0","Infection Prevalence","per 100 Children",2002,0.007748953533099841
"HND","Honduras","admin0","Infection Prevalence","per 100 Children",2003,0.00663560948296857
"HND","Honduras","admin0","Infection Prevalence","per 100 Children",2004,0.0098380002725485
"HND","Honduras","admin0","Infection Prevalence","per 100 Children",2005,0.0117800097646776
"HND","Honduras","admin0","Infection Prevalence","per 100 Children",2006,0.007865290328439491
"HND","Honduras","admin0","Infection Prevalence","per 100 Children",2007,0.008485448825710019
"HND","Honduras","admin0","Infection Prevalence","per 100 Children",2008,0.00644904965454563
"HND","Honduras","admin0","Infection Prevalence","per 100 Children",2009,0.013835287738331599
"HND","Honduras","admin0","Infection Prevalence","per 100 Children",2010,0.008930877236720779
"HND","Honduras","admin0","Infection Prevalence","per 100 Children",2011,0.00583820903715817
"HND","Honduras","admin0","Infection Prevalence","per 100 Children",2012,0.00490587127977739
"HND","Honduras","admin0","Infection Prevalence","per 100 Children",2013,0.00985930110089582
"HND","Honduras","admin0","Infection Prevalence","per 100 Children",2014,0.00450412246941119
"HND","Honduras","admin0","Infection Prevalence","per 100 Children",2015,0.00715531501868954
"HND","Honduras","admin0","Infection Prevalence","per 100 Children",2016,0.0109444006996156
"HND","Honduras","admin0","Infection Prevalence","per 100 Children",2017,0.00659465058371671
"HND","Honduras","admin0","Infection Prevalence","per 100 Children",2018,0.006594534923001779
"HND","Honduras","admin0","Infection Prevalence","per 100 Children",2019,0.00659444043763039
"HND","Honduras","admin0","Infection Prevalence","per 100 Children",2020,0.00659506334844265
"HND","Honduras","admin0","Infection Prevalence","per 100 Children",2021,0.00661102851973798
"HND","Honduras","admin0","Infection Prevalence","per 100 Children",2022,0.00410250462020485
"HND","Honduras","admin0","Infection Prevalence","per 100 Children",2023,0.00659474722091008
"HND","Honduras","admin0","Infection Prevalence","per 100 Children",2024,0.006594912712983499
"HND","Honduras","admin0","Infection Prevalence","per 100 Children",2025,0.0063998919203350595
"HTI","Haiti","admin0","Incidence Rate","Cases per Thousand",2000,15.305051851828999
"HTI","Haiti","admin0","Incidence Rate","Cases per Thousand",2001,9.62670152297809
"HTI","Haiti","admin0","Incidence Rate","Cases per Thousand",2002,14.4275875820598
"HTI","Haiti","admin0","Incidence Rate","Cases per Thousand",2003,14.4836478658468
"HTI","Haiti","admin0","Incidence Rate","Cases per Thousand",2004,10.1024757713264
"HTI","Haiti","admin0","Incidence Rate","Cases per Thousand",2005,17.939584904323297
"HTI","Haiti","admin0","Incidence Rate","Cases per Thousand",2006,23.9732158103905
"HTI","Haiti","admin0","Incidence Rate","Cases per Thousand",2007,20.793301906859
"HTI","Haiti","admin0","Incidence Rate","Cases per Thousand",2008,23.861050099036
"HTI","Haiti","admin0","Incidence Rate","Cases per Thousand",2009,31.8797901260183
"HTI","Haiti","admin0","Incidence Rate","Cases per Thousand",2010,43.8786391382719
"HTI","Haiti","admin0","Incidence Rate","Cases per Thousand",2011,20.7892869390444
"HTI","Haiti","admin0","Incidence Rate","Cases per Thousand",2012,16.657208445714
"HTI","Haiti","admin0","Incidence Rate","Cases per Thousand",2013,14.7193035026159
"HTI","Haiti","admin0","Incidence Rate","Cases per Thousand",2014,9.246880660692069
"HTI","Haiti","admin0","Incidence Rate","Cases per Thousand",2015,8.12571425286835
"HTI","Haiti","admin0","Incidence Rate","Cases per Thousand",2016,8.5131727426079
"HTI","Haiti","admin0","Incidence Rate","Cases per Thousand",2017,7.6136575533669895
"HTI","Haiti","admin0","Incidence Rate","Cases per Thousand",2018,3.84586879505287
"HTI","Haiti","admin0","Incidence Rate","Cases per Thousand",2019,4.513927227909759
"HTI","Haiti","admin0","Incidence Rate","Cases per Thousand",2020,9.144832161980599
"HTI","Haiti","admin0","Incidence Rate","Cases per Thousand",2021,4.51476072446171
"HTI","Haiti","admin0","Incidence Rate","Cases per Thousand",2022,6.4003243398350405
"HTI","Haiti","admin0","Incidence Rate","Cases per Thousand",2023,5.67777383009586
"HTI","Haiti","admin0","Incidence Rate","Cases per Thousand",2024,16.3207248698211
"HTI","Haiti","admin0","Incidence Rate","Cases per Thousand",2025,13.152802781232099
"HTI","Haiti","admin0","Infection Prevalence","per 100 Children",2000,0.5893305057232779
"HTI","Haiti","admin0","Infection Prevalence","per 100 Children",2001,0.36898630093588297
"HTI","Haiti","admin0","Infection Prevalence","per 100 Children",2002,0.558594844125323
"HTI","Haiti","admin0","Infection Prevalence","per 100 Children",2003,0.5629121127905861
"HTI","Haiti","admin0","Infection Prevalence","per 100 Children",2004,0.387220471772886
"HTI","Haiti","admin0","Infection Prevalence","per 100 Children",2005,0.692188668483616
"HTI","Haiti","admin0","Infection Prevalence","per 100 Children",2006,0.928384343948071
"HTI","Haiti","admin0","Infection Prevalence","per 100 Children",2007,0.8037091454995199
"HTI","Haiti","admin0","Infection Prevalence","per 100 Children",2008,0.923974691723814
"HTI","Haiti","admin0","Infection Prevalence","per 100 Children",2009,1.24003077269993
"HTI","Haiti","admin0","Infection Prevalence","per 100 Children",2010,1.7193748278343701
"HTI","Haiti","admin0","Infection Prevalence","per 100 Children",2011,0.803423684966908
"HTI","Haiti","admin0","Infection Prevalence","per 100 Children",2012,0.642229828048995
"HTI","Haiti","admin0","Infection Prevalence","per 100 Children",2013,0.5666142424505509
"HTI","Haiti","admin0","Infection Prevalence","per 100 Children",2014,0.35443505527310104
"HTI","Haiti","admin0","Infection Prevalence","per 100 Children",2015,0.31158618452764303
"HTI","Haiti","admin0","Infection Prevalence","per 100 Children",2016,0.326448040604872
"HTI","Haiti","admin0","Infection Prevalence","per 100 Children",2017,0.292007212484313
"HTI","Haiti","admin0","Infection Prevalence","per 100 Children",2018,0.14724909799878602
"HTI","Haiti","admin0","Infection Prevalence","per 100 Children",2019,0.172893314223774
"HTI","Haiti","admin0","Infection Prevalence","per 100 Children",2020,0.350603842993225
"HTI","Haiti","admin0","Infection Prevalence","per 100 Children",2021,0.172928260675148
"HTI","Haiti","admin0","Infection Prevalence","per 100 Children",2022,0.24540869494623402
"HTI","Haiti","admin0","Infection Prevalence","per 100 Children",2023,0.21761710548955202
"HTI","Haiti","admin0","Infection Prevalence","per 100 Children",2024,0.629130425243549
"HTI","Haiti","admin0","Infection Prevalence","per 100 Children",2025,0.507841523437822
"IDN","Indonesia","admin0","Incidence Rate","Cases per Thousand",2000,1.3603671424772001
"IDN","Indonesia","admin0","Incidence Rate","Cases per Thousand",2001,1.25097404838097
"IDN","Indonesia","admin0","Incidence Rate","Cases per Thousand",2002,1.29345972507741
"IDN","Indonesia","admin0","Incidence Rate","Cases per Thousand",2003,1.18538546107465
"IDN","Indonesia","admin0","Incidence Rate","Cases per Thousand",2004,2.10088903475191
"IDN","Indonesia","admin0","Incidence Rate","Cases per Thousand",2005,2.23352947654256
"IDN","Indonesia","admin0","Incidence Rate","Cases per Thousand",2006,2.80972876538647
"IDN","Indonesia","admin0","Incidence Rate","Cases per Thousand",2007,2.63656899379791
"IDN","Indonesia","admin0","Incidence Rate","Cases per Thousand",2008,2.2307526896538
"IDN","Indonesia","admin0","Incidence Rate","Cases per Thousand",2009,3.30261498523275
"IDN","Indonesia","admin0","Incidence Rate","Cases per Thousand",2010,3.34382950293741
"IDN","Indonesia","admin0","Incidence Rate","Cases per Thousand",2011,2.66855082678715
"IDN","Indonesia","admin0","Incidence Rate","Cases per Thousand",2012,2.67534495549262
"IDN","Indonesia","admin0","Incidence Rate","Cases per Thousand",2013,2.35863180256451
"IDN","Indonesia","admin0","Incidence Rate","Cases per Thousand",2014,1.62074001050592
"IDN","Indonesia","admin0","Incidence Rate","Cases per Thousand",2015,1.3878784092206702
"IDN","Indonesia","admin0","Incidence Rate","Cases per Thousand",2016,1.50951147168832
"IDN","Indonesia","admin0","Incidence Rate","Cases per Thousand",2017,1.48700074276504
"IDN","Indonesia","admin0","Incidence Rate","Cases per Thousand",2018,1.31742127517818
"IDN","Indonesia","admin0","Incidence Rate","Cases per Thousand",2019,1.5762420185500898
"IDN","Indonesia","admin0","Incidence Rate","Cases per Thousand",2020,1.8399761272750699
"IDN","Indonesia","admin0","Incidence Rate","Cases per Thousand",2021,1.69617694611676
"IDN","Indonesia","admin0","Incidence Rate","Cases per Thousand",2022,2.14688387625504
"IDN","Indonesia","admin0","Incidence Rate","Cases per Thousand",2023,2.08582474961256
"IDN","Indonesia","admin0","Incidence Rate","Cases per Thousand",2024,2.5749708647568204
"IDN","Indonesia","admin0","Incidence Rate","Cases per Thousand",2025,2.58750664287657
"IDN","Indonesia","admin0","Infection Prevalence","per 100 Children",2000,0.06599767366284551
"IDN","Indonesia","admin0","Infection Prevalence","per 100 Children",2001,0.06080785580985779
"IDN","Indonesia","admin0","Infection Prevalence","per 100 Children",2002,0.061254125485583
"IDN","Indonesia","admin0","Infection Prevalence","per 100 Children",2003,0.055547584690099405
"IDN","Indonesia","admin0","Infection Prevalence","per 100 Children",2004,0.0823724639277943
"IDN","Indonesia","admin0","Infection Prevalence","per 100 Children",2005,0.0922695156308162
"IDN","Indonesia","admin0","Infection Prevalence","per 100 Children",2006,0.10915311387487399
"IDN","Indonesia","admin0","Infection Prevalence","per 100 Children",2007,0.10389154710431402
"IDN","Indonesia","admin0","Infection Prevalence","per 100 Children",2008,0.0866945384741986
"IDN","Indonesia","admin0","Infection Prevalence","per 100 Children",2009,0.129185186309244
"IDN","Indonesia","admin0","Infection Prevalence","per 100 Children",2010,0.13331162905272
"IDN","Indonesia","admin0","Infection Prevalence","per 100 Children",2011,0.105084403041475
"IDN","Indonesia","admin0","Infection Prevalence","per 100 Children",2012,0.10694086926519399
"IDN","Indonesia","admin0","Infection Prevalence","per 100 Children",2013,0.0979269127392459
"IDN","Indonesia","admin0","Infection Prevalence","per 100 Children",2014,0.0661430107453408
"IDN","Indonesia","admin0","Infection Prevalence","per 100 Children",2015,0.0561676196846114
"IDN","Indonesia","admin0","Infection Prevalence","per 100 Children",2016,0.0610305393953401
"IDN","Indonesia","admin0","Infection Prevalence","per 100 Children",2017,0.0668393257194448
"IDN","Indonesia","admin0","Infection Prevalence","per 100 Children",2018,0.0593224298126621
"IDN","Indonesia","admin0","Infection Prevalence","per 100 Children",2019,0.0737117728789348
"IDN","Indonesia","admin0","Infection Prevalence","per 100 Children",2020,0.0782945433142323
"IDN","Indonesia","admin0","Infection Prevalence","per 100 Children",2021,0.07212233468159131
"IDN","Indonesia","admin0","Infection Prevalence","per 100 Children",2022,0.0959887742045491
"IDN","Indonesia","admin0","Infection Prevalence","per 100 Children",2023,0.0881105378834654
"IDN","Indonesia","admin0","Infection Prevalence","per 100 Children",2024,0.11528490463357799
"IDN","Indonesia","admin0","Infection Prevalence","per 100 Children",2025,0.119362010183459
"IND","India","admin0","Incidence Rate","Cases per Thousand",2000,10.6775772612685
"IND","India","admin0","Incidence Rate","Cases per Thousand",2001,10.0132277847531
"IND","India","admin0","Incidence Rate","Cases per Thousand",2002,9.22335319966439
"IND","India","admin0","Incidence Rate","Cases per Thousand",2003,8.93500352238367
"IND","India","admin0","Incidence Rate","Cases per Thousand",2004,9.68472821527766
"IND","India","admin0","Incidence Rate","Cases per Thousand",2005,9.26690423408303
"IND","India","admin0","Incidence Rate","Cases per Thousand",2006,7.6934369207130695
"IND","India","admin0","Incidence Rate","Cases per Thousand",2007,6.91499691485813
"IND","India","admin0","Incidence Rate","Cases per Thousand",2008,6.8957982734237
"IND","India","admin0","Incidence Rate","Cases per Thousand",2009,6.9074955551290405
"IND","India","admin0","Incidence Rate","Cases per Thousand",2010,6.23018706699764
"IND","India","admin0","Incidence Rate","Cases per Thousand",2011,4.94941659612732
"IND","India","admin0","Incidence Rate","Cases per Thousand",2012,3.77320369815243
"IND","India","admin0","Incidence Rate","Cases per Thousand",2013,2.64959157795553
"IND","India","admin0","Incidence Rate","Cases per Thousand",2014,3.45557513642575
"IND","India","admin0","Incidence Rate","Cases per Thousand",2015,3.54606514640697
"IND","India","admin0","Incidence Rate","Cases per Thousand",2016,2.4270281950237202
"IND","India","admin0","Incidence Rate","Cases per Thousand",2017,1.49429728306229
"IND","India","admin0","Incidence Rate","Cases per Thousand",2018,1.0893936023942299
"IND","India","admin0","Incidence Rate","Cases per Thousand",2019,0.919617842451295
"IND","India","admin0","Incidence Rate","Cases per Thousand",2020,1.07851991018217
"IND","India","admin0","Incidence Rate","Cases per Thousand",2021,1.10553838240977
"IND","India","admin0","Incidence Rate","Cases per Thousand",2022,0.76478693516568
"IND","India","admin0","Incidence Rate","Cases per Thousand",2023,0.7078560080221661
"IND","India","admin0","Incidence Rate","Cases per Thousand",2024,0.7914279848386591
"IND","India","admin0","Incidence Rate","Cases per Thousand",2025,0.925024486685415
"IND","India","admin0","Infection Prevalence","per 100 Children",2000,0.421200079858224
"IND","India","admin0","Infection Prevalence","per 100 Children",2001,0.392612355711661
"IND","India","admin0","Infection Prevalence","per 100 Children",2002,0.360501217025538
"IND","India","admin0","Infection Prevalence","per 100 Children",2003,0.34816965024729296
"IND","India","admin0","Infection Prevalence","per 100 Children",2004,0.376879226435998
"IND","India","admin0","Infection Prevalence","per 100 Children",2005,0.360689871839814
"IND","India","admin0","Infection Prevalence","per 100 Children",2006,0.298878850368129
"IND","India","admin0","Infection Prevalence","per 100 Children",2007,0.268365236464833
"IND","India","admin0","Infection Prevalence","per 100 Children",2008,0.268091473316221
"IND","India","admin0","Infection Prevalence","per 100 Children",2009,0.268454495930108
"IND","India","admin0","Infection Prevalence","per 100 Children",2010,0.24149283422772602
"IND","India","admin0","Infection Prevalence","per 100 Children",2011,0.191216204133873
"IND","India","admin0","Infection Prevalence","per 100 Children",2012,0.145613949241943
"IND","India","admin0","Infection Prevalence","per 100 Children",2013,0.10482441286236201
"IND","India","admin0","Infection Prevalence","per 100 Children",2014,0.137427506349044
"IND","India","admin0","Infection Prevalence","per 100 Children",2015,0.140374306559286
"IND","India","admin0","Infection Prevalence","per 100 Children",2016,0.0950591109427782
"IND","India","admin0","Infection Prevalence","per 100 Children",2017,0.058735566644991695
"IND","India","admin0","Infection Prevalence","per 100 Children",2018,0.0428645730686013
"IND","India","admin0","Infection Prevalence","per 100 Children",2019,0.0363395930988357
"IND","India","admin0","Infection Prevalence","per 100 Children",2020,0.0431946235057633
"IND","India","admin0","Infection Prevalence","per 100 Children",2021,0.0449778210014641
"IND","India","admin0","Infection Prevalence","per 100 Children",2022,0.0327707156935807
"IND","India","admin0","Infection Prevalence","per 100 Children",2023,0.0304751562164555
"IND","India","admin0","Infection Prevalence","per 100 Children",2024,0.0334253481806761
"IND","India","admin0","Infection Prevalence","per 100 Children",2025,0.0386546351956007
"IRN","Iran","admin0","Incidence Rate","Cases per Thousand",2000,0.0643271384723631
"IRN","Iran","admin0","Incidence Rate","Cases per Thousand",2001,0.0401438922261192
"IRN","Iran","admin0","Incidence Rate","Cases per Thousand",2002,0.0581516126377618
"IRN","Iran","admin0","Incidence Rate","Cases per Thousand",2003,0.126056912114353
"IRN","Iran","admin0","Incidence Rate","Cases per Thousand",2004,0.029153336945671602
"IRN","Iran","admin0","Incidence Rate","Cases per Thousand",2005,0.0651806858363425
"IRN","Iran","admin0","Incidence Rate","Cases per Thousand",2006,0.0373699448364579
"IRN","Iran","admin0","Incidence Rate","Cases per Thousand",2007,0.0453685515216476
"IRN","Iran","admin0","Incidence Rate","Cases per Thousand",2008,0.030677398602732
"IRN","Iran","admin0","Incidence Rate","Cases per Thousand",2009,0.00613267379775208
"IRN","Iran","admin0","Incidence Rate","Cases per Thousand",2010,0.00244872083287933
"IRN","Iran","admin0","Incidence Rate","Cases per Thousand",2011,0.002584567844263
"IRN","Iran","admin0","Incidence Rate","Cases per Thousand",2012,0.0009278921899547111
"IRN","Iran","admin0","Incidence Rate","Cases per Thousand",2013,0.00113192749882112
"IRN","Iran","admin0","Incidence Rate","Cases per Thousand",2014,0.000306246111387737
"IRN","Iran","admin0","Incidence Rate","Cases per Thousand",2015,0.0000940543381614633
"IRN","Iran","admin0","Incidence Rate","Cases per Thousand",2016,0
"IRN","Iran","admin0","Incidence Rate","Cases per Thousand",2017,0.0000254183890867252
"IRN","Iran","admin0","Incidence Rate","Cases per Thousand",2018,0.0000386529440837159
"IRN","Iran","admin0","Incidence Rate","Cases per Thousand",2019,0.00013823450030093102
"IRN","Iran","admin0","Incidence Rate","Cases per Thousand",2020,0.000286543232088243
"IRN","Iran","admin0","Incidence Rate","Cases per Thousand",2021,0.000293512332583832
"IRN","Iran","admin0","Incidence Rate","Cases per Thousand",2022,0.00214516685443056
"IRN","Iran","admin0","Incidence Rate","Cases per Thousand",2023,0.008186771543198018
"IRN","Iran","admin0","Incidence Rate","Cases per Thousand",2024,0.0054065508649967205
"IRN","Iran","admin0","Incidence Rate","Cases per Thousand",2025,0.00706725529501893
"IRN","Iran","admin0","Infection Prevalence","per 100 Children",2000,0.00829267889355332
"IRN","Iran","admin0","Infection Prevalence","per 100 Children",2001,0.0069247803502255805
"IRN","Iran","admin0","Infection Prevalence","per 100 Children",2002,0.0063794074269526895
"IRN","Iran","admin0","Infection Prevalence","per 100 Children",2003,0.009602748223981111
"IRN","Iran","admin0","Infection Prevalence","per 100 Children",2004,0.005451957287035031
"IRN","Iran","admin0","Infection Prevalence","per 100 Children",2005,0.0063280614633550005
"IRN","Iran","admin0","Infection Prevalence","per 100 Children",2006,0.00489030354916796
"IRN","Iran","admin0","Infection Prevalence","per 100 Children",2007,0.00573100402210163
"IRN","Iran","admin0","Infection Prevalence","per 100 Children",2008,0.00481373417937803
"IRN","Iran","admin0","Infection Prevalence","per 100 Children",2009,0.00392026847188272
"IRN","Iran","admin0","Infection Prevalence","per 100 Children",2010,0.00383118202418386
"IRN","Iran","admin0","Infection Prevalence","per 100 Children",2011,0.00372473755526447
"IRN","Iran","admin0","Infection Prevalence","per 100 Children",2012,0.0034565328517331398
"IRN","Iran","admin0","Infection Prevalence","per 100 Children",2013,0.00331338250674108
"IRN","Iran","admin0","Infection Prevalence","per 100 Children",2014,0.00353944968401241
"IRN","Iran","admin0","Infection Prevalence","per 100 Children",2015,0.00292340540426533
"IRN","Iran","admin0","Infection Prevalence","per 100 Children",2016,0
"IRN","Iran","admin0","Infection Prevalence","per 100 Children",2017,0.00293316132499643
"IRN","Iran","admin0","Infection Prevalence","per 100 Children",2018,0.00294934053970339
"IRN","Iran","admin0","Infection Prevalence","per 100 Children",2019,0.00295826351164262
"IRN","Iran","admin0","Infection Prevalence","per 100 Children",2020,0.00297717034391199
"IRN","Iran","admin0","Infection Prevalence","per 100 Children",2021,0.00298311426550371
"IRN","Iran","admin0","Infection Prevalence","per 100 Children",2022,0.00303698020792092
"IRN","Iran","admin0","Infection Prevalence","per 100 Children",2023,0.00304306929477911
"IRN","Iran","admin0","Infection Prevalence","per 100 Children",2024,0.00306288984674082
"IRN","Iran","admin0","Infection Prevalence","per 100 Children",2025,0.00307028911172079
"IRQ","Iraq","admin0","Incidence Rate","Cases per Thousand",2000,0.0186676157124357
"IRQ","Iraq","admin0","Incidence Rate","Cases per Thousand",2001,0.012009057764192501
"IRQ","Iraq","admin0","Incidence Rate","Cases per Thousand",2002,0.008664451715837759
"IRQ","Iraq","admin0","Incidence Rate","Cases per Thousand",2003,0.00013401747168290202
"IRQ","Iraq","admin0","Incidence Rate","Cases per Thousand",2004,0.00012388889614745402
"IRQ","Iraq","admin0","Incidence Rate","Cases per Thousand",2005,0
"IRQ","Iraq","admin0","Incidence Rate","Cases per Thousand",2006,0
"IRQ","Iraq","admin0","Incidence Rate","Cases per Thousand",2007,0
"IRQ","Iraq","admin0","Incidence Rate","Cases per Thousand",2008,0.0000109420622039559
"IRQ","Iraq","admin0","Incidence Rate","Cases per Thousand",2009,0
"IRQ","Iraq","admin0","Incidence Rate","Cases per Thousand",2010,0
"IRQ","Iraq","admin0","Incidence Rate","Cases per Thousand",2011,0
"IRQ","Iraq","admin0","Incidence Rate","Cases per Thousand",2012,0
"IRQ","Iraq","admin0","Incidence Rate","Cases per Thousand",2013,0
"IRQ","Iraq","admin0","Incidence Rate","Cases per Thousand",2014,0
"IRQ","Iraq","admin0","Incidence Rate","Cases per Thousand",2015,0
"IRQ","Iraq","admin0","Incidence Rate","Cases per Thousand",2016,0
"IRQ","Iraq","admin0","Incidence Rate","Cases per Thousand",2017,0
"IRQ","Iraq","admin0","Incidence Rate","Cases per Thousand",2018,0
"IRQ","Iraq","admin0","Incidence Rate","Cases per Thousand",2019,0
"IRQ","Iraq","admin0","Incidence Rate","Cases per Thousand",2020,0
"IRQ","Iraq","admin0","Incidence Rate","Cases per Thousand",2021,0
"IRQ","Iraq","admin0","Incidence Rate","Cases per Thousand",2022,0
"IRQ","Iraq","admin0","Incidence Rate","Cases per Thousand",2023,0
"IRQ","Iraq","admin0","Incidence Rate","Cases per Thousand",2024,0
"IRQ","Iraq","admin0","Incidence Rate","Cases per Thousand",2025,0
"IRQ","Iraq","admin0","Infection Prevalence","per 100 Children",2000,0.00659100751916158
"IRQ","Iraq","admin0","Infection Prevalence","per 100 Children",2001,0.00659171367003565
"IRQ","Iraq","admin0","Infection Prevalence","per 100 Children",2002,0.0065995578791666
"IRQ","Iraq","admin0","Infection Prevalence","per 100 Children",2003,0.006576908845523639
"IRQ","Iraq","admin0","Infection Prevalence","per 100 Children",2004,0.00657690779901403
"IRQ","Iraq","admin0","Infection Prevalence","per 100 Children",2005,0
"IRQ","Iraq","admin0","Infection Prevalence","per 100 Children",2006,0
"IRQ","Iraq","admin0","Infection Prevalence","per 100 Children",2007,0
"IRQ","Iraq","admin0","Infection Prevalence","per 100 Children",2008,0.0065984729192876896
"IRQ","Iraq","admin0","Infection Prevalence","per 100 Children",2009,0
"IRQ","Iraq","admin0","Infection Prevalence","per 100 Children",2010,0
"IRQ","Iraq","admin0","Infection Prevalence","per 100 Children",2011,0
"IRQ","Iraq","admin0","Infection Prevalence","per 100 Children",2012,0
"IRQ","Iraq","admin0","Infection Prevalence","per 100 Children",2013,0
"IRQ","Iraq","admin0","Infection Prevalence","per 100 Children",2014,0
"IRQ","Iraq","admin0","Infection Prevalence","per 100 Children",2015,0
"IRQ","Iraq","admin0","Infection Prevalence","per 100 Children",2016,0
"IRQ","Iraq","admin0","Infection Prevalence","per 100 Children",2017,0
"IRQ","Iraq","admin0","Infection Prevalence","per 100 Children",2018,0
"IRQ","Iraq","admin0","Infection Prevalence","per 100 Children",2019,0
"IRQ","Iraq","admin0","Infection Prevalence","per 100 Children",2020,0
"IRQ","Iraq","admin0","Infection Prevalence","per 100 Children",2021,0
"IRQ","Iraq","admin0","Infection Prevalence","per 100 Children",2022,0
"IRQ","Iraq","admin0","Infection Prevalence","per 100 Children",2023,0
"IRQ","Iraq","admin0","Infection Prevalence","per 100 Children",2024,0
"IRQ","Iraq","admin0","Infection Prevalence","per 100 Children",2025,0
"KEN","Kenya","admin0","Incidence Rate","Cases per Thousand",2000,219.05397994082801
"KEN","Kenya","admin0","Incidence Rate","Cases per Thousand",2001,243.757845573401
"KEN","Kenya","admin0","Incidence Rate","Cases per Thousand",2002,228.410643962633
"KEN","Kenya","admin0","Incidence Rate","Cases per Thousand",2003,220.750075796097
"KEN","Kenya","admin0","Incidence Rate","Cases per Thousand",2004,184.940178952307
"KEN","Kenya","admin0","Incidence Rate","Cases per Thousand",2005,138.993640472528
"KEN","Kenya","admin0","Incidence Rate","Cases per Thousand",2006,125.663979601521
"KEN","Kenya","admin0","Incidence Rate","Cases per Thousand",2007,94.93329218658721
"KEN","Kenya","admin0","Incidence Rate","Cases per Thousand",2008,79.9409418937148
"KEN","Kenya","admin0","Incidence Rate","Cases per Thousand",2009,77.91791176746591
"KEN","Kenya","admin0","Incidence Rate","Cases per Thousand",2010,80.6105375495762
"KEN","Kenya","admin0","Incidence Rate","Cases per Thousand",2011,82.84663549300619
"KEN","Kenya","admin0","Incidence Rate","Cases per Thousand",2012,84.3951486403436
"KEN","Kenya","admin0","Incidence Rate","Cases per Thousand",2013,85.5923209255277
"KEN","Kenya","admin0","Incidence Rate","Cases per Thousand",2014,84.5457871097035
"KEN","Kenya","admin0","Incidence Rate","Cases per Thousand",2015,81.86481879342861
"KEN","Kenya","admin0","Incidence Rate","Cases per Thousand",2016,77.30119999168609
"KEN","Kenya","admin0","Incidence Rate","Cases per Thousand",2017,76.91223460927931
"KEN","Kenya","admin0","Incidence Rate","Cases per Thousand",2018,74.3907084372407
"KEN","Kenya","admin0","Incidence Rate","Cases per Thousand",2019,72.1089698838436
"KEN","Kenya","admin0","Incidence Rate","Cases per Thousand",2020,85.43023116248149
"KEN","Kenya","admin0","Incidence Rate","Cases per Thousand",2021,88.6960754513276
"KEN","Kenya","admin0","Incidence Rate","Cases per Thousand",2022,81.7187882336075
"KEN","Kenya","admin0","Incidence Rate","Cases per Thousand",2023,73.37853462185511
"KEN","Kenya","admin0","Incidence Rate","Cases per Thousand",2024,73.4898721265657
"KEN","Kenya","admin0","Incidence Rate","Cases per Thousand",2025,71.8484906884456
"KEN","Kenya","admin0","Infection Prevalence","per 100 Children",2000,19.250164655195
"KEN","Kenya","admin0","Infection Prevalence","per 100 Children",2001,24.6356836098862
"KEN","Kenya","admin0","Infection Prevalence","per 100 Children",2002,22.1074928197169
"KEN","Kenya","admin0","Infection Prevalence","per 100 Children",2003,20.268940996941502
"KEN","Kenya","admin0","Infection Prevalence","per 100 Children",2004,15.559471517520501
"KEN","Kenya","admin0","Infection Prevalence","per 100 Children",2005,10.5991742230863
"KEN","Kenya","admin0","Infection Prevalence","per 100 Children",2006,9.374847281921731
"KEN","Kenya","admin0","Infection Prevalence","per 100 Children",2007,6.80296908258029
"KEN","Kenya","admin0","Infection Prevalence","per 100 Children",2008,5.79388162238984
"KEN","Kenya","admin0","Infection Prevalence","per 100 Children",2009,5.7391350188474295
"KEN","Kenya","admin0","Infection Prevalence","per 100 Children",2010,6.01333884117363
"KEN","Kenya","admin0","Infection Prevalence","per 100 Children",2011,6.27577794862963
"KEN","Kenya","admin0","Infection Prevalence","per 100 Children",2012,6.48155638078627
"KEN","Kenya","admin0","Infection Prevalence","per 100 Children",2013,6.61468861236853
"KEN","Kenya","admin0","Infection Prevalence","per 100 Children",2014,6.45617466047248
"KEN","Kenya","admin0","Infection Prevalence","per 100 Children",2015,6.108285234112261
"KEN","Kenya","admin0","Infection Prevalence","per 100 Children",2016,5.64564535015277
"KEN","Kenya","admin0","Infection Prevalence","per 100 Children",2017,5.58845399254529
"KEN","Kenya","admin0","Infection Prevalence","per 100 Children",2018,5.2608918512617
"KEN","Kenya","admin0","Infection Prevalence","per 100 Children",2019,4.98040803372285
"KEN","Kenya","admin0","Infection Prevalence","per 100 Children",2020,6.151215933291851
"KEN","Kenya","admin0","Infection Prevalence","per 100 Children",2021,6.55013062145381
"KEN","Kenya","admin0","Infection Prevalence","per 100 Children",2022,6.05148457819817
"KEN","Kenya","admin0","Infection Prevalence","per 100 Children",2023,5.2941592628838805
"KEN","Kenya","admin0","Infection Prevalence","per 100 Children",2024,5.28507905784048
"KEN","Kenya","admin0","Infection Prevalence","per 100 Children",2025,5.2761916846622
"KGZ","Kyrgyzstan","admin0","Incidence Rate","Cases per Thousand",2000,0
"KGZ","Kyrgyzstan","admin0","Incidence Rate","Cases per Thousand",2001,0
"KGZ","Kyrgyzstan","admin0","Incidence Rate","Cases per Thousand",2002,0.0007535763776592829
"KGZ","Kyrgyzstan","admin0","Incidence Rate","Cases per Thousand",2003,0
"KGZ","Kyrgyzstan","admin0","Incidence Rate","Cases per Thousand",2004,0
"KGZ","Kyrgyzstan","admin0","Incidence Rate","Cases per Thousand",2005,0
"KGZ","Kyrgyzstan","admin0","Incidence Rate","Cases per Thousand",2006,0.000186152667217694
"KGZ","Kyrgyzstan","admin0","Incidence Rate","Cases per Thousand",2007,0
"KGZ","Kyrgyzstan","admin0","Incidence Rate","Cases per Thousand",2008,0
"KGZ","Kyrgyzstan","admin0","Incidence Rate","Cases per Thousand",2009,0
"KGZ","Kyrgyzstan","admin0","Incidence Rate","Cases per Thousand",2010,0
"KGZ","Kyrgyzstan","admin0","Incidence Rate","Cases per Thousand",2011,0
"KGZ","Kyrgyzstan","admin0","Incidence Rate","Cases per Thousand",2012,0
"KGZ","Kyrgyzstan","admin0","Incidence Rate","Cases per Thousand",2013,0
"KGZ","Kyrgyzstan","admin0","Incidence Rate","Cases per Thousand",2014,0
"KGZ","Kyrgyzstan","admin0","Incidence Rate","Cases per Thousand",2015,0
"KGZ","Kyrgyzstan","admin0","Incidence Rate","Cases per Thousand",2016,0
"KGZ","Kyrgyzstan","admin0","Incidence Rate","Cases per Thousand",2017,0
"KGZ","Kyrgyzstan","admin0","Incidence Rate","Cases per Thousand",2018,0
"KGZ","Kyrgyzstan","admin0","Incidence Rate","Cases per Thousand",2019,0
"KGZ","Kyrgyzstan","admin0","Incidence Rate","Cases per Thousand",2020,0
"KGZ","Kyrgyzstan","admin0","Incidence Rate","Cases per Thousand",2021,0
"KGZ","Kyrgyzstan","admin0","Incidence Rate","Cases per Thousand",2022,0
"KGZ","Kyrgyzstan","admin0","Incidence Rate","Cases per Thousand",2023,0
"KGZ","Kyrgyzstan","admin0","Incidence Rate","Cases per Thousand",2024,0
"KGZ","Kyrgyzstan","admin0","Incidence Rate","Cases per Thousand",2025,0
"KGZ","Kyrgyzstan","admin0","Infection Prevalence","per 100 Children",2000,0
"KGZ","Kyrgyzstan","admin0","Infection Prevalence","per 100 Children",2001,0
"KGZ","Kyrgyzstan","admin0","Infection Prevalence","per 100 Children",2002,0.00659593823161166
"KGZ","Kyrgyzstan","admin0","Infection Prevalence","per 100 Children",2003,0
"KGZ","Kyrgyzstan","admin0","Infection Prevalence","per 100 Children",2004,0
"KGZ","Kyrgyzstan","admin0","Infection Prevalence","per 100 Children",2005,0
"KGZ","Kyrgyzstan","admin0","Infection Prevalence","per 100 Children",2006,0.00659493487471639
"KGZ","Kyrgyzstan","admin0","Infection Prevalence","per 100 Children",2007,0
"KGZ","Kyrgyzstan","admin0","Infection Prevalence","per 100 Children",2008,0
"KGZ","Kyrgyzstan","admin0","Infection Prevalence","per 100 Children",2009,0
"KGZ","Kyrgyzstan","admin0","Infection Prevalence","per 100 Children",2010,0
"KGZ","Kyrgyzstan","admin0","Infection Prevalence","per 100 Children",2011,0
"KGZ","Kyrgyzstan","admin0","Infection Prevalence","per 100 Children",2012,0
"KGZ","Kyrgyzstan","admin0","Infection Prevalence","per 100 Children",2013,0
"KGZ","Kyrgyzstan","admin0","Infection Prevalence","per 100 Children",2014,0
"KGZ","Kyrgyzstan","admin0","Infection Prevalence","per 100 Children",2015,0
"KGZ","Kyrgyzstan","admin0","Infection Prevalence","per 100 Children",2016,0
"KGZ","Kyrgyzstan","admin0","Infection Prevalence","per 100 Children",2017,0
"KGZ","Kyrgyzstan","admin0","Infection Prevalence","per 100 Children",2018,0
"KGZ","Kyrgyzstan","admin0","Infection Prevalence","per 100 Children",2019,0
"KGZ","Kyrgyzstan","admin0","Infection Prevalence","per 100 Children",2020,0
"KGZ","Kyrgyzstan","admin0","Infection Prevalence","per 100 Children",2021,0
"KGZ","Kyrgyzstan","admin0","Infection Prevalence","per 100 Children",2022,0
"KGZ","Kyrgyzstan","admin0","Infection Prevalence","per 100 Children",2023,0
"KGZ","Kyrgyzstan","admin0","Infection Prevalence","per 100 Children",2024,0
"KGZ","Kyrgyzstan","admin0","Infection Prevalence","per 100 Children",2025,0
"KHM","Cambodia","admin0","Incidence Rate","Cases per Thousand",2000,52.098914398937
"KHM","Cambodia","admin0","Incidence Rate","Cases per Thousand",2001,29.789401241088797
"KHM","Cambodia","admin0","Incidence Rate","Cases per Thousand",2002,25.283170487394898
"KHM","Cambodia","admin0","Incidence Rate","Cases per Thousand",2003,33.790042198628505
"KHM","Cambodia","admin0","Incidence Rate","Cases per Thousand",2004,26.3676206813113
"KHM","Cambodia","admin0","Incidence Rate","Cases per Thousand",2005,13.4287083490371
"KHM","Cambodia","admin0","Incidence Rate","Cases per Thousand",2006,24.2965438157906
"KHM","Cambodia","admin0","Incidence Rate","Cases per Thousand",2007,12.7062459136262
"KHM","Cambodia","admin0","Incidence Rate","Cases per Thousand",2008,12.259791390749
"KHM","Cambodia","admin0","Incidence Rate","Cases per Thousand",2009,15.5800626369932
"KHM","Cambodia","admin0","Incidence Rate","Cases per Thousand",2010,17.8456568363694
"KHM","Cambodia","admin0","Incidence Rate","Cases per Thousand",2011,14.469605283474701
"KHM","Cambodia","admin0","Incidence Rate","Cases per Thousand",2012,7.6832511533780306
"KHM","Cambodia","admin0","Incidence Rate","Cases per Thousand",2013,4.64757208040567
"KHM","Cambodia","admin0","Incidence Rate","Cases per Thousand",2014,7.3346823755145
"KHM","Cambodia","admin0","Incidence Rate","Cases per Thousand",2015,8.27862014301311
"KHM","Cambodia","admin0","Incidence Rate","Cases per Thousand",2016,5.3412814512804
"KHM","Cambodia","admin0","Incidence Rate","Cases per Thousand",2017,9.70215851872556
"KHM","Cambodia","admin0","Incidence Rate","Cases per Thousand",2018,3.70990916960383
"KHM","Cambodia","admin0","Incidence Rate","Cases per Thousand",2019,1.027592532444
"KHM","Cambodia","admin0","Incidence Rate","Cases per Thousand",2020,0.237394584107612
"KHM","Cambodia","admin0","Incidence Rate","Cases per Thousand",2021,0.021129366944889403
"KHM","Cambodia","admin0","Incidence Rate","Cases per Thousand",2022,0.0240342666795254
"KHM","Cambodia","admin0","Incidence Rate","Cases per Thousand",2023,0.00224546655026694
"KHM","Cambodia","admin0","Incidence Rate","Cases per Thousand",2024,0.00008722824911148419
"KHM","Cambodia","admin0","Incidence Rate","Cases per Thousand",2025,0.000162844143648712
"KHM","Cambodia","admin0","Infection Prevalence","per 100 Children",2000,2.05014184775162
"KHM","Cambodia","admin0","Infection Prevalence","per 100 Children",2001,1.1576380983697299
"KHM","Cambodia","admin0","Infection Prevalence","per 100 Children",2002,0.980423697175067
"KHM","Cambodia","admin0","Infection Prevalence","per 100 Children",2003,1.3165680316555999
"KHM","Cambodia","admin0","Infection Prevalence","per 100 Children",2004,1.02279504205651
"KHM","Cambodia","admin0","Infection Prevalence","per 100 Children",2005,0.516307358683629
"KHM","Cambodia","admin0","Infection Prevalence","per 100 Children",2006,0.941393265803056
"KHM","Cambodia","admin0","Infection Prevalence","per 100 Children",2007,0.48800866930699605
"KHM","Cambodia","admin0","Infection Prevalence","per 100 Children",2008,0.470472307521338
"KHM","Cambodia","admin0","Infection Prevalence","per 100 Children",2009,0.6003149911717169
"KHM","Cambodia","admin0","Infection Prevalence","per 100 Children",2010,0.6886099110932681
"KHM","Cambodia","admin0","Infection Prevalence","per 100 Children",2011,0.556959796774178
"KHM","Cambodia","admin0","Infection Prevalence","per 100 Children",2012,0.294767286906999
"KHM","Cambodia","admin0","Infection Prevalence","per 100 Children",2013,0.17802936390246998
"KHM","Cambodia","admin0","Infection Prevalence","per 100 Children",2014,0.28137178603679597
"KHM","Cambodia","admin0","Infection Prevalence","per 100 Children",2015,0.317652741741267
"KHM","Cambodia","admin0","Infection Prevalence","per 100 Children",2016,0.20469288076378503
"KHM","Cambodia","admin0","Infection Prevalence","per 100 Children",2017,0.371955534527171
"KHM","Cambodia","admin0","Infection Prevalence","per 100 Children",2018,0.142191622032262
"KHM","Cambodia","admin0","Infection Prevalence","per 100 Children",2019,0.039469436329393
"KHM","Cambodia","admin0","Infection Prevalence","per 100 Children",2020,0.00925725792584455
"KHM","Cambodia","admin0","Infection Prevalence","per 100 Children",2021,0.00696748762418672
"KHM","Cambodia","admin0","Infection Prevalence","per 100 Children",2022,0.00691633880425199
"KHM","Cambodia","admin0","Infection Prevalence","per 100 Children",2023,0.006796931697149359
"KHM","Cambodia","admin0","Infection Prevalence","per 100 Children",2024,0.00489784080171319
"KHM","Cambodia","admin0","Infection Prevalence","per 100 Children",2025,0.00372300693212187
"KOR","South Korea","admin0","Incidence Rate","Cases per Thousand",2000,0.0038390738467688496
"KOR","South Korea","admin0","Incidence Rate","Cases per Thousand",2001,0.00271850648836169
"KOR","South Korea","admin0","Incidence Rate","Cases per Thousand",2002,0.0022711300759718
"KOR","South Korea","admin0","Incidence Rate","Cases per Thousand",2003,0.00179861859086159
"KOR","South Korea","admin0","Incidence Rate","Cases per Thousand",2004,0.0015279461924897501
"KOR","South Korea","admin0","Incidence Rate","Cases per Thousand",2005,0.00142434745784483
"KOR","South Korea","admin0","Incidence Rate","Cases per Thousand",2006,0.00112338673173863
"KOR","South Korea","admin0","Incidence Rate","Cases per Thousand",2007,0
"KOR","South Korea","admin0","Incidence Rate","Cases per Thousand",2008,0.000222005842975829
"KOR","South Korea","admin0","Incidence Rate","Cases per Thousand",2009,0.0005123469812141151
"KOR","South Korea","admin0","Incidence Rate","Cases per Thousand",2010,0.00044461911278574704
"KOR","South Korea","admin0","Incidence Rate","Cases per Thousand",2011,0.00019857752347998301
"KOR","South Korea","admin0","Incidence Rate","Cases per Thousand",2012,0.000128949717277481
"KOR","South Korea","admin0","Incidence Rate","Cases per Thousand",2013,0
"KOR","South Korea","admin0","Incidence Rate","Cases per Thousand",2014,0
"KOR","South Korea","admin0","Incidence Rate","Cases per Thousand",2015,0
"KOR","South Korea","admin0","Incidence Rate","Cases per Thousand",2016,0
"KOR","South Korea","admin0","Incidence Rate","Cases per Thousand",2017,0
"KOR","South Korea","admin0","Incidence Rate","Cases per Thousand",2018,0
"KOR","South Korea","admin0","Incidence Rate","Cases per Thousand",2019,0
"KOR","South Korea","admin0","Incidence Rate","Cases per Thousand",2020,0
"KOR","South Korea","admin0","Incidence Rate","Cases per Thousand",2021,0
"KOR","South Korea","admin0","Incidence Rate","Cases per Thousand",2022,0
"KOR","South Korea","admin0","Incidence Rate","Cases per Thousand",2023,0
"KOR","South Korea","admin0","Incidence Rate","Cases per Thousand",2024,0
"KOR","South Korea","admin0","Incidence Rate","Cases per Thousand",2025,0
"KOR","South Korea","admin0","Infection Prevalence","per 100 Children",2000,0.00659436079471867
"KOR","South Korea","admin0","Infection Prevalence","per 100 Children",2001,0.00659447874626227
"KOR","South Korea","admin0","Infection Prevalence","per 100 Children",2002,0.0065950139673451
"KOR","South Korea","admin0","Infection Prevalence","per 100 Children",2003,0.00659496362413964
"KOR","South Korea","admin0","Infection Prevalence","per 100 Children",2004,0.00659560969549719
"KOR","South Korea","admin0","Infection Prevalence","per 100 Children",2005,0.006594729048797661
"KOR","South Korea","admin0","Infection Prevalence","per 100 Children",2006,0.00659722294091149
"KOR","South Korea","admin0","Infection Prevalence","per 100 Children",2007,0
"KOR","South Korea","admin0","Infection Prevalence","per 100 Children",2008,0.00659696632101315
"KOR","South Korea","admin0","Infection Prevalence","per 100 Children",2009,0.006596450144370309
"KOR","South Korea","admin0","Infection Prevalence","per 100 Children",2010,0.00659565575358771
"KOR","South Korea","admin0","Infection Prevalence","per 100 Children",2011,0.00659507949606665
"KOR","South Korea","admin0","Infection Prevalence","per 100 Children",2012,0.0065949045120585
"KOR","South Korea","admin0","Infection Prevalence","per 100 Children",2013,0
"KOR","South Korea","admin0","Infection Prevalence","per 100 Children",2014,0
"KOR","South Korea","admin0","Infection Prevalence","per 100 Children",2015,0
"KOR","South Korea","admin0","Infection Prevalence","per 100 Children",2016,0
"KOR","South Korea","admin0","Infection Prevalence","per 100 Children",2017,0
"KOR","South Korea","admin0","Infection Prevalence","per 100 Children",2018,0
"KOR","South Korea","admin0","Infection Prevalence","per 100 Children",2019,0
"KOR","South Korea","admin0","Infection Prevalence","per 100 Children",2020,0
"KOR","South Korea","admin0","Infection Prevalence","per 100 Children",2021,0
"KOR","South Korea","admin0","Infection Prevalence","per 100 Children",2022,0
"KOR","South Korea","admin0","Infection Prevalence","per 100 Children",2023,0
"KOR","South Korea","admin0","Infection Prevalence","per 100 Children",2024,0
"KOR","South Korea","admin0","Infection Prevalence","per 100 Children",2025,0
"LAO","Laos","admin0","Incidence Rate","Cases per Thousand",2000,44.0640231237823
"LAO","Laos","admin0","Incidence Rate","Cases per Thousand",2001,21.3590848082908
"LAO","Laos","admin0","Incidence Rate","Cases per Thousand",2002,15.6201774676309
"LAO","Laos","admin0","Incidence Rate","Cases per Thousand",2003,14.2883091755508
"LAO","Laos","admin0","Incidence Rate","Cases per Thousand",2004,11.199579204966
"LAO","Laos","admin0","Incidence Rate","Cases per Thousand",2005,8.57953707262131
"LAO","Laos","admin0","Incidence Rate","Cases per Thousand",2006,11.1940229720402
"LAO","Laos","admin0","Incidence Rate","Cases per Thousand",2007,9.60436502590508
"LAO","Laos","admin0","Incidence Rate","Cases per Thousand",2008,9.295873876258579
"LAO","Laos","admin0","Incidence Rate","Cases per Thousand",2009,7.2252171988882505
"LAO","Laos","admin0","Incidence Rate","Cases per Thousand",2010,10.5563132327123
"LAO","Laos","admin0","Incidence Rate","Cases per Thousand",2011,7.38800651264995
"LAO","Laos","admin0","Incidence Rate","Cases per Thousand",2012,17.023693895531498
"LAO","Laos","admin0","Incidence Rate","Cases per Thousand",2013,10.7909395224964
"LAO","Laos","admin0","Incidence Rate","Cases per Thousand",2014,10.256445496024002
"LAO","Laos","admin0","Incidence Rate","Cases per Thousand",2015,5.51429579216999
"LAO","Laos","admin0","Incidence Rate","Cases per Thousand",2016,2.12146453337001
"LAO","Laos","admin0","Incidence Rate","Cases per Thousand",2017,1.53981228842149
"LAO","Laos","admin0","Incidence Rate","Cases per Thousand",2018,1.60936607736667
"LAO","Laos","admin0","Incidence Rate","Cases per Thousand",2019,0.767614037703678
"LAO","Laos","admin0","Incidence Rate","Cases per Thousand",2020,0.526796885412834
"LAO","Laos","admin0","Incidence Rate","Cases per Thousand",2021,0.475750462111901
"LAO","Laos","admin0","Incidence Rate","Cases per Thousand",2022,0.17139438873159
"LAO","Laos","admin0","Incidence Rate","Cases per Thousand",2023,0.0314708739742261
"LAO","Laos","admin0","Incidence Rate","Cases per Thousand",2024,0.016642277074786
"LAO","Laos","admin0","Incidence Rate","Cases per Thousand",2025,0.0234497589099451
"LAO","Laos","admin0","Infection Prevalence","per 100 Children",2000,1.7264113724159
"LAO","Laos","admin0","Infection Prevalence","per 100 Children",2001,0.8258666126973491
"LAO","Laos","admin0","Infection Prevalence","per 100 Children",2002,0.601888399161094
"LAO","Laos","admin0","Infection Prevalence","per 100 Children",2003,0.549871525128008
"LAO","Laos","admin0","Infection Prevalence","per 100 Children",2004,0.429319769504696
"LAO","Laos","admin0","Infection Prevalence","per 100 Children",2005,0.329115204000333
"LAO","Laos","admin0","Infection Prevalence","per 100 Children",2006,0.429158134553137
"LAO","Laos","admin0","Infection Prevalence","per 100 Children",2007,0.368161295811125
"LAO","Laos","admin0","Infection Prevalence","per 100 Children",2008,0.356439320224481
"LAO","Laos","admin0","Infection Prevalence","per 100 Children",2009,0.27719598959499303
"LAO","Laos","admin0","Infection Prevalence","per 100 Children",2010,0.404465754292256
"LAO","Laos","admin0","Infection Prevalence","per 100 Children",2011,0.28343057211785
"LAO","Laos","admin0","Infection Prevalence","per 100 Children",2012,0.6566219201521389
"LAO","Laos","admin0","Infection Prevalence","per 100 Children",2013,0.413543469357639
"LAO","Laos","admin0","Infection Prevalence","per 100 Children",2014,0.39299614132131905
"LAO","Laos","admin0","Infection Prevalence","per 100 Children",2015,0.211333749540294
"LAO","Laos","admin0","Infection Prevalence","per 100 Children",2016,0.081153322724084
"LAO","Laos","admin0","Infection Prevalence","per 100 Children",2017,0.0588842717179999
"LAO","Laos","admin0","Infection Prevalence","per 100 Children",2018,0.061652383514803
"LAO","Laos","admin0","Infection Prevalence","per 100 Children",2019,0.029345355042864098
"LAO","Laos","admin0","Infection Prevalence","per 100 Children",2020,0.0201342829932388
"LAO","Laos","admin0","Infection Prevalence","per 100 Children",2021,0.018183180861628498
"LAO","Laos","admin0","Infection Prevalence","per 100 Children",2022,0.0065490654960578
"LAO","Laos","admin0","Infection Prevalence","per 100 Children",2023,0.006609269463232091
"LAO","Laos","admin0","Infection Prevalence","per 100 Children",2024,0.0065430594977606005
"LAO","Laos","admin0","Infection Prevalence","per 100 Children",2025,0.00628142220534946
"LBR","Liberia","admin0","Incidence Rate","Cases per Thousand",2000,409.22415739183896
"LBR","Liberia","admin0","Incidence Rate","Cases per Thousand",2001,415.069991462763
"LBR","Liberia","admin0","Incidence Rate","Cases per Thousand",2002,418.552717994521
"LBR","Liberia","admin0","Incidence Rate","Cases per Thousand",2003,420.1067721352
"LBR","Liberia","admin0","Incidence Rate","Cases per Thousand",2004,399.634756748533
"LBR","Liberia","admin0","Incidence Rate","Cases per Thousand",2005,397.22343251944
"LBR","Liberia","admin0","Incidence Rate","Cases per Thousand",2006,387.71025203574897
"LBR","Liberia","admin0","Incidence Rate","Cases per Thousand",2007,371.255737364449
"LBR","Liberia","admin0","Incidence Rate","Cases per Thousand",2008,356.632927742927
"LBR","Liberia","admin0","Incidence Rate","Cases per Thousand",2009,342.75269156520596
"LBR","Liberia","admin0","Incidence Rate","Cases per Thousand",2010,322.404500244992
"LBR","Liberia","admin0","Incidence Rate","Cases per Thousand",2011,299.227686156175
"LBR","Liberia","admin0","Incidence Rate","Cases per Thousand",2012,265.46229240298703
"LBR","Liberia","admin0","Incidence Rate","Cases per Thousand",2013,260.054663053956
"LBR","Liberia","admin0","Incidence Rate","Cases per Thousand",2014,287.892419319991
"LBR","Liberia","admin0","Incidence Rate","Cases per Thousand",2015,317.917852689641
"LBR","Liberia","admin0","Incidence Rate","Cases per Thousand",2016,349.016104635499
"LBR","Liberia","admin0","Incidence Rate","Cases per Thousand",2017,356.93394326267503
"LBR","Liberia","admin0","Incidence Rate","Cases per Thousand",2018,331.457445108924
"LBR","Liberia","admin0","Incidence Rate","Cases per Thousand",2019,300.68628342680597
"LBR","Liberia","admin0","Incidence Rate","Cases per Thousand",2020,277.710209255535
"LBR","Liberia","admin0","Incidence Rate","Cases per Thousand",2021,216.213750601318
"LBR","Liberia","admin0","Incidence Rate","Cases per Thousand",2022,181.399930762856
"LBR","Liberia","admin0","Incidence Rate","Cases per Thousand",2023,179.062506430999
"LBR","Liberia","admin0","Incidence Rate","Cases per Thousand",2024,172.282577239089
"LBR","Liberia","admin0","Incidence Rate","Cases per Thousand",2025,170.36008556939
"LBR","Liberia","admin0","Infection Prevalence","per 100 Children",2000,45.3568586203548
"LBR","Liberia","admin0","Infection Prevalence","per 100 Children",2001,46.7956027930914
"LBR","Liberia","admin0","Infection Prevalence","per 100 Children",2002,47.416191090749
"LBR","Liberia","admin0","Infection Prevalence","per 100 Children",2003,46.871144330647
"LBR","Liberia","admin0","Infection Prevalence","per 100 Children",2004,42.481667066394
"LBR","Liberia","admin0","Infection Prevalence","per 100 Children",2005,42.2153396063694
"LBR","Liberia","admin0","Infection Prevalence","per 100 Children",2006,39.8687055831491
"LBR","Liberia","admin0","Infection Prevalence","per 100 Children",2007,36.9899553622733
"LBR","Liberia","admin0","Infection Prevalence","per 100 Children",2008,34.7825597408235
"LBR","Liberia","admin0","Infection Prevalence","per 100 Children",2009,32.6680243414338
"LBR","Liberia","admin0","Infection Prevalence","per 100 Children",2010,30.276334958192603
"LBR","Liberia","admin0","Infection Prevalence","per 100 Children",2011,27.6702871414514
"LBR","Liberia","admin0","Infection Prevalence","per 100 Children",2012,23.7714789201051
"LBR","Liberia","admin0","Infection Prevalence","per 100 Children",2013,23.7361707307889
"LBR","Liberia","admin0","Infection Prevalence","per 100 Children",2014,27.989481761757702
"LBR","Liberia","admin0","Infection Prevalence","per 100 Children",2015,32.9202441043016
"LBR","Liberia","admin0","Infection Prevalence","per 100 Children",2016,39.2369236776901
"LBR","Liberia","admin0","Infection Prevalence","per 100 Children",2017,42.0382544581635
"LBR","Liberia","admin0","Infection Prevalence","per 100 Children",2018,37.9299469628162
"LBR","Liberia","admin0","Infection Prevalence","per 100 Children",2019,33.3896717947511
"LBR","Liberia","admin0","Infection Prevalence","per 100 Children",2020,29.374548013114797
"LBR","Liberia","admin0","Infection Prevalence","per 100 Children",2021,19.7614622556565
"LBR","Liberia","admin0","Infection Prevalence","per 100 Children",2022,15.308822016835698
"LBR","Liberia","admin0","Infection Prevalence","per 100 Children",2023,15.178311726852002
"LBR","Liberia","admin0","Infection Prevalence","per 100 Children",2024,14.5909411634501
"LBR","Liberia","admin0","Infection Prevalence","per 100 Children",2025,15.0254886974125
"LKA","Sri Lanka","admin0","Incidence Rate","Cases per Thousand",2000,8.58435247815964
"LKA","Sri Lanka","admin0","Incidence Rate","Cases per Thousand",2001,1.63780627038507
"LKA","Sri Lanka","admin0","Incidence Rate","Cases per Thousand",2002,0.7022759665723359
"LKA","Sri Lanka","admin0","Incidence Rate","Cases per Thousand",2003,0.191579610711304
"LKA","Sri Lanka","admin0","Incidence Rate","Cases per Thousand",2004,0.0799766455859898
"LKA","Sri Lanka","admin0","Incidence Rate","Cases per Thousand",2005,0.0190652232154604
"LKA","Sri Lanka","admin0","Incidence Rate","Cases per Thousand",2006,0.0041142037870939
"LKA","Sri Lanka","admin0","Incidence Rate","Cases per Thousand",2007,0.0018557022362336
"LKA","Sri Lanka","admin0","Incidence Rate","Cases per Thousand",2008,0.006307199209636069
"LKA","Sri Lanka","admin0","Incidence Rate","Cases per Thousand",2009,0.00368531425020142
"LKA","Sri Lanka","admin0","Incidence Rate","Cases per Thousand",2010,0.00113996563643454
"LKA","Sri Lanka","admin0","Incidence Rate","Cases per Thousand",2011,0.000146616449138902
"LKA","Sri Lanka","admin0","Incidence Rate","Cases per Thousand",2012,0.00019059714283700002
"LKA","Sri Lanka","admin0","Incidence Rate","Cases per Thousand",2013,0
"LKA","Sri Lanka","admin0","Incidence Rate","Cases per Thousand",2014,0
"LKA","Sri Lanka","admin0","Incidence Rate","Cases per Thousand",2015,0
"LKA","Sri Lanka","admin0","Incidence Rate","Cases per Thousand",2016,0
"LKA","Sri Lanka","admin0","Incidence Rate","Cases per Thousand",2017,0
"LKA","Sri Lanka","admin0","Incidence Rate","Cases per Thousand",2018,0
"LKA","Sri Lanka","admin0","Incidence Rate","Cases per Thousand",2019,0
"LKA","Sri Lanka","admin0","Incidence Rate","Cases per Thousand",2020,0
"LKA","Sri Lanka","admin0","Incidence Rate","Cases per Thousand",2021,0
"LKA","Sri Lanka","admin0","Incidence Rate","Cases per Thousand",2022,0
"LKA","Sri Lanka","admin0","Incidence Rate","Cases per Thousand",2023,0
"LKA","Sri Lanka","admin0","Incidence Rate","Cases per Thousand",2024,0
"LKA","Sri Lanka","admin0","Incidence Rate","Cases per Thousand",2025,0
"LKA","Sri Lanka","admin0","Infection Prevalence","per 100 Children",2000,0.329420280975391
"LKA","Sri Lanka","admin0","Infection Prevalence","per 100 Children",2001,0.0626436492284998
"LKA","Sri Lanka","admin0","Infection Prevalence","per 100 Children",2002,0.0268470761938759
"LKA","Sri Lanka","admin0","Infection Prevalence","per 100 Children",2003,0.006900883658840559
"LKA","Sri Lanka","admin0","Infection Prevalence","per 100 Children",2004,0.00603414577179621
"LKA","Sri Lanka","admin0","Infection Prevalence","per 100 Children",2005,0.00659436956549527
"LKA","Sri Lanka","admin0","Infection Prevalence","per 100 Children",2006,0.00659431529913689
"LKA","Sri Lanka","admin0","Infection Prevalence","per 100 Children",2007,0.006594352134118991
"LKA","Sri Lanka","admin0","Infection Prevalence","per 100 Children",2008,0.006594414959038069
"LKA","Sri Lanka","admin0","Infection Prevalence","per 100 Children",2009,0.0065944754092878005
"LKA","Sri Lanka","admin0","Infection Prevalence","per 100 Children",2010,0.006594573418850169
"LKA","Sri Lanka","admin0","Infection Prevalence","per 100 Children",2011,0.006594732659359821
"LKA","Sri Lanka","admin0","Infection Prevalence","per 100 Children",2012,0.00659490690844231
"LKA","Sri Lanka","admin0","Infection Prevalence","per 100 Children",2013,0
"LKA","Sri Lanka","admin0","Infection Prevalence","per 100 Children",2014,0
"LKA","Sri Lanka","admin0","Infection Prevalence","per 100 Children",2015,0
"LKA","Sri Lanka","admin0","Infection Prevalence","per 100 Children",2016,0
"LKA","Sri Lanka","admin0","Infection Prevalence","per 100 Children",2017,0
"LKA","Sri Lanka","admin0","Infection Prevalence","per 100 Children",2018,0
"LKA","Sri Lanka","admin0","Infection Prevalence","per 100 Children",2019,0
"LKA","Sri Lanka","admin0","Infection Prevalence","per 100 Children",2020,0
"LKA","Sri Lanka","admin0","Infection Prevalence","per 100 Children",2021,0
"LKA","Sri Lanka","admin0","Infection Prevalence","per 100 Children",2022,0
"LKA","Sri Lanka","admin0","Infection Prevalence","per 100 Children",2023,0
"LKA","Sri Lanka","admin0","Infection Prevalence","per 100 Children",2024,0
"LKA","Sri Lanka","admin0","Infection Prevalence","per 100 Children",2025,0
"MAR","Morocco","admin0","Incidence Rate","Cases per Thousand",2000,0
"MAR","Morocco","admin0","Incidence Rate","Cases per Thousand",2001,0
"MAR","Morocco","admin0","Incidence Rate","Cases per Thousand",2002,0
"MAR","Morocco","admin0","Incidence Rate","Cases per Thousand",2003,0
"MAR","Morocco","admin0","Incidence Rate","Cases per Thousand",2004,0
"MAR","Morocco","admin0","Incidence Rate","Cases per Thousand",2005,0
"MAR","Morocco","admin0","Incidence Rate","Cases per Thousand",2006,0
"MAR","Morocco","admin0","Incidence Rate","Cases per Thousand",2007,0
"MAR","Morocco","admin0","Incidence Rate","Cases per Thousand",2008,0
"MAR","Morocco","admin0","Incidence Rate","Cases per Thousand",2009,0
"MAR","Morocco","admin0","Incidence Rate","Cases per Thousand",2010,0
"MAR","Morocco","admin0","Incidence Rate","Cases per Thousand",2011,0
"MAR","Morocco","admin0","Incidence Rate","Cases per Thousand",2012,0
"MAR","Morocco","admin0","Incidence Rate","Cases per Thousand",2013,0
"MAR","Morocco","admin0","Incidence Rate","Cases per Thousand",2014,0
"MAR","Morocco","admin0","Incidence Rate","Cases per Thousand",2015,0
"MAR","Morocco","admin0","Incidence Rate","Cases per Thousand",2016,0
"MAR","Morocco","admin0","Incidence Rate","Cases per Thousand",2017,0
"MAR","Morocco","admin0","Incidence Rate","Cases per Thousand",2018,0
"MAR","Morocco","admin0","Incidence Rate","Cases per Thousand",2019,0
"MAR","Morocco","admin0","Incidence Rate","Cases per Thousand",2020,0
"MAR","Morocco","admin0","Incidence Rate","Cases per Thousand",2021,0
"MAR","Morocco","admin0","Incidence Rate","Cases per Thousand",2022,0
"MAR","Morocco","admin0","Incidence Rate","Cases per Thousand",2023,0
"MAR","Morocco","admin0","Incidence Rate","Cases per Thousand",2024,0
"MAR","Morocco","admin0","Incidence Rate","Cases per Thousand",2025,0
"MAR","Morocco","admin0","Infection Prevalence","per 100 Children",2000,0
"MAR","Morocco","admin0","Infection Prevalence","per 100 Children",2001,0
"MAR","Morocco","admin0","Infection Prevalence","per 100 Children",2002,0
"MAR","Morocco","admin0","Infection Prevalence","per 100 Children",2003,0
"MAR","Morocco","admin0","Infection Prevalence","per 100 Children",2004,0
"MAR","Morocco","admin0","Infection Prevalence","per 100 Children",2005,0
"MAR","Morocco","admin0","Infection Prevalence","per 100 Children",2006,0
"MAR","Morocco","admin0","Infection Prevalence","per 100 Children",2007,0
"MAR","Morocco","admin0","Infection Prevalence","per 100 Children",2008,0
"MAR","Morocco","admin0","Infection Prevalence","per 100 Children",2009,0
"MAR","Morocco","admin0","Infection Prevalence","per 100 Children",2010,0
"MAR","Morocco","admin0","Infection Prevalence","per 100 Children",2011,0
"MAR","Morocco","admin0","Infection Prevalence","per 100 Children",2012,0
"MAR","Morocco","admin0","Infection Prevalence","per 100 Children",2013,0
"MAR","Morocco","admin0","Infection Prevalence","per 100 Children",2014,0
"MAR","Morocco","admin0","Infection Prevalence","per 100 Children",2015,0
"MAR","Morocco","admin0","Infection Prevalence","per 100 Children",2016,0
"MAR","Morocco","admin0","Infection Prevalence","per 100 Children",2017,0
"MAR","Morocco","admin0","Infection Prevalence","per 100 Children",2018,0
"MAR","Morocco","admin0","Infection Prevalence","per 100 Children",2019,0
"MAR","Morocco","admin0","Infection Prevalence","per 100 Children",2020,0
"MAR","Morocco","admin0","Infection Prevalence","per 100 Children",2021,0
"MAR","Morocco","admin0","Infection Prevalence","per 100 Children",2022,0
"MAR","Morocco","admin0","Infection Prevalence","per 100 Children",2023,0
"MAR","Morocco","admin0","Infection Prevalence","per 100 Children",2024,0
"MAR","Morocco","admin0","Infection Prevalence","per 100 Children",2025,0
"MDG","Madagascar","admin0","Incidence Rate","Cases per Thousand",2000,156.789350554419
"MDG","Madagascar","admin0","Incidence Rate","Cases per Thousand",2001,162.64037991977702
"MDG","Madagascar","admin0","Incidence Rate","Cases per Thousand",2002,170.723622222229
"MDG","Madagascar","admin0","Incidence Rate","Cases per Thousand",2003,183.31116886358
"MDG","Madagascar","admin0","Incidence Rate","Cases per Thousand",2004,199.544790094281
"MDG","Madagascar","admin0","Incidence Rate","Cases per Thousand",2005,206.24111702100402
"MDG","Madagascar","admin0","Incidence Rate","Cases per Thousand",2006,197.268317271508
"MDG","Madagascar","admin0","Incidence Rate","Cases per Thousand",2007,167.867835661201
"MDG","Madagascar","admin0","Incidence Rate","Cases per Thousand",2008,140.556385158842
"MDG","Madagascar","admin0","Incidence Rate","Cases per Thousand",2009,116.23628620543
"MDG","Madagascar","admin0","Incidence Rate","Cases per Thousand",2010,91.8756544340643
"MDG","Madagascar","admin0","Incidence Rate","Cases per Thousand",2011,83.1345117331819
"MDG","Madagascar","admin0","Incidence Rate","Cases per Thousand",2012,85.7088406198509
"MDG","Madagascar","admin0","Incidence Rate","Cases per Thousand",2013,94.0342531720972
"MDG","Madagascar","admin0","Incidence Rate","Cases per Thousand",2014,98.0534530795639
"MDG","Madagascar","admin0","Incidence Rate","Cases per Thousand",2015,93.7882949829871
"MDG","Madagascar","admin0","Incidence Rate","Cases per Thousand",2016,92.0356081593508
"MDG","Madagascar","admin0","Incidence Rate","Cases per Thousand",2017,97.4120607541573
"MDG","Madagascar","admin0","Incidence Rate","Cases per Thousand",2018,109.86760950664801
"MDG","Madagascar","admin0","Incidence Rate","Cases per Thousand",2019,129.013017406109
"MDG","Madagascar","admin0","Incidence Rate","Cases per Thousand",2020,140.787335234299
"MDG","Madagascar","admin0","Incidence Rate","Cases per Thousand",2021,140.300043021524
"MDG","Madagascar","admin0","Incidence Rate","Cases per Thousand",2022,140.928876600121
"MDG","Madagascar","admin0","Incidence Rate","Cases per Thousand",2023,138.085681736997
"MDG","Madagascar","admin0","Incidence Rate","Cases per Thousand",2024,129.400709498906
"MDG","Madagascar","admin0","Incidence Rate","Cases per Thousand",2025,125.41555439702401
"MDG","Madagascar","admin0","Infection Prevalence","per 100 Children",2000,12.156466470243101
"MDG","Madagascar","admin0","Infection Prevalence","per 100 Children",2001,12.6357820318624
"MDG","Madagascar","admin0","Infection Prevalence","per 100 Children",2002,13.2345262519974
"MDG","Madagascar","admin0","Infection Prevalence","per 100 Children",2003,14.0654369020972
"MDG","Madagascar","admin0","Infection Prevalence","per 100 Children",2004,15.5092775339244
"MDG","Madagascar","admin0","Infection Prevalence","per 100 Children",2005,16.0398218756662
"MDG","Madagascar","admin0","Infection Prevalence","per 100 Children",2006,14.9761381050281
"MDG","Madagascar","admin0","Infection Prevalence","per 100 Children",2007,12.1881878878319
"MDG","Madagascar","admin0","Infection Prevalence","per 100 Children",2008,9.62809938647243
"MDG","Madagascar","admin0","Infection Prevalence","per 100 Children",2009,7.42930222957712
"MDG","Madagascar","admin0","Infection Prevalence","per 100 Children",2010,5.55749107094654
"MDG","Madagascar","admin0","Infection Prevalence","per 100 Children",2011,4.91986643970972
"MDG","Madagascar","admin0","Infection Prevalence","per 100 Children",2012,5.044334574205591
"MDG","Madagascar","admin0","Infection Prevalence","per 100 Children",2013,5.69294188990336
"MDG","Madagascar","admin0","Infection Prevalence","per 100 Children",2014,6.03337349554156
"MDG","Madagascar","admin0","Infection Prevalence","per 100 Children",2015,5.68669050089031
"MDG","Madagascar","admin0","Infection Prevalence","per 100 Children",2016,5.57489415409888
"MDG","Madagascar","admin0","Infection Prevalence","per 100 Children",2017,5.965102519963001
"MDG","Madagascar","admin0","Infection Prevalence","per 100 Children",2018,6.887557251166999
"MDG","Madagascar","admin0","Infection Prevalence","per 100 Children",2019,8.58751194629064
"MDG","Madagascar","admin0","Infection Prevalence","per 100 Children",2020,9.575646331587059
"MDG","Madagascar","admin0","Infection Prevalence","per 100 Children",2021,9.42538768836819
"MDG","Madagascar","admin0","Infection Prevalence","per 100 Children",2022,9.728866941714589
"MDG","Madagascar","admin0","Infection Prevalence","per 100 Children",2023,9.69471831930549
"MDG","Madagascar","admin0","Infection Prevalence","per 100 Children",2024,9.045688016238799
"MDG","Madagascar","admin0","Infection Prevalence","per 100 Children",2025,9.17257994183744
"MEX","Mexico","admin0","Incidence Rate","Cases per Thousand",2000,0.0029904423324758
"MEX","Mexico","admin0","Incidence Rate","Cases per Thousand",2001,0.00171028302416244
"MEX","Mexico","admin0","Incidence Rate","Cases per Thousand",2002,0.00104843716589486
"MEX","Mexico","admin0","Incidence Rate","Cases per Thousand",2003,0.0012791670623831801
"MEX","Mexico","admin0","Incidence Rate","Cases per Thousand",2004,0.00124209822344139
"MEX","Mexico","admin0","Incidence Rate","Cases per Thousand",2005,0.000802662026367125
"MEX","Mexico","admin0","Incidence Rate","Cases per Thousand",2006,0.0005892696230642559
"MEX","Mexico","admin0","Incidence Rate","Cases per Thousand",2007,0.00034203635255049497
"MEX","Mexico","admin0","Incidence Rate","Cases per Thousand",2008,0
"MEX","Mexico","admin0","Incidence Rate","Cases per Thousand",2009,0
"MEX","Mexico","admin0","Incidence Rate","Cases per Thousand",2010,0
"MEX","Mexico","admin0","Incidence Rate","Cases per Thousand",2011,0
"MEX","Mexico","admin0","Incidence Rate","Cases per Thousand",2012,0
"MEX","Mexico","admin0","Incidence Rate","Cases per Thousand",2013,0
"MEX","Mexico","admin0","Incidence Rate","Cases per Thousand",2014,0
"MEX","Mexico","admin0","Incidence Rate","Cases per Thousand",2015,0
"MEX","Mexico","admin0","Incidence Rate","Cases per Thousand",2016,0
"MEX","Mexico","admin0","Incidence Rate","Cases per Thousand",2017,0
"MEX","Mexico","admin0","Incidence Rate","Cases per Thousand",2018,0
"MEX","Mexico","admin0","Incidence Rate","Cases per Thousand",2019,0
"MEX","Mexico","admin0","Incidence Rate","Cases per Thousand",2020,0
"MEX","Mexico","admin0","Incidence Rate","Cases per Thousand",2021,0
"MEX","Mexico","admin0","Incidence Rate","Cases per Thousand",2022,0
"MEX","Mexico","admin0","Incidence Rate","Cases per Thousand",2023,0
"MEX","Mexico","admin0","Incidence Rate","Cases per Thousand",2024,0
"MEX","Mexico","admin0","Incidence Rate","Cases per Thousand",2025,0
"MEX","Mexico","admin0","Infection Prevalence","per 100 Children",2000,0.000622109161311983
"MEX","Mexico","admin0","Infection Prevalence","per 100 Children",2001,0.00039261042951510604
"MEX","Mexico","admin0","Infection Prevalence","per 100 Children",2002,0.000392557948913058
"MEX","Mexico","admin0","Infection Prevalence","per 100 Children",2003,0.00039479981110164997
"MEX","Mexico","admin0","Infection Prevalence","per 100 Children",2004,0.00039736511523670196
"MEX","Mexico","admin0","Infection Prevalence","per 100 Children",2005,0.000397903341711186
"MEX","Mexico","admin0","Infection Prevalence","per 100 Children",2006,0.00040389335417268397
"MEX","Mexico","admin0","Infection Prevalence","per 100 Children",2007,0.000276805523401798
"MEX","Mexico","admin0","Infection Prevalence","per 100 Children",2008,0
"MEX","Mexico","admin0","Infection Prevalence","per 100 Children",2009,0
"MEX","Mexico","admin0","Infection Prevalence","per 100 Children",2010,0
"MEX","Mexico","admin0","Infection Prevalence","per 100 Children",2011,0
"MEX","Mexico","admin0","Infection Prevalence","per 100 Children",2012,0
"MEX","Mexico","admin0","Infection Prevalence","per 100 Children",2013,0
"MEX","Mexico","admin0","Infection Prevalence","per 100 Children",2014,0
"MEX","Mexico","admin0","Infection Prevalence","per 100 Children",2015,0
"MEX","Mexico","admin0","Infection Prevalence","per 100 Children",2016,0
"MEX","Mexico","admin0","Infection Prevalence","per 100 Children",2017,0
"MEX","Mexico","admin0","Infection Prevalence","per 100 Children",2018,0
"MEX","Mexico","admin0","Infection Prevalence","per 100 Children",2019,0
"MEX","Mexico","admin0","Infection Prevalence","per 100 Children",2020,0
"MEX","Mexico","admin0","Infection Prevalence","per 100 Children",2021,0
"MEX","Mexico","admin0","Infection Prevalence","per 100 Children",2022,0
"MEX","Mexico","admin0","Infection Prevalence","per 100 Children",2023,0
"MEX","Mexico","admin0","Infection Prevalence","per 100 Children",2024,0
"MEX","Mexico","admin0","Infection Prevalence","per 100 Children",2025,0
"MLI","Mali","admin0","Incidence Rate","Cases per Thousand",2000,440.501510767315
"MLI","Mali","admin0","Incidence Rate","Cases per Thousand",2001,448.42623707384
"MLI","Mali","admin0","Incidence Rate","Cases per Thousand",2002,452.27527654365
"MLI","Mali","admin0","Incidence Rate","Cases per Thousand",2003,451.239579229403
"MLI","Mali","admin0","Incidence Rate","Cases per Thousand",2004,441.55896412818504
"MLI","Mali","admin0","Incidence Rate","Cases per Thousand",2005,429.928655104948
"MLI","Mali","admin0","Incidence Rate","Cases per Thousand",2006,412.683397048911
"MLI","Mali","admin0","Incidence Rate","Cases per Thousand",2007,389.256259162539
"MLI","Mali","admin0","Incidence Rate","Cases per Thousand",2008,377.397529727295
"MLI","Mali","admin0","Incidence Rate","Cases per Thousand",2009,371.448179105352
"MLI","Mali","admin0","Incidence Rate","Cases per Thousand",2010,378.98166329064
"MLI","Mali","admin0","Incidence Rate","Cases per Thousand",2011,400.234027914106
"MLI","Mali","admin0","Incidence Rate","Cases per Thousand",2012,434.144708851975
"MLI","Mali","admin0","Incidence Rate","Cases per Thousand",2013,447.77065723126304
"MLI","Mali","admin0","Incidence Rate","Cases per Thousand",2014,421.42810776588504
"MLI","Mali","admin0","Incidence Rate","Cases per Thousand",2015,349.03495846722296
"MLI","Mali","admin0","Incidence Rate","Cases per Thousand",2016,264.16553660853396
"MLI","Mali","admin0","Incidence Rate","Cases per Thousand",2017,223.132956950656
"MLI","Mali","admin0","Incidence Rate","Cases per Thousand",2018,205.72824426475
"MLI","Mali","admin0","Incidence Rate","Cases per Thousand",2019,211.42300465907198
"MLI","Mali","admin0","Incidence Rate","Cases per Thousand",2020,215.184504503166
"MLI","Mali","admin0","Incidence Rate","Cases per Thousand",2021,207.108101713153
"MLI","Mali","admin0","Incidence Rate","Cases per Thousand",2022,218.708528031828
"MLI","Mali","admin0","Incidence Rate","Cases per Thousand",2023,235.388910700533
"MLI","Mali","admin0","Incidence Rate","Cases per Thousand",2024,234.28335072029398
"MLI","Mali","admin0","Incidence Rate","Cases per Thousand",2025,228.941133238493
"MLI","Mali","admin0","Infection Prevalence","per 100 Children",2000,39.7142883905085
"MLI","Mali","admin0","Infection Prevalence","per 100 Children",2001,41.2384359058105
"MLI","Mali","admin0","Infection Prevalence","per 100 Children",2002,42.1208570948803
"MLI","Mali","admin0","Infection Prevalence","per 100 Children",2003,41.894117990895204
"MLI","Mali","admin0","Infection Prevalence","per 100 Children",2004,41.0697227997817
"MLI","Mali","admin0","Infection Prevalence","per 100 Children",2005,39.705506818301004
"MLI","Mali","admin0","Infection Prevalence","per 100 Children",2006,37.3701544509173
"MLI","Mali","admin0","Infection Prevalence","per 100 Children",2007,34.8059496521349
"MLI","Mali","admin0","Infection Prevalence","per 100 Children",2008,33.3652404507677
"MLI","Mali","admin0","Infection Prevalence","per 100 Children",2009,32.313134314271004
"MLI","Mali","admin0","Infection Prevalence","per 100 Children",2010,33.4654175064657
"MLI","Mali","admin0","Infection Prevalence","per 100 Children",2011,36.2206359960473
"MLI","Mali","admin0","Infection Prevalence","per 100 Children",2012,40.5926894569768
"MLI","Mali","admin0","Infection Prevalence","per 100 Children",2013,42.520213057351405
"MLI","Mali","admin0","Infection Prevalence","per 100 Children",2014,38.6801352447754
"MLI","Mali","admin0","Infection Prevalence","per 100 Children",2015,29.626498834161204
"MLI","Mali","admin0","Infection Prevalence","per 100 Children",2016,20.506552060344298
"MLI","Mali","admin0","Infection Prevalence","per 100 Children",2017,16.222037762552
"MLI","Mali","admin0","Infection Prevalence","per 100 Children",2018,14.1511441611813
"MLI","Mali","admin0","Infection Prevalence","per 100 Children",2019,14.472455233847
"MLI","Mali","admin0","Infection Prevalence","per 100 Children",2020,14.716896889748298
"MLI","Mali","admin0","Infection Prevalence","per 100 Children",2021,13.9073005565436
"MLI","Mali","admin0","Infection Prevalence","per 100 Children",2022,15.275170926739701
"MLI","Mali","admin0","Infection Prevalence","per 100 Children",2023,17.1533112244725
"MLI","Mali","admin0","Infection Prevalence","per 100 Children",2024,17.2121470950357
"MLI","Mali","admin0","Infection Prevalence","per 100 Children",2025,17.1990566345273
"MMR","Myanmar","admin0","Incidence Rate","Cases per Thousand",2000,16.0296850262594
"MMR","Myanmar","admin0","Incidence Rate","Cases per Thousand",2001,21.1102647423436
"MMR","Myanmar","admin0","Incidence Rate","Cases per Thousand",2002,22.2316510990925
"MMR","Myanmar","admin0","Incidence Rate","Cases per Thousand",2003,21.7213550570699
"MMR","Myanmar","admin0","Incidence Rate","Cases per Thousand",2004,16.2819364727572
"MMR","Myanmar","admin0","Incidence Rate","Cases per Thousand",2005,16.5247924686626
"MMR","Myanmar","admin0","Incidence Rate","Cases per Thousand",2006,18.2599159703201
"MMR","Myanmar","admin0","Incidence Rate","Cases per Thousand",2007,21.7110369394066
"MMR","Myanmar","admin0","Incidence Rate","Cases per Thousand",2008,27.3632425703555
"MMR","Myanmar","admin0","Incidence Rate","Cases per Thousand",2009,25.2456794805132
"MMR","Myanmar","admin0","Incidence Rate","Cases per Thousand",2010,30.168955338188802
"MMR","Myanmar","admin0","Incidence Rate","Cases per Thousand",2011,29.0396384777681
"MMR","Myanmar","admin0","Incidence Rate","Cases per Thousand",2012,25.9882901456846
"MMR","Myanmar","admin0","Incidence Rate","Cases per Thousand",2013,16.8233404805548
"MMR","Myanmar","admin0","Incidence Rate","Cases per Thousand",2014,9.14240543165928
"MMR","Myanmar","admin0","Incidence Rate","Cases per Thousand",2015,6.43715873344404
"MMR","Myanmar","admin0","Incidence Rate","Cases per Thousand",2016,3.51950247156304
"MMR","Myanmar","admin0","Incidence Rate","Cases per Thousand",2017,2.6017022625018202
"MMR","Myanmar","admin0","Incidence Rate","Cases per Thousand",2018,2.01194822919131
"MMR","Myanmar","admin0","Incidence Rate","Cases per Thousand",2019,1.1203743785101998
"MMR","Myanmar","admin0","Incidence Rate","Cases per Thousand",2020,0.728196206910831
"MMR","Myanmar","admin0","Incidence Rate","Cases per Thousand",2021,2.44540212235127
"MMR","Myanmar","admin0","Incidence Rate","Cases per Thousand",2022,2.82931493562744
"MMR","Myanmar","admin0","Incidence Rate","Cases per Thousand",2023,2.89582539615372
"MMR","Myanmar","admin0","Incidence Rate","Cases per Thousand",2024,1.3261467314622102
"MMR","Myanmar","admin0","Incidence Rate","Cases per Thousand",2025,2.34056434697643
"MMR","Myanmar","admin0","Infection Prevalence","per 100 Children",2000,0.617785875041238
"MMR","Myanmar","admin0","Infection Prevalence","per 100 Children",2001,0.8160447627800179
"MMR","Myanmar","admin0","Infection Prevalence","per 100 Children",2002,0.860172807641205
"MMR","Myanmar","admin0","Infection Prevalence","per 100 Children",2003,0.840140655294855
"MMR","Myanmar","admin0","Infection Prevalence","per 100 Children",2004,0.627626762173889
"MMR","Myanmar","admin0","Infection Prevalence","per 100 Children",2005,0.6371233189608481
"MMR","Myanmar","admin0","Infection Prevalence","per 100 Children",2006,0.704795081415436
"MMR","Myanmar","admin0","Infection Prevalence","per 100 Children",2007,0.83966221447659
"MMR","Myanmar","admin0","Infection Prevalence","per 100 Children",2008,1.06170375321139
"MMR","Myanmar","admin0","Infection Prevalence","per 100 Children",2009,0.978386585020609
"MMR","Myanmar","admin0","Infection Prevalence","per 100 Children",2010,1.1724510845432599
"MMR","Myanmar","admin0","Infection Prevalence","per 100 Children",2011,1.12784887620508
"MMR","Myanmar","admin0","Infection Prevalence","per 100 Children",2012,1.0076271661409
"MMR","Myanmar","admin0","Infection Prevalence","per 100 Children",2013,0.648665359088356
"MMR","Myanmar","admin0","Infection Prevalence","per 100 Children",2014,0.35058190272854
"MMR","Myanmar","admin0","Infection Prevalence","per 100 Children",2015,0.246831201286247
"MMR","Myanmar","admin0","Infection Prevalence","per 100 Children",2016,0.134742726187755
"MMR","Myanmar","admin0","Infection Prevalence","per 100 Children",2017,0.099555761763557
"MMR","Myanmar","admin0","Infection Prevalence","per 100 Children",2018,0.0769640756080067
"MMR","Myanmar","admin0","Infection Prevalence","per 100 Children",2019,0.0428377614398169
"MMR","Myanmar","admin0","Infection Prevalence","per 100 Children",2020,0.0278369760196036
"MMR","Myanmar","admin0","Infection Prevalence","per 100 Children",2021,0.0935672641959909
"MMR","Myanmar","admin0","Infection Prevalence","per 100 Children",2022,0.10827986185302299
"MMR","Myanmar","admin0","Infection Prevalence","per 100 Children",2023,0.110830522767898
"MMR","Myanmar","admin0","Infection Prevalence","per 100 Children",2024,0.050713088176681596
"MMR","Myanmar","admin0","Infection Prevalence","per 100 Children",2025,0.0896950582912256
"MOZ","Mozambique","admin0","Incidence Rate","Cases per Thousand",2000,478.05880975131197
"MOZ","Mozambique","admin0","Incidence Rate","Cases per Thousand",2001,492.265214760408
"MOZ","Mozambique","admin0","Incidence Rate","Cases per Thousand",2002,495.689439357274
"MOZ","Mozambique","admin0","Incidence Rate","Cases per Thousand",2003,484.478157333949
"MOZ","Mozambique","admin0","Incidence Rate","Cases per Thousand",2004,458.749506298276
"MOZ","Mozambique","admin0","Incidence Rate","Cases per Thousand",2005,441.281212569818
"MOZ","Mozambique","admin0","Incidence Rate","Cases per Thousand",2006,417.115820945568
"MOZ","Mozambique","admin0","Incidence Rate","Cases per Thousand",2007,388.94265086594896
"MOZ","Mozambique","admin0","Incidence Rate","Cases per Thousand",2008,370.831542401331
"MOZ","Mozambique","admin0","Incidence Rate","Cases per Thousand",2009,372.02739378504003
"MOZ","Mozambique","admin0","Incidence Rate","Cases per Thousand",2010,377.923804731998
"MOZ","Mozambique","admin0","Incidence Rate","Cases per Thousand",2011,375.91679670919797
"MOZ","Mozambique","admin0","Incidence Rate","Cases per Thousand",2012,375.836082829073
"MOZ","Mozambique","admin0","Incidence Rate","Cases per Thousand",2013,373.943404852758
"MOZ","Mozambique","admin0","Incidence Rate","Cases per Thousand",2014,362.457833432551
"MOZ","Mozambique","admin0","Incidence Rate","Cases per Thousand",2015,353.639581279993
"MOZ","Mozambique","admin0","Incidence Rate","Cases per Thousand",2016,345.12767643868904
"MOZ","Mozambique","admin0","Incidence Rate","Cases per Thousand",2017,333.477673411258
"MOZ","Mozambique","admin0","Incidence Rate","Cases per Thousand",2018,331.41152714173097
"MOZ","Mozambique","admin0","Incidence Rate","Cases per Thousand",2019,324.238505780656
"MOZ","Mozambique","admin0","Incidence Rate","Cases per Thousand",2020,320.207249344173
"MOZ","Mozambique","admin0","Incidence Rate","Cases per Thousand",2021,311.738181711351
"MOZ","Mozambique","admin0","Incidence Rate","Cases per Thousand",2022,304.15695146264
"MOZ","Mozambique","admin0","Incidence Rate","Cases per Thousand",2023,303.73497540256
"MOZ","Mozambique","admin0","Incidence Rate","Cases per Thousand",2024,296.01473850234
"MOZ","Mozambique","admin0","Incidence Rate","Cases per Thousand",2025,285.34227827035005
"MOZ","Mozambique","admin0","Infection Prevalence","per 100 Children",2000,49.8033333818231
"MOZ","Mozambique","admin0","Infection Prevalence","per 100 Children",2001,52.1889423457125
"MOZ","Mozambique","admin0","Infection Prevalence","per 100 Children",2002,51.9812196235826
"MOZ","Mozambique","admin0","Infection Prevalence","per 100 Children",2003,49.1454047575494
"MOZ","Mozambique","admin0","Infection Prevalence","per 100 Children",2004,45.8967227349713
"MOZ","Mozambique","admin0","Infection Prevalence","per 100 Children",2005,43.226610377684196
"MOZ","Mozambique","admin0","Infection Prevalence","per 100 Children",2006,39.241472692023
"MOZ","Mozambique","admin0","Infection Prevalence","per 100 Children",2007,35.7759253706132
"MOZ","Mozambique","admin0","Infection Prevalence","per 100 Children",2008,33.6993806207525
"MOZ","Mozambique","admin0","Infection Prevalence","per 100 Children",2009,33.8313107692488
"MOZ","Mozambique","admin0","Infection Prevalence","per 100 Children",2010,34.7182060535456
"MOZ","Mozambique","admin0","Infection Prevalence","per 100 Children",2011,34.6963095391019
"MOZ","Mozambique","admin0","Infection Prevalence","per 100 Children",2012,35.1036145133327
"MOZ","Mozambique","admin0","Infection Prevalence","per 100 Children",2013,35.802814537293095
"MOZ","Mozambique","admin0","Infection Prevalence","per 100 Children",2014,34.6648042641258
"MOZ","Mozambique","admin0","Infection Prevalence","per 100 Children",2015,33.3642790853646
"MOZ","Mozambique","admin0","Infection Prevalence","per 100 Children",2016,32.174758750015805
"MOZ","Mozambique","admin0","Infection Prevalence","per 100 Children",2017,30.2842386789622
"MOZ","Mozambique","admin0","Infection Prevalence","per 100 Children",2018,29.6892463396703
"MOZ","Mozambique","admin0","Infection Prevalence","per 100 Children",2019,28.8022358221872
"MOZ","Mozambique","admin0","Infection Prevalence","per 100 Children",2020,28.273555360650597
"MOZ","Mozambique","admin0","Infection Prevalence","per 100 Children",2021,27.0822455585546
"MOZ","Mozambique","admin0","Infection Prevalence","per 100 Children",2022,26.364981065562
"MOZ","Mozambique","admin0","Infection Prevalence","per 100 Children",2023,26.3699026410119
"MOZ","Mozambique","admin0","Infection Prevalence","per 100 Children",2024,25.2999011084229
"MOZ","Mozambique","admin0","Infection Prevalence","per 100 Children",2025,24.852841154614698
"MRT","Mauritania","admin0","Incidence Rate","Cases per Thousand",2000,88.4917282656841
"MRT","Mauritania","admin0","Incidence Rate","Cases per Thousand",2001,73.1844888566353
"MRT","Mauritania","admin0","Incidence Rate","Cases per Thousand",2002,65.1959778560496
"MRT","Mauritania","admin0","Incidence Rate","Cases per Thousand",2003,81.0662303189193
"MRT","Mauritania","admin0","Incidence Rate","Cases per Thousand",2004,57.2914859246062
"MRT","Mauritania","admin0","Incidence Rate","Cases per Thousand",2005,56.1493859708172
"MRT","Mauritania","admin0","Incidence Rate","Cases per Thousand",2006,10.968393516987101
"MRT","Mauritania","admin0","Incidence Rate","Cases per Thousand",2007,50.1583696080984
"MRT","Mauritania","admin0","Incidence Rate","Cases per Thousand",2008,72.213935593682
"MRT","Mauritania","admin0","Incidence Rate","Cases per Thousand",2009,34.965800008003995
"MRT","Mauritania","admin0","Incidence Rate","Cases per Thousand",2010,45.6546980327037
"MRT","Mauritania","admin0","Incidence Rate","Cases per Thousand",2011,60.2729964071133
"MRT","Mauritania","admin0","Incidence Rate","Cases per Thousand",2012,33.036682025746096
"MRT","Mauritania","admin0","Incidence Rate","Cases per Thousand",2013,38.5717440282312
"MRT","Mauritania","admin0","Incidence Rate","Cases per Thousand",2014,72.1533732090592
"MRT","Mauritania","admin0","Incidence Rate","Cases per Thousand",2015,90.9875806617452
"MRT","Mauritania","admin0","Incidence Rate","Cases per Thousand",2016,108.36874064737401
"MRT","Mauritania","admin0","Incidence Rate","Cases per Thousand",2017,84.3419485869004
"MRT","Mauritania","admin0","Incidence Rate","Cases per Thousand",2018,59.9803840244764
"MRT","Mauritania","admin0","Incidence Rate","Cases per Thousand",2019,43.3503954926536
"MRT","Mauritania","admin0","Incidence Rate","Cases per Thousand",2020,51.391713906931
"MRT","Mauritania","admin0","Incidence Rate","Cases per Thousand",2021,23.030624954778702
"MRT","Mauritania","admin0","Incidence Rate","Cases per Thousand",2022,42.0971926266772
"MRT","Mauritania","admin0","Incidence Rate","Cases per Thousand",2023,43.8790715193574
"MRT","Mauritania","admin0","Incidence Rate","Cases per Thousand",2024,49.5643489939996
"MRT","Mauritania","admin0","Incidence Rate","Cases per Thousand",2025,56.4401956492091
"MRT","Mauritania","admin0","Infection Prevalence","per 100 Children",2000,3.62006052220952
"MRT","Mauritania","admin0","Infection Prevalence","per 100 Children",2001,2.91417215454749
"MRT","Mauritania","admin0","Infection Prevalence","per 100 Children",2002,2.58381904478389
"MRT","Mauritania","admin0","Infection Prevalence","per 100 Children",2003,3.2440040811313997
"MRT","Mauritania","admin0","Infection Prevalence","per 100 Children",2004,2.26032307580922
"MRT","Mauritania","admin0","Infection Prevalence","per 100 Children",2005,2.21444824227527
"MRT","Mauritania","admin0","Infection Prevalence","per 100 Children",2006,0.42015914541465
"MRT","Mauritania","admin0","Infection Prevalence","per 100 Children",2007,1.9719266155241701
"MRT","Mauritania","admin0","Infection Prevalence","per 100 Children",2008,2.87472472590761
"MRT","Mauritania","admin0","Infection Prevalence","per 100 Children",2009,1.36281098943003
"MRT","Mauritania","admin0","Infection Prevalence","per 100 Children",2010,1.79068284494929
"MRT","Mauritania","admin0","Infection Prevalence","per 100 Children",2011,2.38197871822183
"MRT","Mauritania","admin0","Infection Prevalence","per 100 Children",2012,1.28631972551925
"MRT","Mauritania","admin0","Infection Prevalence","per 100 Children",2013,1.50692597156949
"MRT","Mauritania","admin0","Infection Prevalence","per 100 Children",2014,2.8722818716159297
"MRT","Mauritania","admin0","Infection Prevalence","per 100 Children",2015,3.6634685293233002
"MRT","Mauritania","admin0","Infection Prevalence","per 100 Children",2016,4.40949295514371
"MRT","Mauritania","admin0","Infection Prevalence","per 100 Children",2017,3.38152737090719
"MRT","Mauritania","admin0","Infection Prevalence","per 100 Children",2018,2.36970041864337
"MRT","Mauritania","admin0","Infection Prevalence","per 100 Children",2019,1.6977925981340898
"MRT","Mauritania","admin0","Infection Prevalence","per 100 Children",2020,2.02136241447636
"MRT","Mauritania","admin0","Infection Prevalence","per 100 Children",2021,0.891192477187593
"MRT","Mauritania","admin0","Infection Prevalence","per 100 Children",2022,1.6464820085385499
"MRT","Mauritania","admin0","Infection Prevalence","per 100 Children",2023,1.7175951233655
"MRT","Mauritania","admin0","Infection Prevalence","per 100 Children",2024,1.9463560165304699
"MRT","Mauritania","admin0","Infection Prevalence","per 100 Children",2025,2.25867107660934
"MWI","Malawi","admin0","Incidence Rate","Cases per Thousand",2000,452.758460606104
"MWI","Malawi","admin0","Incidence Rate","Cases per Thousand",2001,464.147895139792
"MWI","Malawi","admin0","Incidence Rate","Cases per Thousand",2002,439.366889819292
"MWI","Malawi","admin0","Incidence Rate","Cases per Thousand",2003,404.207570683841
"MWI","Malawi","admin0","Incidence Rate","Cases per Thousand",2004,376.435764615481
"MWI","Malawi","admin0","Incidence Rate","Cases per Thousand",2005,372.986231113891
"MWI","Malawi","admin0","Incidence Rate","Cases per Thousand",2006,356.983245224333
"MWI","Malawi","admin0","Incidence Rate","Cases per Thousand",2007,345.719437279337
"MWI","Malawi","admin0","Incidence Rate","Cases per Thousand",2008,356.74920882272
"MWI","Malawi","admin0","Incidence Rate","Cases per Thousand",2009,376.844334412138
"MWI","Malawi","admin0","Incidence Rate","Cases per Thousand",2010,389.917651943747
"MWI","Malawi","admin0","Incidence Rate","Cases per Thousand",2011,396.194762326833
"MWI","Malawi","admin0","Incidence Rate","Cases per Thousand",2012,355.46776970263
"MWI","Malawi","admin0","Incidence Rate","Cases per Thousand",2013,305.56558790651
"MWI","Malawi","admin0","Incidence Rate","Cases per Thousand",2014,274.25542907380503
"MWI","Malawi","admin0","Incidence Rate","Cases per Thousand",2015,260.499150015707
"MWI","Malawi","admin0","Incidence Rate","Cases per Thousand",2016,260.83323622897495
"MWI","Malawi","admin0","Incidence Rate","Cases per Thousand",2017,264.669311468692
"MWI","Malawi","admin0","Incidence Rate","Cases per Thousand",2018,271.489105779556
"MWI","Malawi","admin0","Incidence Rate","Cases per Thousand",2019,281.147994803185
"MWI","Malawi","admin0","Incidence Rate","Cases per Thousand",2020,283.839498347512
"MWI","Malawi","admin0","Incidence Rate","Cases per Thousand",2021,280.77108027306105
"MWI","Malawi","admin0","Incidence Rate","Cases per Thousand",2022,285.260192830768
"MWI","Malawi","admin0","Incidence Rate","Cases per Thousand",2023,290.10692015455
"MWI","Malawi","admin0","Incidence Rate","Cases per Thousand",2024,292.920008494024
"MWI","Malawi","admin0","Incidence Rate","Cases per Thousand",2025,285.00090975094
"MWI","Malawi","admin0","Infection Prevalence","per 100 Children",2000,40.8866178886482
"MWI","Malawi","admin0","Infection Prevalence","per 100 Children",2001,42.070109625101196
"MWI","Malawi","admin0","Infection Prevalence","per 100 Children",2002,38.8810943137902
"MWI","Malawi","admin0","Infection Prevalence","per 100 Children",2003,34.768064675103396
"MWI","Malawi","admin0","Infection Prevalence","per 100 Children",2004,31.8673152295869
"MWI","Malawi","admin0","Infection Prevalence","per 100 Children",2005,31.9170161435124
"MWI","Malawi","admin0","Infection Prevalence","per 100 Children",2006,30.869649981311298
"MWI","Malawi","admin0","Infection Prevalence","per 100 Children",2007,30.4309102040535
"MWI","Malawi","admin0","Infection Prevalence","per 100 Children",2008,31.9408936599757
"MWI","Malawi","admin0","Infection Prevalence","per 100 Children",2009,33.3046391204654
"MWI","Malawi","admin0","Infection Prevalence","per 100 Children",2010,34.5513211672564
"MWI","Malawi","admin0","Infection Prevalence","per 100 Children",2011,35.4902285499838
"MWI","Malawi","admin0","Infection Prevalence","per 100 Children",2012,30.5612045168684
"MWI","Malawi","admin0","Infection Prevalence","per 100 Children",2013,25.0553826963471
"MWI","Malawi","admin0","Infection Prevalence","per 100 Children",2014,21.8008915431328
"MWI","Malawi","admin0","Infection Prevalence","per 100 Children",2015,20.4891226936785
"MWI","Malawi","admin0","Infection Prevalence","per 100 Children",2016,20.8175045583387
"MWI","Malawi","admin0","Infection Prevalence","per 100 Children",2017,21.3967506802194
"MWI","Malawi","admin0","Infection Prevalence","per 100 Children",2018,22.3773334885229
"MWI","Malawi","admin0","Infection Prevalence","per 100 Children",2019,24.1092723424986
"MWI","Malawi","admin0","Infection Prevalence","per 100 Children",2020,24.7789877807563
"MWI","Malawi","admin0","Infection Prevalence","per 100 Children",2021,24.5514032296615
"MWI","Malawi","admin0","Infection Prevalence","per 100 Children",2022,25.6543959514859
"MWI","Malawi","admin0","Infection Prevalence","per 100 Children",2023,26.7824414351149
"MWI","Malawi","admin0","Infection Prevalence","per 100 Children",2024,27.683471236927797
"MWI","Malawi","admin0","Infection Prevalence","per 100 Children",2025,27.656378310504397
"MYS","Malaysia","admin0","Incidence Rate","Cases per Thousand",2000,0.809182636040702
"MYS","Malaysia","admin0","Incidence Rate","Cases per Thousand",2001,0.7824468553322349
"MYS","Malaysia","admin0","Incidence Rate","Cases per Thousand",2002,0.703768367430298
"MYS","Malaysia","admin0","Incidence Rate","Cases per Thousand",2003,0.376048467369818
"MYS","Malaysia","admin0","Incidence Rate","Cases per Thousand",2004,0.311882004292404
"MYS","Malaysia","admin0","Incidence Rate","Cases per Thousand",2005,0.27388407125056696
"MYS","Malaysia","admin0","Incidence Rate","Cases per Thousand",2006,0.233742947244392
"MYS","Malaysia","admin0","Incidence Rate","Cases per Thousand",2007,0.21195975291389602
"MYS","Malaysia","admin0","Incidence Rate","Cases per Thousand",2008,0.22745662952878
"MYS","Malaysia","admin0","Incidence Rate","Cases per Thousand",2009,0.143311267990035
"MYS","Malaysia","admin0","Incidence Rate","Cases per Thousand",2010,0.11017316643390099
"MYS","Malaysia","admin0","Incidence Rate","Cases per Thousand",2011,0.106245730719488
"MYS","Malaysia","admin0","Incidence Rate","Cases per Thousand",2012,0.116215492499805
"MYS","Malaysia","admin0","Incidence Rate","Cases per Thousand",2013,0.0383319943608267
"MYS","Malaysia","admin0","Incidence Rate","Cases per Thousand",2014,0.016800116159766402
"MYS","Malaysia","admin0","Incidence Rate","Cases per Thousand",2015,0.008036221467156381
"MYS","Malaysia","admin0","Incidence Rate","Cases per Thousand",2016,0.0043599603894472596
"MYS","Malaysia","admin0","Incidence Rate","Cases per Thousand",2017,0.00180186132651041
"MYS","Malaysia","admin0","Incidence Rate","Cases per Thousand",2018,0
"MYS","Malaysia","admin0","Incidence Rate","Cases per Thousand",2019,0
"MYS","Malaysia","admin0","Incidence Rate","Cases per Thousand",2020,0
"MYS","Malaysia","admin0","Incidence Rate","Cases per Thousand",2021,0
"MYS","Malaysia","admin0","Incidence Rate","Cases per Thousand",2022,0
"MYS","Malaysia","admin0","Incidence Rate","Cases per Thousand",2023,0
"MYS","Malaysia","admin0","Incidence Rate","Cases per Thousand",2024,0
"MYS","Malaysia","admin0","Incidence Rate","Cases per Thousand",2025,0
"MYS","Malaysia","admin0","Infection Prevalence","per 100 Children",2000,0.030925984984058297
"MYS","Malaysia","admin0","Infection Prevalence","per 100 Children",2001,0.029911992017235902
"MYS","Malaysia","admin0","Infection Prevalence","per 100 Children",2002,0.026902571239281296
"MYS","Malaysia","admin0","Infection Prevalence","per 100 Children",2003,0.0143887614630993
"MYS","Malaysia","admin0","Infection Prevalence","per 100 Children",2004,0.0119062351310139
"MYS","Malaysia","admin0","Infection Prevalence","per 100 Children",2005,0.010470556704920699
"MYS","Malaysia","admin0","Infection Prevalence","per 100 Children",2006,0.00875628048749574
"MYS","Malaysia","admin0","Infection Prevalence","per 100 Children",2007,0.00761629557201102
"MYS","Malaysia","admin0","Infection Prevalence","per 100 Children",2008,0.008453679333312189
"MYS","Malaysia","admin0","Infection Prevalence","per 100 Children",2009,0.00556427282835904
"MYS","Malaysia","admin0","Infection Prevalence","per 100 Children",2010,0.00411753272804763
"MYS","Malaysia","admin0","Infection Prevalence","per 100 Children",2011,0.00414144522670869
"MYS","Malaysia","admin0","Infection Prevalence","per 100 Children",2012,0.00416160017686322
"MYS","Malaysia","admin0","Infection Prevalence","per 100 Children",2013,0.006599862920710251
"MYS","Malaysia","admin0","Infection Prevalence","per 100 Children",2014,0.0065939393318461
"MYS","Malaysia","admin0","Infection Prevalence","per 100 Children",2015,0.00659372287060639
"MYS","Malaysia","admin0","Infection Prevalence","per 100 Children",2016,0.006593877131538581
"MYS","Malaysia","admin0","Infection Prevalence","per 100 Children",2017,0.00659481993514771
"MYS","Malaysia","admin0","Infection Prevalence","per 100 Children",2018,0
"MYS","Malaysia","admin0","Infection Prevalence","per 100 Children",2019,0
"MYS","Malaysia","admin0","Infection Prevalence","per 100 Children",2020,0
"MYS","Malaysia","admin0","Infection Prevalence","per 100 Children",2021,0
"MYS","Malaysia","admin0","Infection Prevalence","per 100 Children",2022,0
"MYS","Malaysia","admin0","Infection Prevalence","per 100 Children",2023,0
"MYS","Malaysia","admin0","Infection Prevalence","per 100 Children",2024,0
"MYS","Malaysia","admin0","Infection Prevalence","per 100 Children",2025,0
"MYT","Mayotte","admin0","Incidence Rate","Cases per Thousand",2000,0
"MYT","Mayotte","admin0","Incidence Rate","Cases per Thousand",2001,0
"MYT","Mayotte","admin0","Incidence Rate","Cases per Thousand",2002,0
"MYT","Mayotte","admin0","Incidence Rate","Cases per Thousand",2003,0
"MYT","Mayotte","admin0","Incidence Rate","Cases per Thousand",2004,0
"MYT","Mayotte","admin0","Incidence Rate","Cases per Thousand",2005,0
"MYT","Mayotte","admin0","Incidence Rate","Cases per Thousand",2006,0
"MYT","Mayotte","admin0","Incidence Rate","Cases per Thousand",2007,0
"MYT","Mayotte","admin0","Incidence Rate","Cases per Thousand",2008,0
"MYT","Mayotte","admin0","Incidence Rate","Cases per Thousand",2009,0
"MYT","Mayotte","admin0","Incidence Rate","Cases per Thousand",2010,0
"MYT","Mayotte","admin0","Incidence Rate","Cases per Thousand",2011,0
"MYT","Mayotte","admin0","Incidence Rate","Cases per Thousand",2012,0
"MYT","Mayotte","admin0","Incidence Rate","Cases per Thousand",2013,0
"MYT","Mayotte","admin0","Incidence Rate","Cases per Thousand",2014,0
"MYT","Mayotte","admin0","Incidence Rate","Cases per Thousand",2015,0
"MYT","Mayotte","admin0","Incidence Rate","Cases per Thousand",2016,0
"MYT","Mayotte","admin0","Incidence Rate","Cases per Thousand",2017,0
"MYT","Mayotte","admin0","Incidence Rate","Cases per Thousand",2018,0
"MYT","Mayotte","admin0","Incidence Rate","Cases per Thousand",2019,0
"MYT","Mayotte","admin0","Incidence Rate","Cases per Thousand",2020,0
"MYT","Mayotte","admin0","Incidence Rate","Cases per Thousand",2021,0
"MYT","Mayotte","admin0","Incidence Rate","Cases per Thousand",2022,0
"MYT","Mayotte","admin0","Incidence Rate","Cases per Thousand",2023,0
"MYT","Mayotte","admin0","Incidence Rate","Cases per Thousand",2024,0
"MYT","Mayotte","admin0","Incidence Rate","Cases per Thousand",2025,0
"MYT","Mayotte","admin0","Infection Prevalence","per 100 Children",2000,0
"MYT","Mayotte","admin0","Infection Prevalence","per 100 Children",2001,0
"MYT","Mayotte","admin0","Infection Prevalence","per 100 Children",2002,0
"MYT","Mayotte","admin0","Infection Prevalence","per 100 Children",2003,0
"MYT","Mayotte","admin0","Infection Prevalence","per 100 Children",2004,0
"MYT","Mayotte","admin0","Infection Prevalence","per 100 Children",2005,0
"MYT","Mayotte","admin0","Infection Prevalence","per 100 Children",2006,0
"MYT","Mayotte","admin0","Infection Prevalence","per 100 Children",2007,0
"MYT","Mayotte","admin0","Infection Prevalence","per 100 Children",2008,0
"MYT","Mayotte","admin0","Infection Prevalence","per 100 Children",2009,0
"MYT","Mayotte","admin0","Infection Prevalence","per 100 Children",2010,0
"MYT","Mayotte","admin0","Infection Prevalence","per 100 Children",2011,0
"MYT","Mayotte","admin0","Infection Prevalence","per 100 Children",2012,0
"MYT","Mayotte","admin0","Infection Prevalence","per 100 Children",2013,0
"MYT","Mayotte","admin0","Infection Prevalence","per 100 Children",2014,0
"MYT","Mayotte","admin0","Infection Prevalence","per 100 Children",2015,0
"MYT","Mayotte","admin0","Infection Prevalence","per 100 Children",2016,0
"MYT","Mayotte","admin0","Infection Prevalence","per 100 Children",2017,0
"MYT","Mayotte","admin0","Infection Prevalence","per 100 Children",2018,0
"MYT","Mayotte","admin0","Infection Prevalence","per 100 Children",2019,0
"MYT","Mayotte","admin0","Infection Prevalence","per 100 Children",2020,0
"MYT","Mayotte","admin0","Infection Prevalence","per 100 Children",2021,0
"MYT","Mayotte","admin0","Infection Prevalence","per 100 Children",2022,0
"MYT","Mayotte","admin0","Infection Prevalence","per 100 Children",2023,0
"MYT","Mayotte","admin0","Infection Prevalence","per 100 Children",2024,0
"MYT","Mayotte","admin0","Infection Prevalence","per 100 Children",2025,0
"NAM","Namibia","admin0","Incidence Rate","Cases per Thousand",2000,64.92984500663759
"NAM","Namibia","admin0","Incidence Rate","Cases per Thousand",2001,83.4991941750971
"NAM","Namibia","admin0","Incidence Rate","Cases per Thousand",2002,60.580746215553695
"NAM","Namibia","admin0","Incidence Rate","Cases per Thousand",2003,58.8337309966123
"NAM","Namibia","admin0","Incidence Rate","Cases per Thousand",2004,80.7042405406319
"NAM","Namibia","admin0","Incidence Rate","Cases per Thousand",2005,47.4830346870905
"NAM","Namibia","admin0","Incidence Rate","Cases per Thousand",2006,44.610516867862906
"NAM","Namibia","admin0","Incidence Rate","Cases per Thousand",2007,19.034155320885
"NAM","Namibia","admin0","Incidence Rate","Cases per Thousand",2008,6.2507033050051
"NAM","Namibia","admin0","Incidence Rate","Cases per Thousand",2009,3.26086596392427
"NAM","Namibia","admin0","Incidence Rate","Cases per Thousand",2010,1.37275889768426
"NAM","Namibia","admin0","Incidence Rate","Cases per Thousand",2011,1.53064455625053
"NAM","Namibia","admin0","Incidence Rate","Cases per Thousand",2012,0.229325945923769
"NAM","Namibia","admin0","Incidence Rate","Cases per Thousand",2013,3.88133098402501
"NAM","Namibia","admin0","Incidence Rate","Cases per Thousand",2014,12.5019583334075
"NAM","Namibia","admin0","Incidence Rate","Cases per Thousand",2015,7.45375603577247
"NAM","Namibia","admin0","Incidence Rate","Cases per Thousand",2016,16.059727305782303
"NAM","Namibia","admin0","Incidence Rate","Cases per Thousand",2017,41.2592368336761
"NAM","Namibia","admin0","Incidence Rate","Cases per Thousand",2018,24.1131543523973
"NAM","Namibia","admin0","Incidence Rate","Cases per Thousand",2019,16.0213305595236
"NAM","Namibia","admin0","Incidence Rate","Cases per Thousand",2020,9.10900650752839
"NAM","Namibia","admin0","Incidence Rate","Cases per Thousand",2021,10.771478650535402
"NAM","Namibia","admin0","Incidence Rate","Cases per Thousand",2022,8.08997916646336
"NAM","Namibia","admin0","Incidence Rate","Cases per Thousand",2023,8.51083764455897
"NAM","Namibia","admin0","Incidence Rate","Cases per Thousand",2024,6.8765513848486
"NAM","Namibia","admin0","Incidence Rate","Cases per Thousand",2025,8.72086589484918
"NAM","Namibia","admin0","Infection Prevalence","per 100 Children",2000,2.71764637483775
"NAM","Namibia","admin0","Infection Prevalence","per 100 Children",2001,3.34350415286074
"NAM","Namibia","admin0","Infection Prevalence","per 100 Children",2002,2.3927181656013903
"NAM","Namibia","admin0","Infection Prevalence","per 100 Children",2003,2.32153042664517
"NAM","Namibia","admin0","Infection Prevalence","per 100 Children",2004,3.2261845085766696
"NAM","Namibia","admin0","Infection Prevalence","per 100 Children",2005,1.86384791974788
"NAM","Namibia","admin0","Infection Prevalence","per 100 Children",2006,1.74823540043956
"NAM","Namibia","admin0","Infection Prevalence","per 100 Children",2007,0.734897216077251
"NAM","Namibia","admin0","Infection Prevalence","per 100 Children",2008,0.239630437347476
"NAM","Namibia","admin0","Infection Prevalence","per 100 Children",2009,0.12480754977256599
"NAM","Namibia","admin0","Infection Prevalence","per 100 Children",2010,0.0524875235415831
"NAM","Namibia","admin0","Infection Prevalence","per 100 Children",2011,0.05852839575898391
"NAM","Namibia","admin0","Infection Prevalence","per 100 Children",2012,0.00853760495918914
"NAM","Namibia","admin0","Infection Prevalence","per 100 Children",2013,0.14860259580156998
"NAM","Namibia","admin0","Infection Prevalence","per 100 Children",2014,0.47986192075235806
"NAM","Namibia","admin0","Infection Prevalence","per 100 Children",2015,0.285939579793534
"NAM","Namibia","admin0","Infection Prevalence","per 100 Children",2016,0.618995577871467
"NAM","Namibia","admin0","Infection Prevalence","per 100 Children",2017,1.61379247885351
"NAM","Namibia","admin0","Infection Prevalence","per 100 Children",2018,0.9337804729749779
"NAM","Namibia","admin0","Infection Prevalence","per 100 Children",2019,0.623455482294444
"NAM","Namibia","admin0","Infection Prevalence","per 100 Children",2020,0.349354234274305
"NAM","Namibia","admin0","Infection Prevalence","per 100 Children",2021,0.412738513633758
"NAM","Namibia","admin0","Infection Prevalence","per 100 Children",2022,0.310404536648951
"NAM","Namibia","admin0","Infection Prevalence","per 100 Children",2023,0.326548898765277
"NAM","Namibia","admin0","Infection Prevalence","per 100 Children",2024,0.263788140972678
"NAM","Namibia","admin0","Infection Prevalence","per 100 Children",2025,0.334501223737421
"NER","Niger","admin0","Incidence Rate","Cases per Thousand",2000,271.59326174203
"NER","Niger","admin0","Incidence Rate","Cases per Thousand",2001,281.329118436169
"NER","Niger","admin0","Incidence Rate","Cases per Thousand",2002,296.908317897983
"NER","Niger","admin0","Incidence Rate","Cases per Thousand",2003,316.266485789513
"NER","Niger","admin0","Incidence Rate","Cases per Thousand",2004,331.937427973833
"NER","Niger","admin0","Incidence Rate","Cases per Thousand",2005,344.16267264816605
"NER","Niger","admin0","Incidence Rate","Cases per Thousand",2006,329.634286113072
"NER","Niger","admin0","Incidence Rate","Cases per Thousand",2007,322.621758222207
"NER","Niger","admin0","Incidence Rate","Cases per Thousand",2008,331.36011831756304
"NER","Niger","admin0","Incidence Rate","Cases per Thousand",2009,336.89085473332096
"NER","Niger","admin0","Incidence Rate","Cases per Thousand",2010,353.332500523178
"NER","Niger","admin0","Incidence Rate","Cases per Thousand",2011,360.202010042359
"NER","Niger","admin0","Incidence Rate","Cases per Thousand",2012,362.597961387007
"NER","Niger","admin0","Incidence Rate","Cases per Thousand",2013,357.31577916173103
"NER","Niger","admin0","Incidence Rate","Cases per Thousand",2014,343.94155228985204
"NER","Niger","admin0","Incidence Rate","Cases per Thousand",2015,318.878959929137
"NER","Niger","admin0","Incidence Rate","Cases per Thousand",2016,289.24913184816796
"NER","Niger","admin0","Incidence Rate","Cases per Thousand",2017,283.48998794687304
"NER","Niger","admin0","Incidence Rate","Cases per Thousand",2018,291.671617576706
"NER","Niger","admin0","Incidence Rate","Cases per Thousand",2019,304.466011819486
"NER","Niger","admin0","Incidence Rate","Cases per Thousand",2020,303.805439785884
"NER","Niger","admin0","Incidence Rate","Cases per Thousand",2021,295.726536993747
"NER","Niger","admin0","Incidence Rate","Cases per Thousand",2022,284.345941347871
"NER","Niger","admin0","Incidence Rate","Cases per Thousand",2023,271.008647712062
"NER","Niger","admin0","Incidence Rate","Cases per Thousand",2024,272.567994300109
"NER","Niger","admin0","Incidence Rate","Cases per Thousand",2025,260.85755853490997
"NER","Niger","admin0","Infection Prevalence","per 100 Children",2000,19.3008303014882
"NER","Niger","admin0","Infection Prevalence","per 100 Children",2001,20.3325712761734
"NER","Niger","admin0","Infection Prevalence","per 100 Children",2002,21.8370537609559
"NER","Niger","admin0","Infection Prevalence","per 100 Children",2003,23.6121283860032
"NER","Niger","admin0","Infection Prevalence","per 100 Children",2004,25.441767022045603
"NER","Niger","admin0","Infection Prevalence","per 100 Children",2005,26.656356633797003
"NER","Niger","admin0","Infection Prevalence","per 100 Children",2006,24.6915339979433
"NER","Niger","admin0","Infection Prevalence","per 100 Children",2007,24.007969993931
"NER","Niger","admin0","Infection Prevalence","per 100 Children",2008,24.8775578278648
"NER","Niger","admin0","Infection Prevalence","per 100 Children",2009,25.3007878026568
"NER","Niger","admin0","Infection Prevalence","per 100 Children",2010,27.2418953931226
"NER","Niger","admin0","Infection Prevalence","per 100 Children",2011,27.9603008909175
"NER","Niger","admin0","Infection Prevalence","per 100 Children",2012,28.0337868348857
"NER","Niger","admin0","Infection Prevalence","per 100 Children",2013,27.6366066067692
"NER","Niger","admin0","Infection Prevalence","per 100 Children",2014,26.262897560390403
"NER","Niger","admin0","Infection Prevalence","per 100 Children",2015,23.713508610850003
"NER","Niger","admin0","Infection Prevalence","per 100 Children",2016,21.1394514757961
"NER","Niger","admin0","Infection Prevalence","per 100 Children",2017,20.5485288441787
"NER","Niger","admin0","Infection Prevalence","per 100 Children",2018,20.883824061373097
"NER","Niger","admin0","Infection Prevalence","per 100 Children",2019,21.8805632844606
"NER","Niger","admin0","Infection Prevalence","per 100 Children",2020,21.6221207486027
"NER","Niger","admin0","Infection Prevalence","per 100 Children",2021,20.8074449308062
"NER","Niger","admin0","Infection Prevalence","per 100 Children",2022,20.0031058232249
"NER","Niger","admin0","Infection Prevalence","per 100 Children",2023,19.0698596431844
"NER","Niger","admin0","Infection Prevalence","per 100 Children",2024,19.584405839920098
"NER","Niger","admin0","Infection Prevalence","per 100 Children",2025,19.439708444696798
"NGA","Nigeria","admin0","Incidence Rate","Cases per Thousand",2000,398.30991658194
"NGA","Nigeria","admin0","Incidence Rate","Cases per Thousand",2001,399.814147222244
"NGA","Nigeria","admin0","Incidence Rate","Cases per Thousand",2002,407.56283565715
"NGA","Nigeria","admin0","Incidence Rate","Cases per Thousand",2003,413.800395076746
"NGA","Nigeria","admin0","Incidence Rate","Cases per Thousand",2004,418.61734843565404
"NGA","Nigeria","admin0","Incidence Rate","Cases per Thousand",2005,423.83089625950396
"NGA","Nigeria","admin0","Incidence Rate","Cases per Thousand",2006,435.256175670593
"NGA","Nigeria","admin0","Incidence Rate","Cases per Thousand",2007,442.431469323557
"NGA","Nigeria","admin0","Incidence Rate","Cases per Thousand",2008,439.864383752604
"NGA","Nigeria","admin0","Incidence Rate","Cases per Thousand",2009,416.605264481073
"NGA","Nigeria","admin0","Incidence Rate","Cases per Thousand",2010,378.486806339235
"NGA","Nigeria","admin0","Incidence Rate","Cases per Thousand",2011,355.64351648106503
"NGA","Nigeria","admin0","Incidence Rate","Cases per Thousand",2012,351.000594938881
"NGA","Nigeria","admin0","Incidence Rate","Cases per Thousand",2013,348.71663559685
"NGA","Nigeria","admin0","Incidence Rate","Cases per Thousand",2014,332.62137385082104
"NGA","Nigeria","admin0","Incidence Rate","Cases per Thousand",2015,299.153623594048
"NGA","Nigeria","admin0","Incidence Rate","Cases per Thousand",2016,272.386817000962
"NGA","Nigeria","admin0","Incidence Rate","Cases per Thousand",2017,273.817251283548
"NGA","Nigeria","admin0","Incidence Rate","Cases per Thousand",2018,303.672471445087
"NGA","Nigeria","admin0","Incidence Rate","Cases per Thousand",2019,316.313120977979
"NGA","Nigeria","admin0","Incidence Rate","Cases per Thousand",2020,319.86490705603
"NGA","Nigeria","admin0","Incidence Rate","Cases per Thousand",2021,312.44838911453496
"NGA","Nigeria","admin0","Incidence Rate","Cases per Thousand",2022,285.832278743082
"NGA","Nigeria","admin0","Incidence Rate","Cases per Thousand",2023,283.880487869895
"NGA","Nigeria","admin0","Incidence Rate","Cases per Thousand",2024,279.162712794249
"NGA","Nigeria","admin0","Incidence Rate","Cases per Thousand",2025,267.501623078158
"NGA","Nigeria","admin0","Infection Prevalence","per 100 Children",2000,41.141097257212
"NGA","Nigeria","admin0","Infection Prevalence","per 100 Children",2001,41.6915825540917
"NGA","Nigeria","admin0","Infection Prevalence","per 100 Children",2002,42.5800865860396
"NGA","Nigeria","admin0","Infection Prevalence","per 100 Children",2003,42.530680858416595
"NGA","Nigeria","admin0","Infection Prevalence","per 100 Children",2004,42.8428449451895
"NGA","Nigeria","admin0","Infection Prevalence","per 100 Children",2005,43.242014846876096
"NGA","Nigeria","admin0","Infection Prevalence","per 100 Children",2006,44.5284872650993
"NGA","Nigeria","admin0","Infection Prevalence","per 100 Children",2007,45.723583470477905
"NGA","Nigeria","admin0","Infection Prevalence","per 100 Children",2008,44.3977382923773
"NGA","Nigeria","admin0","Infection Prevalence","per 100 Children",2009,39.4801982013557
"NGA","Nigeria","admin0","Infection Prevalence","per 100 Children",2010,34.0945996276111
"NGA","Nigeria","admin0","Infection Prevalence","per 100 Children",2011,31.2217745659367
"NGA","Nigeria","admin0","Infection Prevalence","per 100 Children",2012,30.7216670083312
"NGA","Nigeria","admin0","Infection Prevalence","per 100 Children",2013,30.749381047779202
"NGA","Nigeria","admin0","Infection Prevalence","per 100 Children",2014,28.516981356779
"NGA","Nigeria","admin0","Infection Prevalence","per 100 Children",2015,24.232699602308898
"NGA","Nigeria","admin0","Infection Prevalence","per 100 Children",2016,21.4261317048652
"NGA","Nigeria","admin0","Infection Prevalence","per 100 Children",2017,21.5575553826702
"NGA","Nigeria","admin0","Infection Prevalence","per 100 Children",2018,24.6704458699368
"NGA","Nigeria","admin0","Infection Prevalence","per 100 Children",2019,26.3787501470014
"NGA","Nigeria","admin0","Infection Prevalence","per 100 Children",2020,27.0018623417622
"NGA","Nigeria","admin0","Infection Prevalence","per 100 Children",2021,26.1864998237672
"NGA","Nigeria","admin0","Infection Prevalence","per 100 Children",2022,23.476701511551102
"NGA","Nigeria","admin0","Infection Prevalence","per 100 Children",2023,23.9095387529452
"NGA","Nigeria","admin0","Infection Prevalence","per 100 Children",2024,24.0803184169753
"NGA","Nigeria","admin0","Infection Prevalence","per 100 Children",2025,23.9868412833527
"NIC","Nicaragua","admin0","Incidence Rate","Cases per Thousand",2000,0.580484118148382
"NIC","Nicaragua","admin0","Incidence Rate","Cases per Thousand",2001,0.534539086294451
"NIC","Nicaragua","admin0","Incidence Rate","Cases per Thousand",2002,0.42734062532293
"NIC","Nicaragua","admin0","Incidence Rate","Cases per Thousand",2003,0.505121443588319
"NIC","Nicaragua","admin0","Incidence Rate","Cases per Thousand",2004,0.483213717528024
"NIC","Nicaragua","admin0","Incidence Rate","Cases per Thousand",2005,0.443733918628149
"NIC","Nicaragua","admin0","Incidence Rate","Cases per Thousand",2006,0.130017682363341
"NIC","Nicaragua","admin0","Incidence Rate","Cases per Thousand",2007,0.0396514115563958
"NIC","Nicaragua","admin0","Incidence Rate","Cases per Thousand",2008,0.0218426839091176
"NIC","Nicaragua","admin0","Incidence Rate","Cases per Thousand",2009,0.034471203817565105
"NIC","Nicaragua","admin0","Incidence Rate","Cases per Thousand",2010,0.0531464132162651
"NIC","Nicaragua","admin0","Incidence Rate","Cases per Thousand",2011,0.0509525870709875
"NIC","Nicaragua","admin0","Incidence Rate","Cases per Thousand",2012,0.0780340796488294
"NIC","Nicaragua","admin0","Incidence Rate","Cases per Thousand",2013,0.0698739542875834
"NIC","Nicaragua","admin0","Incidence Rate","Cases per Thousand",2014,0.0507490031809599
"NIC","Nicaragua","admin0","Incidence Rate","Cases per Thousand",2015,0.11008291826531
"NIC","Nicaragua","admin0","Incidence Rate","Cases per Thousand",2016,0.40267908858803403
"NIC","Nicaragua","admin0","Incidence Rate","Cases per Thousand",2017,0.557155424571808
"NIC","Nicaragua","admin0","Incidence Rate","Cases per Thousand",2018,0.397627681926643
"NIC","Nicaragua","admin0","Incidence Rate","Cases per Thousand",2019,0.7266060372492521
"NIC","Nicaragua","admin0","Incidence Rate","Cases per Thousand",2020,3.43694032214996
"NIC","Nicaragua","admin0","Incidence Rate","Cases per Thousand",2021,2.94649943680462
"NIC","Nicaragua","admin0","Incidence Rate","Cases per Thousand",2022,1.41168570663517
"NIC","Nicaragua","admin0","Incidence Rate","Cases per Thousand",2023,0.32902571094524796
"NIC","Nicaragua","admin0","Incidence Rate","Cases per Thousand",2024,0.0602190591100299
"NIC","Nicaragua","admin0","Incidence Rate","Cases per Thousand",2025,0.13716013200194402
"NIC","Nicaragua","admin0","Infection Prevalence","per 100 Children",2000,0.0221823517681726
"NIC","Nicaragua","admin0","Infection Prevalence","per 100 Children",2001,0.0204301248402971
"NIC","Nicaragua","admin0","Infection Prevalence","per 100 Children",2002,0.0163340455992899
"NIC","Nicaragua","admin0","Infection Prevalence","per 100 Children",2003,0.0193013023089143
"NIC","Nicaragua","admin0","Infection Prevalence","per 100 Children",2004,0.0184706955718736
"NIC","Nicaragua","admin0","Infection Prevalence","per 100 Children",2005,0.016956619223211702
"NIC","Nicaragua","admin0","Infection Prevalence","per 100 Children",2006,0.00465521910716045
"NIC","Nicaragua","admin0","Infection Prevalence","per 100 Children",2007,0.00659526657340982
"NIC","Nicaragua","admin0","Infection Prevalence","per 100 Children",2008,0.00659516967376486
"NIC","Nicaragua","admin0","Infection Prevalence","per 100 Children",2009,0.00659506347744914
"NIC","Nicaragua","admin0","Infection Prevalence","per 100 Children",2010,0.00660275199504088
"NIC","Nicaragua","admin0","Infection Prevalence","per 100 Children",2011,0.00659967456470822
"NIC","Nicaragua","admin0","Infection Prevalence","per 100 Children",2012,0.00633541990416056
"NIC","Nicaragua","admin0","Infection Prevalence","per 100 Children",2013,0.00658625142537966
"NIC","Nicaragua","admin0","Infection Prevalence","per 100 Children",2014,0.006599215049352551
"NIC","Nicaragua","admin0","Infection Prevalence","per 100 Children",2015,0.004127697098463419
"NIC","Nicaragua","admin0","Infection Prevalence","per 100 Children",2016,0.015390702973292099
"NIC","Nicaragua","admin0","Infection Prevalence","per 100 Children",2017,0.0212968365787003
"NIC","Nicaragua","admin0","Infection Prevalence","per 100 Children",2018,0.015197911615405499
"NIC","Nicaragua","admin0","Infection Prevalence","per 100 Children",2019,0.0277771975659573
"NIC","Nicaragua","admin0","Infection Prevalence","per 100 Children",2020,0.131581370258243
"NIC","Nicaragua","admin0","Infection Prevalence","per 100 Children",2021,0.112777059408193
"NIC","Nicaragua","admin0","Infection Prevalence","per 100 Children",2022,0.0539890229592754
"NIC","Nicaragua","admin0","Infection Prevalence","per 100 Children",2023,0.012576327935368
"NIC","Nicaragua","admin0","Infection Prevalence","per 100 Children",2024,0.00240191932762066
"NIC","Nicaragua","admin0","Infection Prevalence","per 100 Children",2025,0.00535091692039227
"NPL","Nepal","admin0","Incidence Rate","Cases per Thousand",2000,0.253279410236891
"NPL","Nepal","admin0","Incidence Rate","Cases per Thousand",2001,0.257220900118712
"NPL","Nepal","admin0","Incidence Rate","Cases per Thousand",2002,0.861236932649845
"NPL","Nepal","admin0","Incidence Rate","Cases per Thousand",2003,0.6120394981461189
"NPL","Nepal","admin0","Incidence Rate","Cases per Thousand",2004,0.393133760815296
"NPL","Nepal","admin0","Incidence Rate","Cases per Thousand",2005,0.443523017649915
"NPL","Nepal","admin0","Incidence Rate","Cases per Thousand",2006,0.627869038959197
"NPL","Nepal","admin0","Incidence Rate","Cases per Thousand",2007,0.6818173752365
"NPL","Nepal","admin0","Incidence Rate","Cases per Thousand",2008,0.384183728206308
"NPL","Nepal","admin0","Incidence Rate","Cases per Thousand",2009,0.305960302192041
"NPL","Nepal","admin0","Incidence Rate","Cases per Thousand",2010,0.341475678039839
"NPL","Nepal","admin0","Incidence Rate","Cases per Thousand",2011,0.16552077740198
"NPL","Nepal","admin0","Incidence Rate","Cases per Thousand",2012,0.12537154354496
"NPL","Nepal","admin0","Incidence Rate","Cases per Thousand",2013,0.0821773492758199
"NPL","Nepal","admin0","Incidence Rate","Cases per Thousand",2014,0.045040426272487305
"NPL","Nepal","admin0","Incidence Rate","Cases per Thousand",2015,0.0408809102838757
"NPL","Nepal","admin0","Incidence Rate","Cases per Thousand",2016,0.0210181112779704
"NPL","Nepal","admin0","Incidence Rate","Cases per Thousand",2017,0.00774132793810604
"NPL","Nepal","admin0","Incidence Rate","Cases per Thousand",2018,0.00260854755129336
"NPL","Nepal","admin0","Incidence Rate","Cases per Thousand",2019,0.00198133820199081
"NPL","Nepal","admin0","Incidence Rate","Cases per Thousand",2020,0.00042686694140129695
"NPL","Nepal","admin0","Incidence Rate","Cases per Thousand",2021,0.0000983710539293805
"NPL","Nepal","admin0","Incidence Rate","Cases per Thousand",2022,0.00009767653904628431
"NPL","Nepal","admin0","Incidence Rate","Cases per Thousand",2023,0.000103389665026048
"NPL","Nepal","admin0","Incidence Rate","Cases per Thousand",2024,0.000160318548123894
"NPL","Nepal","admin0","Incidence Rate","Cases per Thousand",2025,0.0005734261916102721
"NPL","Nepal","admin0","Infection Prevalence","per 100 Children",2000,0.00960880204628021
"NPL","Nepal","admin0","Infection Prevalence","per 100 Children",2001,0.00975733563789459
"NPL","Nepal","admin0","Infection Prevalence","per 100 Children",2002,0.0329282046298046
"NPL","Nepal","admin0","Infection Prevalence","per 100 Children",2003,0.0233942361061883
"NPL","Nepal","admin0","Infection Prevalence","per 100 Children",2004,0.0150256261180048
"NPL","Nepal","admin0","Infection Prevalence","per 100 Children",2005,0.016952012133802
"NPL","Nepal","admin0","Infection Prevalence","per 100 Children",2006,0.024001831749896
"NPL","Nepal","admin0","Infection Prevalence","per 100 Children",2007,0.0260644313313277
"NPL","Nepal","admin0","Infection Prevalence","per 100 Children",2008,0.01468451755536
"NPL","Nepal","admin0","Infection Prevalence","per 100 Children",2009,0.0116800513821411
"NPL","Nepal","admin0","Infection Prevalence","per 100 Children",2010,0.013052112743961399
"NPL","Nepal","admin0","Infection Prevalence","per 100 Children",2011,0.0063319466900474105
"NPL","Nepal","admin0","Infection Prevalence","per 100 Children",2012,0.00463496024046464
"NPL","Nepal","admin0","Infection Prevalence","per 100 Children",2013,0.00573989411081682
"NPL","Nepal","admin0","Infection Prevalence","per 100 Children",2014,0.00660789383792937
"NPL","Nepal","admin0","Infection Prevalence","per 100 Children",2015,0.00660745253340529
"NPL","Nepal","admin0","Infection Prevalence","per 100 Children",2016,0.0066051450505938605
"NPL","Nepal","admin0","Infection Prevalence","per 100 Children",2017,0.006376648389608849
"NPL","Nepal","admin0","Infection Prevalence","per 100 Children",2018,0.006355424391165699
"NPL","Nepal","admin0","Infection Prevalence","per 100 Children",2019,0.00634401337793751
"NPL","Nepal","admin0","Infection Prevalence","per 100 Children",2020,0.006336885631216931
"NPL","Nepal","admin0","Infection Prevalence","per 100 Children",2021,0.00633689553293931
"NPL","Nepal","admin0","Infection Prevalence","per 100 Children",2022,0.0063369217059605
"NPL","Nepal","admin0","Infection Prevalence","per 100 Children",2023,0.00633697725326526
"NPL","Nepal","admin0","Infection Prevalence","per 100 Children",2024,0.0063370265976757595
"NPL","Nepal","admin0","Infection Prevalence","per 100 Children",2025,0.00633706726842445
"OMN","Oman","admin0","Incidence Rate","Cases per Thousand",2000,0.00118980783338554
"OMN","Oman","admin0","Incidence Rate","Cases per Thousand",2001,0.000388313685440938
"OMN","Oman","admin0","Incidence Rate","Cases per Thousand",2002,0.00115231611154889
"OMN","Oman","admin0","Incidence Rate","Cases per Thousand",2003,0.0010277998062511301
"OMN","Oman","admin0","Incidence Rate","Cases per Thousand",2004,0
"OMN","Oman","admin0","Incidence Rate","Cases per Thousand",2005,0
"OMN","Oman","admin0","Incidence Rate","Cases per Thousand",2006,0
"OMN","Oman","admin0","Incidence Rate","Cases per Thousand",2007,0.000209457264230107
"OMN","Oman","admin0","Incidence Rate","Cases per Thousand",2008,0.000295216143871072
"OMN","Oman","admin0","Incidence Rate","Cases per Thousand",2009,0
"OMN","Oman","admin0","Incidence Rate","Cases per Thousand",2010,0.00101694616971211
"OMN","Oman","admin0","Incidence Rate","Cases per Thousand",2011,0.000290786328144727
"OMN","Oman","admin0","Incidence Rate","Cases per Thousand",2012,0.000301184656044109
"OMN","Oman","admin0","Incidence Rate","Cases per Thousand",2013,0.00019839220171255801
"OMN","Oman","admin0","Incidence Rate","Cases per Thousand",2014,0.000588479569475302
"OMN","Oman","admin0","Incidence Rate","Cases per Thousand",2015,0.000204950512922361
"OMN","Oman","admin0","Incidence Rate","Cases per Thousand",2016,0.000196104879709273
"OMN","Oman","admin0","Incidence Rate","Cases per Thousand",2017,0.000208668334780767
"OMN","Oman","admin0","Incidence Rate","Cases per Thousand",2018,0.00017592438210741701
"OMN","Oman","admin0","Incidence Rate","Cases per Thousand",2019,0.000143266002031219
"OMN","Oman","admin0","Incidence Rate","Cases per Thousand",2020,0.000122583414980854
"OMN","Oman","admin0","Incidence Rate","Cases per Thousand",2021,0.000093619535965422
"OMN","Oman","admin0","Incidence Rate","Cases per Thousand",2022,0.0000806720077026377
"OMN","Oman","admin0","Incidence Rate","Cases per Thousand",2023,0.000086731363932935
"OMN","Oman","admin0","Incidence Rate","Cases per Thousand",2024,0.0000930124710089007
"OMN","Oman","admin0","Incidence Rate","Cases per Thousand",2025,0.000143731449033822
"OMN","Oman","admin0","Infection Prevalence","per 100 Children",2000,0.00659526038627137
"OMN","Oman","admin0","Infection Prevalence","per 100 Children",2001,0.006594828906057721
"OMN","Oman","admin0","Infection Prevalence","per 100 Children",2002,0.00659532010221582
"OMN","Oman","admin0","Infection Prevalence","per 100 Children",2003,0.00659507924232902
"OMN","Oman","admin0","Infection Prevalence","per 100 Children",2004,0
"OMN","Oman","admin0","Infection Prevalence","per 100 Children",2005,0
"OMN","Oman","admin0","Infection Prevalence","per 100 Children",2006,0
"OMN","Oman","admin0","Infection Prevalence","per 100 Children",2007,0.00659439142617567
"OMN","Oman","admin0","Infection Prevalence","per 100 Children",2008,0.00659413529630349
"OMN","Oman","admin0","Infection Prevalence","per 100 Children",2009,0
"OMN","Oman","admin0","Infection Prevalence","per 100 Children",2010,0.00659364801446291
"OMN","Oman","admin0","Infection Prevalence","per 100 Children",2011,0.006593423110743849
"OMN","Oman","admin0","Infection Prevalence","per 100 Children",2012,0.0065932397454646
"OMN","Oman","admin0","Infection Prevalence","per 100 Children",2013,0.00659311803895591
"OMN","Oman","admin0","Infection Prevalence","per 100 Children",2014,0.006593067244367359
"OMN","Oman","admin0","Infection Prevalence","per 100 Children",2015,0.00659309605608949
"OMN","Oman","admin0","Infection Prevalence","per 100 Children",2016,0.006593218389587669
"OMN","Oman","admin0","Infection Prevalence","per 100 Children",2017,0.00659343460664931
"OMN","Oman","admin0","Infection Prevalence","per 100 Children",2018,0.006593732870883151
"OMN","Oman","admin0","Infection Prevalence","per 100 Children",2019,0.00659409361258494
"OMN","Oman","admin0","Infection Prevalence","per 100 Children",2020,0.00659449117589787
"OMN","Oman","admin0","Infection Prevalence","per 100 Children",2021,0.0065948862278465805
"OMN","Oman","admin0","Infection Prevalence","per 100 Children",2022,0.00659526332669381
"OMN","Oman","admin0","Infection Prevalence","per 100 Children",2023,0.0065956056566128995
"OMN","Oman","admin0","Infection Prevalence","per 100 Children",2024,0.006595897498220261
"OMN","Oman","admin0","Infection Prevalence","per 100 Children",2025,0.00659612241075391
"PAK","Pakistan","admin0","Incidence Rate","Cases per Thousand",2000,6.5259461613891405
"PAK","Pakistan","admin0","Incidence Rate","Cases per Thousand",2001,5.6611237905436
"PAK","Pakistan","admin0","Incidence Rate","Cases per Thousand",2002,5.05818170358418
"PAK","Pakistan","admin0","Incidence Rate","Cases per Thousand",2003,5.04291856613244
"PAK","Pakistan","admin0","Incidence Rate","Cases per Thousand",2004,3.16634487046738
"PAK","Pakistan","admin0","Incidence Rate","Cases per Thousand",2005,4.93463246838037
"PAK","Pakistan","admin0","Incidence Rate","Cases per Thousand",2006,4.62970848068878
"PAK","Pakistan","admin0","Incidence Rate","Cases per Thousand",2007,4.6329730341259605
"PAK","Pakistan","admin0","Incidence Rate","Cases per Thousand",2008,3.41200494055292
"PAK","Pakistan","admin0","Incidence Rate","Cases per Thousand",2009,5.190568215106341
"PAK","Pakistan","admin0","Incidence Rate","Cases per Thousand",2010,8.440955329355958
"PAK","Pakistan","admin0","Incidence Rate","Cases per Thousand",2011,8.696050267915119
"PAK","Pakistan","admin0","Incidence Rate","Cases per Thousand",2012,7.879138590006661
"PAK","Pakistan","admin0","Incidence Rate","Cases per Thousand",2013,3.93411098404232
"PAK","Pakistan","admin0","Incidence Rate","Cases per Thousand",2014,2.49762827027214
"PAK","Pakistan","admin0","Incidence Rate","Cases per Thousand",2015,2.4068379095726002
"PAK","Pakistan","admin0","Incidence Rate","Cases per Thousand",2016,3.16550453968688
"PAK","Pakistan","admin0","Incidence Rate","Cases per Thousand",2017,2.5747417224831497
"PAK","Pakistan","admin0","Incidence Rate","Cases per Thousand",2018,2.15449663413444
"PAK","Pakistan","admin0","Incidence Rate","Cases per Thousand",2019,2.5947426591470997
"PAK","Pakistan","admin0","Incidence Rate","Cases per Thousand",2020,2.23675284108847
"PAK","Pakistan","admin0","Incidence Rate","Cases per Thousand",2021,2.6581510153765002
"PAK","Pakistan","admin0","Incidence Rate","Cases per Thousand",2022,15.4527641020346
"PAK","Pakistan","admin0","Incidence Rate","Cases per Thousand",2023,22.3191560187757
"PAK","Pakistan","admin0","Incidence Rate","Cases per Thousand",2024,12.8902618123174
"PAK","Pakistan","admin0","Incidence Rate","Cases per Thousand",2025,16.8431199682147
"PAK","Pakistan","admin0","Infection Prevalence","per 100 Children",2000,0.263026255408574
"PAK","Pakistan","admin0","Infection Prevalence","per 100 Children",2001,0.228582344365159
"PAK","Pakistan","admin0","Infection Prevalence","per 100 Children",2002,0.19999912052718
"PAK","Pakistan","admin0","Infection Prevalence","per 100 Children",2003,0.19815877250303698
"PAK","Pakistan","admin0","Infection Prevalence","per 100 Children",2004,0.12500539868344598
"PAK","Pakistan","admin0","Infection Prevalence","per 100 Children",2005,0.19049658033210298
"PAK","Pakistan","admin0","Infection Prevalence","per 100 Children",2006,0.182127477361928
"PAK","Pakistan","admin0","Infection Prevalence","per 100 Children",2007,0.179384802954074
"PAK","Pakistan","admin0","Infection Prevalence","per 100 Children",2008,0.13121600823451002
"PAK","Pakistan","admin0","Infection Prevalence","per 100 Children",2009,0.199970791200717
"PAK","Pakistan","admin0","Infection Prevalence","per 100 Children",2010,0.325772774529984
"PAK","Pakistan","admin0","Infection Prevalence","per 100 Children",2011,0.336276269594798
"PAK","Pakistan","admin0","Infection Prevalence","per 100 Children",2012,0.303822807133766
"PAK","Pakistan","admin0","Infection Prevalence","per 100 Children",2013,0.151148970672897
"PAK","Pakistan","admin0","Infection Prevalence","per 100 Children",2014,0.0990311551284945
"PAK","Pakistan","admin0","Infection Prevalence","per 100 Children",2015,0.0956101594689914
"PAK","Pakistan","admin0","Infection Prevalence","per 100 Children",2016,0.123404848309747
"PAK","Pakistan","admin0","Infection Prevalence","per 100 Children",2017,0.101176491000988
"PAK","Pakistan","admin0","Infection Prevalence","per 100 Children",2018,0.0857091281362886
"PAK","Pakistan","admin0","Infection Prevalence","per 100 Children",2019,0.0999655936211351
"PAK","Pakistan","admin0","Infection Prevalence","per 100 Children",2020,0.0871053763703315
"PAK","Pakistan","admin0","Infection Prevalence","per 100 Children",2021,0.104239797792183
"PAK","Pakistan","admin0","Infection Prevalence","per 100 Children",2022,0.6143264929155451
"PAK","Pakistan","admin0","Infection Prevalence","per 100 Children",2023,0.8977810982275619
"PAK","Pakistan","admin0","Infection Prevalence","per 100 Children",2024,0.5126641850190741
"PAK","Pakistan","admin0","Infection Prevalence","per 100 Children",2025,0.6836017822897
"PAN","Panama","admin0","Incidence Rate","Cases per Thousand",2000,0.0312200381934982
"PAN","Panama","admin0","Incidence Rate","Cases per Thousand",2001,0.0272847216534975
"PAN","Panama","admin0","Incidence Rate","Cases per Thousand",2002,0.229638546174016
"PAN","Panama","admin0","Incidence Rate","Cases per Thousand",2003,0.421651755751691
"PAN","Panama","admin0","Incidence Rate","Cases per Thousand",2004,0.569207854065475
"PAN","Panama","admin0","Incidence Rate","Cases per Thousand",2005,0.480784427661681
"PAN","Panama","admin0","Incidence Rate","Cases per Thousand",2006,0.0395949735246269
"PAN","Panama","admin0","Incidence Rate","Cases per Thousand",2007,0.0282762315827609
"PAN","Panama","admin0","Incidence Rate","Cases per Thousand",2008,0.00230868053354358
"PAN","Panama","admin0","Incidence Rate","Cases per Thousand",2009,0.00170500620346891
"PAN","Panama","admin0","Incidence Rate","Cases per Thousand",2010,0.0108082558982093
"PAN","Panama","admin0","Incidence Rate","Cases per Thousand",2011,0.000241136783684171
"PAN","Panama","admin0","Incidence Rate","Cases per Thousand",2012,0.000137180198461955
"PAN","Panama","admin0","Incidence Rate","Cases per Thousand",2013,0
"PAN","Panama","admin0","Incidence Rate","Cases per Thousand",2014,0
"PAN","Panama","admin0","Incidence Rate","Cases per Thousand",2015,0
"PAN","Panama","admin0","Incidence Rate","Cases per Thousand",2016,0.0102002298355958
"PAN","Panama","admin0","Incidence Rate","Cases per Thousand",2017,0.000554497312141111
"PAN","Panama","admin0","Incidence Rate","Cases per Thousand",2018,0
"PAN","Panama","admin0","Incidence Rate","Cases per Thousand",2019,0.01302380171756
"PAN","Panama","admin0","Incidence Rate","Cases per Thousand",2020,0.0043508629999943395
"PAN","Panama","admin0","Incidence Rate","Cases per Thousand",2021,0.00314851795861787
"PAN","Panama","admin0","Incidence Rate","Cases per Thousand",2022,0.0119021572741494
"PAN","Panama","admin0","Incidence Rate","Cases per Thousand",2023,0.0040660686887929905
"PAN","Panama","admin0","Incidence Rate","Cases per Thousand",2024,0.0008101532875240849
"PAN","Panama","admin0","Incidence Rate","Cases per Thousand",2025,0.00455846129850649
"PAN","Panama","admin0","Infection Prevalence","per 100 Children",2000,0.006594355225415051
"PAN","Panama","admin0","Infection Prevalence","per 100 Children",2001,0.00659447485800279
"PAN","Panama","admin0","Infection Prevalence","per 100 Children",2002,0.00851099587919552
"PAN","Panama","admin0","Infection Prevalence","per 100 Children",2003,0.016091631632392002
"PAN","Panama","admin0","Infection Prevalence","per 100 Children",2004,0.0217636613169849
"PAN","Panama","admin0","Infection Prevalence","per 100 Children",2005,0.0183915219114759
"PAN","Panama","admin0","Infection Prevalence","per 100 Children",2006,0.006595674751625371
"PAN","Panama","admin0","Infection Prevalence","per 100 Children",2007,0.006595583916532189
"PAN","Panama","admin0","Infection Prevalence","per 100 Children",2008,0.00659540314027408
"PAN","Panama","admin0","Infection Prevalence","per 100 Children",2009,0.00659520140038079
"PAN","Panama","admin0","Infection Prevalence","per 100 Children",2010,0.00659503774701798
"PAN","Panama","admin0","Infection Prevalence","per 100 Children",2011,0.00270393293860397
"PAN","Panama","admin0","Infection Prevalence","per 100 Children",2012,0.00158278507423005
"PAN","Panama","admin0","Infection Prevalence","per 100 Children",2013,0
"PAN","Panama","admin0","Infection Prevalence","per 100 Children",2014,0
"PAN","Panama","admin0","Infection Prevalence","per 100 Children",2015,0
"PAN","Panama","admin0","Infection Prevalence","per 100 Children",2016,0.0065946746604927005
"PAN","Panama","admin0","Infection Prevalence","per 100 Children",2017,0.00586929991334842
"PAN","Panama","admin0","Infection Prevalence","per 100 Children",2018,0
"PAN","Panama","admin0","Infection Prevalence","per 100 Children",2019,0.00659473058084806
"PAN","Panama","admin0","Infection Prevalence","per 100 Children",2020,0.00659477528520513
"PAN","Panama","admin0","Infection Prevalence","per 100 Children",2021,0.00659494260774205
"PAN","Panama","admin0","Infection Prevalence","per 100 Children",2022,0.006595251191506099
"PAN","Panama","admin0","Infection Prevalence","per 100 Children",2023,0.00659547590220451
"PAN","Panama","admin0","Infection Prevalence","per 100 Children",2024,0.00395748741831814
"PAN","Panama","admin0","Infection Prevalence","per 100 Children",2025,0.00277028289994868
"PER","Peru","admin0","Incidence Rate","Cases per Thousand",2000,2.77714179509718
"PER","Peru","admin0","Incidence Rate","Cases per Thousand",2001,1.62715261339171
"PER","Peru","admin0","Incidence Rate","Cases per Thousand",2002,1.55766789130109
"PER","Peru","admin0","Incidence Rate","Cases per Thousand",2003,1.60655437304634
"PER","Peru","admin0","Incidence Rate","Cases per Thousand",2004,1.67018057404069
"PER","Peru","admin0","Incidence Rate","Cases per Thousand",2005,1.03724214631845
"PER","Peru","admin0","Incidence Rate","Cases per Thousand",2006,0.586828766570664
"PER","Peru","admin0","Incidence Rate","Cases per Thousand",2007,0.5585147508215059
"PER","Peru","admin0","Incidence Rate","Cases per Thousand",2008,0.408771189419792
"PER","Peru","admin0","Incidence Rate","Cases per Thousand",2009,0.33724502133533296
"PER","Peru","admin0","Incidence Rate","Cases per Thousand",2010,0.15109084635421602
"PER","Peru","admin0","Incidence Rate","Cases per Thousand",2011,0.199089373310183
"PER","Peru","admin0","Incidence Rate","Cases per Thousand",2012,0.216551537985622
"PER","Peru","admin0","Incidence Rate","Cases per Thousand",2013,0.44758229889043
"PER","Peru","admin0","Incidence Rate","Cases per Thousand",2014,0.6107789578680359
"PER","Peru","admin0","Incidence Rate","Cases per Thousand",2015,0.883983016530275
"PER","Peru","admin0","Incidence Rate","Cases per Thousand",2016,1.3229790136016901
"PER","Peru","admin0","Incidence Rate","Cases per Thousand",2017,0.80017442867219
"PER","Peru","admin0","Incidence Rate","Cases per Thousand",2018,0.499941156056643
"PER","Peru","admin0","Incidence Rate","Cases per Thousand",2019,0.324817640660324
"PER","Peru","admin0","Incidence Rate","Cases per Thousand",2020,0.29741266917043496
"PER","Peru","admin0","Incidence Rate","Cases per Thousand",2021,0.187366446906266
"PER","Peru","admin0","Incidence Rate","Cases per Thousand",2022,0.213271278773341
"PER","Peru","admin0","Incidence Rate","Cases per Thousand",2023,0.185178635890869
"PER","Peru","admin0","Incidence Rate","Cases per Thousand",2024,0.30241141166471996
"PER","Peru","admin0","Incidence Rate","Cases per Thousand",2025,0.40421206663023
"PER","Peru","admin0","Infection Prevalence","per 100 Children",2000,0.107050137803079
"PER","Peru","admin0","Infection Prevalence","per 100 Children",2001,0.0624041221767967
"PER","Peru","admin0","Infection Prevalence","per 100 Children",2002,0.059590808215231904
"PER","Peru","admin0","Infection Prevalence","per 100 Children",2003,0.061570038610255104
"PER","Peru","admin0","Infection Prevalence","per 100 Children",2004,0.06387328728965559
"PER","Peru","admin0","Infection Prevalence","per 100 Children",2005,0.039657004479773196
"PER","Peru","admin0","Infection Prevalence","per 100 Children",2006,0.022430429145157
"PER","Peru","admin0","Infection Prevalence","per 100 Children",2007,0.021347466473655898
"PER","Peru","admin0","Infection Prevalence","per 100 Children",2008,0.015622592926900198
"PER","Peru","admin0","Infection Prevalence","per 100 Children",2009,0.0128884507348977
"PER","Peru","admin0","Infection Prevalence","per 100 Children",2010,0.00604089965259159
"PER","Peru","admin0","Infection Prevalence","per 100 Children",2011,0.00710976587909226
"PER","Peru","admin0","Infection Prevalence","per 100 Children",2012,0.007877499220290081
"PER","Peru","admin0","Infection Prevalence","per 100 Children",2013,0.017106725514773703
"PER","Peru","admin0","Infection Prevalence","per 100 Children",2014,0.0233445976020807
"PER","Peru","admin0","Infection Prevalence","per 100 Children",2015,0.033791108278936804
"PER","Peru","admin0","Infection Prevalence","per 100 Children",2016,0.0509476727002222
"PER","Peru","admin0","Infection Prevalence","per 100 Children",2017,0.030585461743837097
"PER","Peru","admin0","Infection Prevalence","per 100 Children",2018,0.019109603476263
"PER","Peru","admin0","Infection Prevalence","per 100 Children",2019,0.0124145382103585
"PER","Peru","admin0","Infection Prevalence","per 100 Children",2020,0.0113668411455494
"PER","Peru","admin0","Infection Prevalence","per 100 Children",2021,0.00681477357933509
"PER","Peru","admin0","Infection Prevalence","per 100 Children",2022,0.007641351400190371
"PER","Peru","admin0","Infection Prevalence","per 100 Children",2023,0.006779199567872939
"PER","Peru","admin0","Infection Prevalence","per 100 Children",2024,0.0115580613404968
"PER","Peru","admin0","Infection Prevalence","per 100 Children",2025,0.0159862543154171
"PHL","Philippines","admin0","Incidence Rate","Cases per Thousand",2000,1.0396316367640102
"PHL","Philippines","admin0","Incidence Rate","Cases per Thousand",2001,0.771542375939535
"PHL","Philippines","admin0","Incidence Rate","Cases per Thousand",2002,0.875538516482601
"PHL","Philippines","admin0","Incidence Rate","Cases per Thousand",2003,0.938934929971101
"PHL","Philippines","admin0","Incidence Rate","Cases per Thousand",2004,0.89108378673142
"PHL","Philippines","admin0","Incidence Rate","Cases per Thousand",2005,0.792358978233344
"PHL","Philippines","admin0","Incidence Rate","Cases per Thousand",2006,0.8509473237191619
"PHL","Philippines","admin0","Incidence Rate","Cases per Thousand",2007,0.8269856050051151
"PHL","Philippines","admin0","Incidence Rate","Cases per Thousand",2008,0.603691399813306
"PHL","Philippines","admin0","Incidence Rate","Cases per Thousand",2009,0.527891433656225
"PHL","Philippines","admin0","Incidence Rate","Cases per Thousand",2010,0.49932088423656595
"PHL","Philippines","admin0","Incidence Rate","Cases per Thousand",2011,0.234473542167849
"PHL","Philippines","admin0","Incidence Rate","Cases per Thousand",2012,0.175346990896538
"PHL","Philippines","admin0","Incidence Rate","Cases per Thousand",2013,0.176153689009436
"PHL","Philippines","admin0","Incidence Rate","Cases per Thousand",2014,0.155300698374151
"PHL","Philippines","admin0","Incidence Rate","Cases per Thousand",2015,0.23917443772098798
"PHL","Philippines","admin0","Incidence Rate","Cases per Thousand",2016,0.153131432924216
"PHL","Philippines","admin0","Incidence Rate","Cases per Thousand",2017,0.141655948822689
"PHL","Philippines","admin0","Incidence Rate","Cases per Thousand",2018,0.10193560249764201
"PHL","Philippines","admin0","Incidence Rate","Cases per Thousand",2019,0.117863722809957
"PHL","Philippines","admin0","Incidence Rate","Cases per Thousand",2020,0.114257136276511
"PHL","Philippines","admin0","Incidence Rate","Cases per Thousand",2021,0.0817751833368659
"PHL","Philippines","admin0","Incidence Rate","Cases per Thousand",2022,0.0642688728191067
"PHL","Philippines","admin0","Incidence Rate","Cases per Thousand",2023,0.11561041971496
"PHL","Philippines","admin0","Incidence Rate","Cases per Thousand",2024,0.163845708385251
"PHL","Philippines","admin0","Incidence Rate","Cases per Thousand",2025,0.204929106198173
"PHL","Philippines","admin0","Infection Prevalence","per 100 Children",2000,0.0450653442777612
"PHL","Philippines","admin0","Infection Prevalence","per 100 Children",2001,0.0347997390100898
"PHL","Philippines","admin0","Infection Prevalence","per 100 Children",2002,0.0385302729140153
"PHL","Philippines","admin0","Infection Prevalence","per 100 Children",2003,0.0455018744031144
"PHL","Philippines","admin0","Infection Prevalence","per 100 Children",2004,0.0441623292641836
"PHL","Philippines","admin0","Infection Prevalence","per 100 Children",2005,0.0394926684587269
"PHL","Philippines","admin0","Infection Prevalence","per 100 Children",2006,0.0410668476364982
"PHL","Philippines","admin0","Infection Prevalence","per 100 Children",2007,0.040271009047978805
"PHL","Philippines","admin0","Infection Prevalence","per 100 Children",2008,0.028726722161708202
"PHL","Philippines","admin0","Infection Prevalence","per 100 Children",2009,0.0221946451555426
"PHL","Philippines","admin0","Infection Prevalence","per 100 Children",2010,0.0208224376458257
"PHL","Philippines","admin0","Infection Prevalence","per 100 Children",2011,0.0121315751528119
"PHL","Philippines","admin0","Infection Prevalence","per 100 Children",2012,0.00879043272129606
"PHL","Philippines","admin0","Infection Prevalence","per 100 Children",2013,0.008120971108238539
"PHL","Philippines","admin0","Infection Prevalence","per 100 Children",2014,0.006602388018065599
"PHL","Philippines","admin0","Infection Prevalence","per 100 Children",2015,0.0097636691703627
"PHL","Philippines","admin0","Infection Prevalence","per 100 Children",2016,0.00602815949392842
"PHL","Philippines","admin0","Infection Prevalence","per 100 Children",2017,0.00578421876841819
"PHL","Philippines","admin0","Infection Prevalence","per 100 Children",2018,0.00402420812163955
"PHL","Philippines","admin0","Infection Prevalence","per 100 Children",2019,0.0047279269694023
"PHL","Philippines","admin0","Infection Prevalence","per 100 Children",2020,0.00451450560375868
"PHL","Philippines","admin0","Infection Prevalence","per 100 Children",2021,0.0032696460599373196
"PHL","Philippines","admin0","Infection Prevalence","per 100 Children",2022,0.0026116116457304698
"PHL","Philippines","admin0","Infection Prevalence","per 100 Children",2023,0.00456788649601519
"PHL","Philippines","admin0","Infection Prevalence","per 100 Children",2024,0.00643303019119437
"PHL","Philippines","admin0","Infection Prevalence","per 100 Children",2025,0.00806381749105788
"PNG","Papua New Guinea","admin0","Incidence Rate","Cases per Thousand",2000,154.277865271084
"PNG","Papua New Guinea","admin0","Incidence Rate","Cases per Thousand",2001,156.61308296527397
"PNG","Papua New Guinea","admin0","Incidence Rate","Cases per Thousand",2002,135.916220688519
"PNG","Papua New Guinea","admin0","Incidence Rate","Cases per Thousand",2003,137.48883708317499
"PNG","Papua New Guinea","admin0","Incidence Rate","Cases per Thousand",2004,132.355600896342
"PNG","Papua New Guinea","admin0","Incidence Rate","Cases per Thousand",2005,127.49933486751699
"PNG","Papua New Guinea","admin0","Incidence Rate","Cases per Thousand",2006,133.164631116756
"PNG","Papua New Guinea","admin0","Incidence Rate","Cases per Thousand",2007,117.701426050839
"PNG","Papua New Guinea","admin0","Incidence Rate","Cases per Thousand",2008,126.998615912295
"PNG","Papua New Guinea","admin0","Incidence Rate","Cases per Thousand",2009,160.544525914438
"PNG","Papua New Guinea","admin0","Incidence Rate","Cases per Thousand",2010,107.177756707911
"PNG","Papua New Guinea","admin0","Incidence Rate","Cases per Thousand",2011,86.71690705092159
"PNG","Papua New Guinea","admin0","Incidence Rate","Cases per Thousand",2012,82.4300153710925
"PNG","Papua New Guinea","admin0","Incidence Rate","Cases per Thousand",2013,124.551698585856
"PNG","Papua New Guinea","admin0","Incidence Rate","Cases per Thousand",2014,110.461673743709
"PNG","Papua New Guinea","admin0","Incidence Rate","Cases per Thousand",2015,77.654272798316
"PNG","Papua New Guinea","admin0","Incidence Rate","Cases per Thousand",2016,111.247425284175
"PNG","Papua New Guinea","admin0","Incidence Rate","Cases per Thousand",2017,102.43117937659001
"PNG","Papua New Guinea","admin0","Incidence Rate","Cases per Thousand",2018,102.60930377137
"PNG","Papua New Guinea","admin0","Incidence Rate","Cases per Thousand",2019,100.662851910603
"PNG","Papua New Guinea","admin0","Incidence Rate","Cases per Thousand",2020,115.536906544236
"PNG","Papua New Guinea","admin0","Incidence Rate","Cases per Thousand",2021,91.66846919628199
"PNG","Papua New Guinea","admin0","Incidence Rate","Cases per Thousand",2022,119.968245577145
"PNG","Papua New Guinea","admin0","Incidence Rate","Cases per Thousand",2023,100.87291989889299
"PNG","Papua New Guinea","admin0","Incidence Rate","Cases per Thousand",2024,101.378349201377
"PNG","Papua New Guinea","admin0","Incidence Rate","Cases per Thousand",2025,114.248478005836
"PNG","Papua New Guinea","admin0","Infection Prevalence","per 100 Children",2000,6.534980414207051
"PNG","Papua New Guinea","admin0","Infection Prevalence","per 100 Children",2001,6.627257650889069
"PNG","Papua New Guinea","admin0","Infection Prevalence","per 100 Children",2002,5.64605429365986
"PNG","Papua New Guinea","admin0","Infection Prevalence","per 100 Children",2003,5.69753110456955
"PNG","Papua New Guinea","admin0","Infection Prevalence","per 100 Children",2004,5.4565897414372
"PNG","Papua New Guinea","admin0","Infection Prevalence","per 100 Children",2005,5.28846488007939
"PNG","Papua New Guinea","admin0","Infection Prevalence","per 100 Children",2006,5.48858890000778
"PNG","Papua New Guinea","admin0","Infection Prevalence","per 100 Children",2007,4.80637682974029
"PNG","Papua New Guinea","admin0","Infection Prevalence","per 100 Children",2008,5.26104199429891
"PNG","Papua New Guinea","admin0","Infection Prevalence","per 100 Children",2009,6.755748223765851
"PNG","Papua New Guinea","admin0","Infection Prevalence","per 100 Children",2010,4.3491674058673
"PNG","Papua New Guinea","admin0","Infection Prevalence","per 100 Children",2011,3.4810174409981203
"PNG","Papua New Guinea","admin0","Infection Prevalence","per 100 Children",2012,3.29804231232368
"PNG","Papua New Guinea","admin0","Infection Prevalence","per 100 Children",2013,5.12364381753818
"PNG","Papua New Guinea","admin0","Infection Prevalence","per 100 Children",2014,4.50052433795688
"PNG","Papua New Guinea","admin0","Infection Prevalence","per 100 Children",2015,3.10115264169687
"PNG","Papua New Guinea","admin0","Infection Prevalence","per 100 Children",2016,4.53750159037414
"PNG","Papua New Guinea","admin0","Infection Prevalence","per 100 Children",2017,4.16726710177863
"PNG","Papua New Guinea","admin0","Infection Prevalence","per 100 Children",2018,4.15949273557034
"PNG","Papua New Guinea","admin0","Infection Prevalence","per 100 Children",2019,4.09644847994854
"PNG","Papua New Guinea","admin0","Infection Prevalence","per 100 Children",2020,4.71897180455898
"PNG","Papua New Guinea","admin0","Infection Prevalence","per 100 Children",2021,3.70033525238636
"PNG","Papua New Guinea","admin0","Infection Prevalence","per 100 Children",2022,4.947742191485361
"PNG","Papua New Guinea","admin0","Infection Prevalence","per 100 Children",2023,4.09680688899756
"PNG","Papua New Guinea","admin0","Infection Prevalence","per 100 Children",2024,4.14665139061831
"PNG","Papua New Guinea","admin0","Infection Prevalence","per 100 Children",2025,4.85448514675696
"PRK","North Korea","admin0","Incidence Rate","Cases per Thousand",2000,0
"PRK","North Korea","admin0","Incidence Rate","Cases per Thousand",2001,0
"PRK","North Korea","admin0","Incidence Rate","Cases per Thousand",2002,0
"PRK","North Korea","admin0","Incidence Rate","Cases per Thousand",2003,0
"PRK","North Korea","admin0","Incidence Rate","Cases per Thousand",2004,0
"PRK","North Korea","admin0","Incidence Rate","Cases per Thousand",2005,0
"PRK","North Korea","admin0","Incidence Rate","Cases per Thousand",2006,0
"PRK","North Korea","admin0","Incidence Rate","Cases per Thousand",2007,0
"PRK","North Korea","admin0","Incidence Rate","Cases per Thousand",2008,0
"PRK","North Korea","admin0","Incidence Rate","Cases per Thousand",2009,0
"PRK","North Korea","admin0","Incidence Rate","Cases per Thousand",2010,0
"PRK","North Korea","admin0","Incidence Rate","Cases per Thousand",2011,0
"PRK","North Korea","admin0","Incidence Rate","Cases per Thousand",2012,0
"PRK","North Korea","admin0","Incidence Rate","Cases per Thousand",2013,0
"PRK","North Korea","admin0","Incidence Rate","Cases per Thousand",2014,0
"PRK","North Korea","admin0","Incidence Rate","Cases per Thousand",2015,0
"PRK","North Korea","admin0","Incidence Rate","Cases per Thousand",2016,0
"PRK","North Korea","admin0","Incidence Rate","Cases per Thousand",2017,0
"PRK","North Korea","admin0","Incidence Rate","Cases per Thousand",2018,0
"PRK","North Korea","admin0","Incidence Rate","Cases per Thousand",2019,0
"PRK","North Korea","admin0","Incidence Rate","Cases per Thousand",2020,0
"PRK","North Korea","admin0","Incidence Rate","Cases per Thousand",2021,0
"PRK","North Korea","admin0","Incidence Rate","Cases per Thousand",2022,0
"PRK","North Korea","admin0","Incidence Rate","Cases per Thousand",2023,0
"PRK","North Korea","admin0","Incidence Rate","Cases per Thousand",2024,0
"PRK","North Korea","admin0","Incidence Rate","Cases per Thousand",2025,0
"PRK","North Korea","admin0","Infection Prevalence","per 100 Children",2000,0
"PRK","North Korea","admin0","Infection Prevalence","per 100 Children",2001,0
"PRK","North Korea","admin0","Infection Prevalence","per 100 Children",2002,0
"PRK","North Korea","admin0","Infection Prevalence","per 100 Children",2003,0
"PRK","North Korea","admin0","Infection Prevalence","per 100 Children",2004,0
"PRK","North Korea","admin0","Infection Prevalence","per 100 Children",2005,0
"PRK","North Korea","admin0","Infection Prevalence","per 100 Children",2006,0
"PRK","North Korea","admin0","Infection Prevalence","per 100 Children",2007,0
"PRK","North Korea","admin0","Infection Prevalence","per 100 Children",2008,0
"PRK","North Korea","admin0","Infection Prevalence","per 100 Children",2009,0
"PRK","North Korea","admin0","Infection Prevalence","per 100 Children",2010,0
"PRK","North Korea","admin0","Infection Prevalence","per 100 Children",2011,0
"PRK","North Korea","admin0","Infection Prevalence","per 100 Children",2012,0
"PRK","North Korea","admin0","Infection Prevalence","per 100 Children",2013,0
"PRK","North Korea","admin0","Infection Prevalence","per 100 Children",2014,0
"PRK","North Korea","admin0","Infection Prevalence","per 100 Children",2015,0
"PRK","North Korea","admin0","Infection Prevalence","per 100 Children",2016,0
"PRK","North Korea","admin0","Infection Prevalence","per 100 Children",2017,0
"PRK","North Korea","admin0","Infection Prevalence","per 100 Children",2018,0
"PRK","North Korea","admin0","Infection Prevalence","per 100 Children",2019,0
"PRK","North Korea","admin0","Infection Prevalence","per 100 Children",2020,0
"PRK","North Korea","admin0","Infection Prevalence","per 100 Children",2021,0
"PRK","North Korea","admin0","Infection Prevalence","per 100 Children",2022,0
"PRK","North Korea","admin0","Infection Prevalence","per 100 Children",2023,0
"PRK","North Korea","admin0","Infection Prevalence","per 100 Children",2024,0
"PRK","North Korea","admin0","Infection Prevalence","per 100 Children",2025,0
"PRY","Paraguay","admin0","Incidence Rate","Cases per Thousand",2000,0
"PRY","Paraguay","admin0","Incidence Rate","Cases per Thousand",2001,0.0021181010657365202
"PRY","Paraguay","admin0","Incidence Rate","Cases per Thousand",2002,0.0013596227110090101
"PRY","Paraguay","admin0","Incidence Rate","Cases per Thousand",2003,0.00201680543926224
"PRY","Paraguay","admin0","Incidence Rate","Cases per Thousand",2004,0.00119001605221511
"PRY","Paraguay","admin0","Incidence Rate","Cases per Thousand",2005,0
"PRY","Paraguay","admin0","Incidence Rate","Cases per Thousand",2006,0.00122147527409483
"PRY","Paraguay","admin0","Incidence Rate","Cases per Thousand",2007,0.00112979095127824
"PRY","Paraguay","admin0","Incidence Rate","Cases per Thousand",2008,0.0022961748216504697
"PRY","Paraguay","admin0","Incidence Rate","Cases per Thousand",2009,0.0029264352556586898
"PRY","Paraguay","admin0","Incidence Rate","Cases per Thousand",2010,0
"PRY","Paraguay","admin0","Incidence Rate","Cases per Thousand",2011,0
"PRY","Paraguay","admin0","Incidence Rate","Cases per Thousand",2012,0
"PRY","Paraguay","admin0","Incidence Rate","Cases per Thousand",2013,0
"PRY","Paraguay","admin0","Incidence Rate","Cases per Thousand",2014,0
"PRY","Paraguay","admin0","Incidence Rate","Cases per Thousand",2015,0
"PRY","Paraguay","admin0","Incidence Rate","Cases per Thousand",2016,0
"PRY","Paraguay","admin0","Incidence Rate","Cases per Thousand",2017,0
"PRY","Paraguay","admin0","Incidence Rate","Cases per Thousand",2018,0
"PRY","Paraguay","admin0","Incidence Rate","Cases per Thousand",2019,0
"PRY","Paraguay","admin0","Incidence Rate","Cases per Thousand",2020,0
"PRY","Paraguay","admin0","Incidence Rate","Cases per Thousand",2021,0
"PRY","Paraguay","admin0","Incidence Rate","Cases per Thousand",2022,0
"PRY","Paraguay","admin0","Incidence Rate","Cases per Thousand",2023,0
"PRY","Paraguay","admin0","Incidence Rate","Cases per Thousand",2024,0
"PRY","Paraguay","admin0","Incidence Rate","Cases per Thousand",2025,0
"PRY","Paraguay","admin0","Infection Prevalence","per 100 Children",2000,0
"PRY","Paraguay","admin0","Infection Prevalence","per 100 Children",2001,0.0065952146601326
"PRY","Paraguay","admin0","Infection Prevalence","per 100 Children",2002,0.00659523804183022
"PRY","Paraguay","admin0","Infection Prevalence","per 100 Children",2003,0.00659523911230867
"PRY","Paraguay","admin0","Infection Prevalence","per 100 Children",2004,0.0065952267145757
"PRY","Paraguay","admin0","Infection Prevalence","per 100 Children",2005,0
"PRY","Paraguay","admin0","Infection Prevalence","per 100 Children",2006,0.006595177184324241
"PRY","Paraguay","admin0","Infection Prevalence","per 100 Children",2007,0.00659515231368407
"PRY","Paraguay","admin0","Infection Prevalence","per 100 Children",2008,0.00659512929085803
"PRY","Paraguay","admin0","Infection Prevalence","per 100 Children",2009,0.00659510915519592
"PRY","Paraguay","admin0","Infection Prevalence","per 100 Children",2010,0
"PRY","Paraguay","admin0","Infection Prevalence","per 100 Children",2011,0
"PRY","Paraguay","admin0","Infection Prevalence","per 100 Children",2012,0
"PRY","Paraguay","admin0","Infection Prevalence","per 100 Children",2013,0
"PRY","Paraguay","admin0","Infection Prevalence","per 100 Children",2014,0
"PRY","Paraguay","admin0","Infection Prevalence","per 100 Children",2015,0
"PRY","Paraguay","admin0","Infection Prevalence","per 100 Children",2016,0
"PRY","Paraguay","admin0","Infection Prevalence","per 100 Children",2017,0
"PRY","Paraguay","admin0","Infection Prevalence","per 100 Children",2018,0
"PRY","Paraguay","admin0","Infection Prevalence","per 100 Children",2019,0
"PRY","Paraguay","admin0","Infection Prevalence","per 100 Children",2020,0
"PRY","Paraguay","admin0","Infection Prevalence","per 100 Children",2021,0
"PRY","Paraguay","admin0","Infection Prevalence","per 100 Children",2022,0
"PRY","Paraguay","admin0","Infection Prevalence","per 100 Children",2023,0
"PRY","Paraguay","admin0","Infection Prevalence","per 100 Children",2024,0
"PRY","Paraguay","admin0","Infection Prevalence","per 100 Children",2025,0
"RWA","Rwanda","admin0","Incidence Rate","Cases per Thousand",2000,182.979459419014
"RWA","Rwanda","admin0","Incidence Rate","Cases per Thousand",2001,175.72610454892302
"RWA","Rwanda","admin0","Incidence Rate","Cases per Thousand",2002,156.865718904468
"RWA","Rwanda","admin0","Incidence Rate","Cases per Thousand",2003,122.862794421478
"RWA","Rwanda","admin0","Incidence Rate","Cases per Thousand",2004,77.73359535241
"RWA","Rwanda","admin0","Incidence Rate","Cases per Thousand",2005,53.7829787609033
"RWA","Rwanda","admin0","Incidence Rate","Cases per Thousand",2006,43.4352591205869
"RWA","Rwanda","admin0","Incidence Rate","Cases per Thousand",2007,41.2935863189628
"RWA","Rwanda","admin0","Incidence Rate","Cases per Thousand",2008,50.8923032326895
"RWA","Rwanda","admin0","Incidence Rate","Cases per Thousand",2009,62.6411859376666
"RWA","Rwanda","admin0","Incidence Rate","Cases per Thousand",2010,71.1824874731867
"RWA","Rwanda","admin0","Incidence Rate","Cases per Thousand",2011,71.1935025715455
"RWA","Rwanda","admin0","Incidence Rate","Cases per Thousand",2012,60.4758924583381
"RWA","Rwanda","admin0","Incidence Rate","Cases per Thousand",2013,50.023158135108496
"RWA","Rwanda","admin0","Incidence Rate","Cases per Thousand",2014,47.112899137556
"RWA","Rwanda","admin0","Incidence Rate","Cases per Thousand",2015,49.680219468893604
"RWA","Rwanda","admin0","Incidence Rate","Cases per Thousand",2016,56.8345196221857
"RWA","Rwanda","admin0","Incidence Rate","Cases per Thousand",2017,64.0517038964923
"RWA","Rwanda","admin0","Incidence Rate","Cases per Thousand",2018,63.87869884195101
"RWA","Rwanda","admin0","Incidence Rate","Cases per Thousand",2019,52.3975618375595
"RWA","Rwanda","admin0","Incidence Rate","Cases per Thousand",2020,39.4986409969938
"RWA","Rwanda","admin0","Incidence Rate","Cases per Thousand",2021,41.755908337015406
"RWA","Rwanda","admin0","Incidence Rate","Cases per Thousand",2022,40.450634855777
"RWA","Rwanda","admin0","Incidence Rate","Cases per Thousand",2023,39.511476113156206
"RWA","Rwanda","admin0","Incidence Rate","Cases per Thousand",2024,39.4072418276332
"RWA","Rwanda","admin0","Incidence Rate","Cases per Thousand",2025,38.3937246507846
"RWA","Rwanda","admin0","Infection Prevalence","per 100 Children",2000,15.4875544816891
"RWA","Rwanda","admin0","Infection Prevalence","per 100 Children",2001,14.758598957605601
"RWA","Rwanda","admin0","Infection Prevalence","per 100 Children",2002,12.873860728980299
"RWA","Rwanda","admin0","Infection Prevalence","per 100 Children",2003,9.28870731522184
"RWA","Rwanda","admin0","Infection Prevalence","per 100 Children",2004,5.12074950370147
"RWA","Rwanda","admin0","Infection Prevalence","per 100 Children",2005,3.1628995024130897
"RWA","Rwanda","admin0","Infection Prevalence","per 100 Children",2006,2.34391904424249
"RWA","Rwanda","admin0","Infection Prevalence","per 100 Children",2007,2.1674166465603597
"RWA","Rwanda","admin0","Infection Prevalence","per 100 Children",2008,2.72229221771047
"RWA","Rwanda","admin0","Infection Prevalence","per 100 Children",2009,3.42535734108829
"RWA","Rwanda","admin0","Infection Prevalence","per 100 Children",2010,3.9605925114171296
"RWA","Rwanda","admin0","Infection Prevalence","per 100 Children",2011,3.96839843022652
"RWA","Rwanda","admin0","Infection Prevalence","per 100 Children",2012,3.30682985289577
"RWA","Rwanda","admin0","Infection Prevalence","per 100 Children",2013,2.7042158377595102
"RWA","Rwanda","admin0","Infection Prevalence","per 100 Children",2014,2.55785091012684
"RWA","Rwanda","admin0","Infection Prevalence","per 100 Children",2015,2.72955454443331
"RWA","Rwanda","admin0","Infection Prevalence","per 100 Children",2016,3.2126557868211005
"RWA","Rwanda","admin0","Infection Prevalence","per 100 Children",2017,3.6910631167621
"RWA","Rwanda","admin0","Infection Prevalence","per 100 Children",2018,3.64413061183724
"RWA","Rwanda","admin0","Infection Prevalence","per 100 Children",2019,2.8760392662503
"RWA","Rwanda","admin0","Infection Prevalence","per 100 Children",2020,2.0928632935907703
"RWA","Rwanda","admin0","Infection Prevalence","per 100 Children",2021,2.24450898943349
"RWA","Rwanda","admin0","Infection Prevalence","per 100 Children",2022,2.23184773526405
"RWA","Rwanda","admin0","Infection Prevalence","per 100 Children",2023,2.21889287274173
"RWA","Rwanda","admin0","Infection Prevalence","per 100 Children",2024,2.24758197587228
"RWA","Rwanda","admin0","Infection Prevalence","per 100 Children",2025,2.24728482606486
"SAU","Saudi Arabia","admin0","Incidence Rate","Cases per Thousand",2000,0.193973704128135
"SAU","Saudi Arabia","admin0","Incidence Rate","Cases per Thousand",2001,0.0566796740963235
"SAU","Saudi Arabia","admin0","Incidence Rate","Cases per Thousand",2002,0.042072461144779694
"SAU","Saudi Arabia","admin0","Incidence Rate","Cases per Thousand",2003,0.0222973404387232
"SAU","Saudi Arabia","admin0","Incidence Rate","Cases per Thousand",2004,0.0116785977837952
"SAU","Saudi Arabia","admin0","Incidence Rate","Cases per Thousand",2005,0.00750822857124682
"SAU","Saudi Arabia","admin0","Incidence Rate","Cases per Thousand",2006,0.00845576943642705
"SAU","Saudi Arabia","admin0","Incidence Rate","Cases per Thousand",2007,0.0148900290788307
"SAU","Saudi Arabia","admin0","Incidence Rate","Cases per Thousand",2008,0.0012797620564296002
"SAU","Saudi Arabia","admin0","Incidence Rate","Cases per Thousand",2009,0.00148893097443474
"SAU","Saudi Arabia","admin0","Incidence Rate","Cases per Thousand",2010,0.00102112684222486
"SAU","Saudi Arabia","admin0","Incidence Rate","Cases per Thousand",2011,0.00236516154434688
"SAU","Saudi Arabia","admin0","Incidence Rate","Cases per Thousand",2012,0.0027462426824947602
"SAU","Saudi Arabia","admin0","Incidence Rate","Cases per Thousand",2013,0.00110717363540843
"SAU","Saudi Arabia","admin0","Incidence Rate","Cases per Thousand",2014,0.00164620357932495
"SAU","Saudi Arabia","admin0","Incidence Rate","Cases per Thousand",2015,0.00264147456997349
"SAU","Saudi Arabia","admin0","Incidence Rate","Cases per Thousand",2016,0.00843223471104043
"SAU","Saudi Arabia","admin0","Incidence Rate","Cases per Thousand",2017,0.005333396834412489
"SAU","Saudi Arabia","admin0","Incidence Rate","Cases per Thousand",2018,0.00557129330324342
"SAU","Saudi Arabia","admin0","Incidence Rate","Cases per Thousand",2019,0.00375351870613084
"SAU","Saudi Arabia","admin0","Incidence Rate","Cases per Thousand",2020,0.00624139082881679
"SAU","Saudi Arabia","admin0","Incidence Rate","Cases per Thousand",2021,0
"SAU","Saudi Arabia","admin0","Incidence Rate","Cases per Thousand",2022,0
"SAU","Saudi Arabia","admin0","Incidence Rate","Cases per Thousand",2023,0
"SAU","Saudi Arabia","admin0","Incidence Rate","Cases per Thousand",2024,0
"SAU","Saudi Arabia","admin0","Incidence Rate","Cases per Thousand",2025,0
"SAU","Saudi Arabia","admin0","Infection Prevalence","per 100 Children",2000,0.0122561581680514
"SAU","Saudi Arabia","admin0","Infection Prevalence","per 100 Children",2001,0.0072815064473342695
"SAU","Saudi Arabia","admin0","Infection Prevalence","per 100 Children",2002,0.00686048039121322
"SAU","Saudi Arabia","admin0","Infection Prevalence","per 100 Children",2003,0.00616754763779219
"SAU","Saudi Arabia","admin0","Infection Prevalence","per 100 Children",2004,0.00593651979575739
"SAU","Saudi Arabia","admin0","Infection Prevalence","per 100 Children",2005,0.00582656877052529
"SAU","Saudi Arabia","admin0","Infection Prevalence","per 100 Children",2006,0.00580314568282843
"SAU","Saudi Arabia","admin0","Infection Prevalence","per 100 Children",2007,0.00650548779780926
"SAU","Saudi Arabia","admin0","Infection Prevalence","per 100 Children",2008,0.00422420093761283
"SAU","Saudi Arabia","admin0","Infection Prevalence","per 100 Children",2009,0.00248620688888225
"SAU","Saudi Arabia","admin0","Infection Prevalence","per 100 Children",2010,0.000800318227071032
"SAU","Saudi Arabia","admin0","Infection Prevalence","per 100 Children",2011,0.0007939728858692629
"SAU","Saudi Arabia","admin0","Infection Prevalence","per 100 Children",2012,0.00659298949602995
"SAU","Saudi Arabia","admin0","Infection Prevalence","per 100 Children",2013,0.00528789943665227
"SAU","Saudi Arabia","admin0","Infection Prevalence","per 100 Children",2014,0.006256109676435421
"SAU","Saudi Arabia","admin0","Infection Prevalence","per 100 Children",2015,0.0065933309524814805
"SAU","Saudi Arabia","admin0","Infection Prevalence","per 100 Children",2016,0.00591432076998761
"SAU","Saudi Arabia","admin0","Infection Prevalence","per 100 Children",2017,0.0060446317024788095
"SAU","Saudi Arabia","admin0","Infection Prevalence","per 100 Children",2018,0.00588807456916852
"SAU","Saudi Arabia","admin0","Infection Prevalence","per 100 Children",2019,0.00587654295486439
"SAU","Saudi Arabia","admin0","Infection Prevalence","per 100 Children",2020,0.00598459069136153
"SAU","Saudi Arabia","admin0","Infection Prevalence","per 100 Children",2021,0
"SAU","Saudi Arabia","admin0","Infection Prevalence","per 100 Children",2022,0
"SAU","Saudi Arabia","admin0","Infection Prevalence","per 100 Children",2023,0
"SAU","Saudi Arabia","admin0","Infection Prevalence","per 100 Children",2024,0
"SAU","Saudi Arabia","admin0","Infection Prevalence","per 100 Children",2025,0
"SDN","Sudan","admin0","Incidence Rate","Cases per Thousand",2000,89.98558959654899
"SDN","Sudan","admin0","Incidence Rate","Cases per Thousand",2001,83.9802702274569
"SDN","Sudan","admin0","Incidence Rate","Cases per Thousand",2002,65.9155956899317
"SDN","Sudan","admin0","Incidence Rate","Cases per Thousand",2003,60.7524154583285
"SDN","Sudan","admin0","Incidence Rate","Cases per Thousand",2004,54.451490286299
"SDN","Sudan","admin0","Incidence Rate","Cases per Thousand",2005,53.3735997837179
"SDN","Sudan","admin0","Incidence Rate","Cases per Thousand",2006,52.3037237249628
"SDN","Sudan","admin0","Incidence Rate","Cases per Thousand",2007,45.1133376630709
"SDN","Sudan","admin0","Incidence Rate","Cases per Thousand",2008,37.182629551735204
"SDN","Sudan","admin0","Incidence Rate","Cases per Thousand",2009,34.2894559744042
"SDN","Sudan","admin0","Incidence Rate","Cases per Thousand",2010,32.3939756141132
"SDN","Sudan","admin0","Incidence Rate","Cases per Thousand",2011,32.0448174242021
"SDN","Sudan","admin0","Incidence Rate","Cases per Thousand",2012,32.345469718553
"SDN","Sudan","admin0","Incidence Rate","Cases per Thousand",2013,33.7399462781776
"SDN","Sudan","admin0","Incidence Rate","Cases per Thousand",2014,37.204658922894296
"SDN","Sudan","admin0","Incidence Rate","Cases per Thousand",2015,43.3989843277594
"SDN","Sudan","admin0","Incidence Rate","Cases per Thousand",2016,50.7000789598658
"SDN","Sudan","admin0","Incidence Rate","Cases per Thousand",2017,56.852037297417596
"SDN","Sudan","admin0","Incidence Rate","Cases per Thousand",2018,60.0470504136453
"SDN","Sudan","admin0","Incidence Rate","Cases per Thousand",2019,64.18436298996261
"SDN","Sudan","admin0","Incidence Rate","Cases per Thousand",2020,66.971280443119
"SDN","Sudan","admin0","Incidence Rate","Cases per Thousand",2021,71.59899531642371
"SDN","Sudan","admin0","Incidence Rate","Cases per Thousand",2022,73.1370876543574
"SDN","Sudan","admin0","Incidence Rate","Cases per Thousand",2023,81.3690655684841
"SDN","Sudan","admin0","Incidence Rate","Cases per Thousand",2024,81.87317674500639
"SDN","Sudan","admin0","Incidence Rate","Cases per Thousand",2025,80.58853629939911
"SDN","Sudan","admin0","Infection Prevalence","per 100 Children",2000,5.54946710584793
"SDN","Sudan","admin0","Infection Prevalence","per 100 Children",2001,5.2855450607865295
"SDN","Sudan","admin0","Infection Prevalence","per 100 Children",2002,3.97080296111183
"SDN","Sudan","admin0","Infection Prevalence","per 100 Children",2003,3.60590811888372
"SDN","Sudan","admin0","Infection Prevalence","per 100 Children",2004,3.2119750396188502
"SDN","Sudan","admin0","Infection Prevalence","per 100 Children",2005,3.13990456834088
"SDN","Sudan","admin0","Infection Prevalence","per 100 Children",2006,3.03239506093576
"SDN","Sudan","admin0","Infection Prevalence","per 100 Children",2007,2.55504854736706
"SDN","Sudan","admin0","Infection Prevalence","per 100 Children",2008,2.03685981743168
"SDN","Sudan","admin0","Infection Prevalence","per 100 Children",2009,1.8341692274189698
"SDN","Sudan","admin0","Infection Prevalence","per 100 Children",2010,1.72425939432163
"SDN","Sudan","admin0","Infection Prevalence","per 100 Children",2011,1.7109234164611302
"SDN","Sudan","admin0","Infection Prevalence","per 100 Children",2012,1.74085649702736
"SDN","Sudan","admin0","Infection Prevalence","per 100 Children",2013,1.86841362731994
"SDN","Sudan","admin0","Infection Prevalence","per 100 Children",2014,2.10849250248086
"SDN","Sudan","admin0","Infection Prevalence","per 100 Children",2015,2.50026275981674
"SDN","Sudan","admin0","Infection Prevalence","per 100 Children",2016,3.01570626936452
"SDN","Sudan","admin0","Infection Prevalence","per 100 Children",2017,3.4598410816065504
"SDN","Sudan","admin0","Infection Prevalence","per 100 Children",2018,3.69491890114986
"SDN","Sudan","admin0","Infection Prevalence","per 100 Children",2019,4.09712293365901
"SDN","Sudan","admin0","Infection Prevalence","per 100 Children",2020,4.34352127236373
"SDN","Sudan","admin0","Infection Prevalence","per 100 Children",2021,4.72087915288631
"SDN","Sudan","admin0","Infection Prevalence","per 100 Children",2022,4.92919607057699
"SDN","Sudan","admin0","Infection Prevalence","per 100 Children",2023,5.70211553227192
"SDN","Sudan","admin0","Infection Prevalence","per 100 Children",2024,5.72806029017796
"SDN","Sudan","admin0","Infection Prevalence","per 100 Children",2025,5.87270438408916
"SEN","Senegal","admin0","Incidence Rate","Cases per Thousand",2000,212.629168290427
"SEN","Senegal","admin0","Incidence Rate","Cases per Thousand",2001,71.2292442925486
"SEN","Senegal","admin0","Incidence Rate","Cases per Thousand",2002,76.5732848083628
"SEN","Senegal","admin0","Incidence Rate","Cases per Thousand",2003,104.623733638446
"SEN","Senegal","admin0","Incidence Rate","Cases per Thousand",2004,87.9675505484515
"SEN","Senegal","admin0","Incidence Rate","Cases per Thousand",2005,85.49918820810811
"SEN","Senegal","admin0","Incidence Rate","Cases per Thousand",2006,106.154158360815
"SEN","Senegal","admin0","Incidence Rate","Cases per Thousand",2007,96.6681910468497
"SEN","Senegal","admin0","Incidence Rate","Cases per Thousand",2008,86.69610723480011
"SEN","Senegal","admin0","Incidence Rate","Cases per Thousand",2009,62.730043065710795
"SEN","Senegal","admin0","Incidence Rate","Cases per Thousand",2010,64.0326202089733
"SEN","Senegal","admin0","Incidence Rate","Cases per Thousand",2011,53.311193246415904
"SEN","Senegal","admin0","Incidence Rate","Cases per Thousand",2012,60.3728774042302
"SEN","Senegal","admin0","Incidence Rate","Cases per Thousand",2013,67.7485681625361
"SEN","Senegal","admin0","Incidence Rate","Cases per Thousand",2014,45.707540233119296
"SEN","Senegal","admin0","Incidence Rate","Cases per Thousand",2015,69.5727986317868
"SEN","Senegal","admin0","Incidence Rate","Cases per Thousand",2016,48.9589567853212
"SEN","Senegal","admin0","Incidence Rate","Cases per Thousand",2017,53.175676774393
"SEN","Senegal","admin0","Incidence Rate","Cases per Thousand",2018,67.1866203666827
"SEN","Senegal","admin0","Incidence Rate","Cases per Thousand",2019,45.8773957685581
"SEN","Senegal","admin0","Incidence Rate","Cases per Thousand",2020,54.2034215305999
"SEN","Senegal","admin0","Incidence Rate","Cases per Thousand",2021,61.6405345249404
"SEN","Senegal","admin0","Incidence Rate","Cases per Thousand",2022,58.2917751118121
"SEN","Senegal","admin0","Incidence Rate","Cases per Thousand",2023,50.0023816063648
"SEN","Senegal","admin0","Incidence Rate","Cases per Thousand",2024,55.4421355604668
"SEN","Senegal","admin0","Incidence Rate","Cases per Thousand",2025,60.0679899111072
"SEN","Senegal","admin0","Infection Prevalence","per 100 Children",2000,9.284437473072831
"SEN","Senegal","admin0","Infection Prevalence","per 100 Children",2001,2.8307354842340398
"SEN","Senegal","admin0","Infection Prevalence","per 100 Children",2002,3.0531858521634403
"SEN","Senegal","admin0","Infection Prevalence","per 100 Children",2003,4.24236189732511
"SEN","Senegal","admin0","Infection Prevalence","per 100 Children",2004,3.53127753863979
"SEN","Senegal","admin0","Infection Prevalence","per 100 Children",2005,3.4269696791905
"SEN","Senegal","admin0","Infection Prevalence","per 100 Children",2006,4.30934842815514
"SEN","Senegal","admin0","Infection Prevalence","per 100 Children",2007,3.9009277647676104
"SEN","Senegal","admin0","Infection Prevalence","per 100 Children",2008,3.47724372759128
"SEN","Senegal","admin0","Infection Prevalence","per 100 Children",2009,2.4799307506143
"SEN","Senegal","admin0","Infection Prevalence","per 100 Children",2010,2.53329894649622
"SEN","Senegal","admin0","Infection Prevalence","per 100 Children",2011,2.09775686779154
"SEN","Senegal","admin0","Infection Prevalence","per 100 Children",2012,2.3835823911052
"SEN","Senegal","admin0","Infection Prevalence","per 100 Children",2013,2.68664587087472
"SEN","Senegal","admin0","Infection Prevalence","per 100 Children",2014,1.79161296851746
"SEN","Senegal","admin0","Infection Prevalence","per 100 Children",2015,2.76202715075113
"SEN","Senegal","admin0","Infection Prevalence","per 100 Children",2016,1.92265008710924
"SEN","Senegal","admin0","Infection Prevalence","per 100 Children",2017,2.09240446619246
"SEN","Senegal","admin0","Infection Prevalence","per 100 Children",2018,2.6641427763714196
"SEN","Senegal","admin0","Infection Prevalence","per 100 Children",2019,1.79914736849911
"SEN","Senegal","admin0","Infection Prevalence","per 100 Children",2020,2.13437782709265
"SEN","Senegal","admin0","Infection Prevalence","per 100 Children",2021,2.4362999388130397
"SEN","Senegal","admin0","Infection Prevalence","per 100 Children",2022,2.30008568406841
"SEN","Senegal","admin0","Infection Prevalence","per 100 Children",2023,1.96541433106832
"SEN","Senegal","admin0","Infection Prevalence","per 100 Children",2024,2.18457989417115
"SEN","Senegal","admin0","Infection Prevalence","per 100 Children",2025,2.39257262202451
"SLB","Solomon Islands","admin0","Incidence Rate","Cases per Thousand",2000,91.1475503946568
"SLB","Solomon Islands","admin0","Incidence Rate","Cases per Thousand",2001,91.1546078803157
"SLB","Solomon Islands","admin0","Incidence Rate","Cases per Thousand",2002,90.0402242998462
"SLB","Solomon Islands","admin0","Incidence Rate","Cases per Thousand",2003,80.5373939202747
"SLB","Solomon Islands","admin0","Incidence Rate","Cases per Thousand",2004,78.44914111860899
"SLB","Solomon Islands","admin0","Incidence Rate","Cases per Thousand",2005,77.4651265806705
"SLB","Solomon Islands","admin0","Incidence Rate","Cases per Thousand",2006,83.7739907868757
"SLB","Solomon Islands","admin0","Incidence Rate","Cases per Thousand",2007,87.3538766876936
"SLB","Solomon Islands","admin0","Incidence Rate","Cases per Thousand",2008,147.53233148536702
"SLB","Solomon Islands","admin0","Incidence Rate","Cases per Thousand",2009,112.957761764785
"SLB","Solomon Islands","admin0","Incidence Rate","Cases per Thousand",2010,120.126895348645
"SLB","Solomon Islands","admin0","Incidence Rate","Cases per Thousand",2011,77.47338117951979
"SLB","Solomon Islands","admin0","Incidence Rate","Cases per Thousand",2012,63.9636015406243
"SLB","Solomon Islands","admin0","Incidence Rate","Cases per Thousand",2013,53.0545149662099
"SLB","Solomon Islands","admin0","Incidence Rate","Cases per Thousand",2014,35.7996791495611
"SLB","Solomon Islands","admin0","Incidence Rate","Cases per Thousand",2015,38.8043724431555
"SLB","Solomon Islands","admin0","Incidence Rate","Cases per Thousand",2016,59.7904449367281
"SLB","Solomon Islands","admin0","Incidence Rate","Cases per Thousand",2017,64.6469199080872
"SLB","Solomon Islands","admin0","Incidence Rate","Cases per Thousand",2018,52.841901034321396
"SLB","Solomon Islands","admin0","Incidence Rate","Cases per Thousand",2019,63.630036841677395
"SLB","Solomon Islands","admin0","Incidence Rate","Cases per Thousand",2020,51.3020925775391
"SLB","Solomon Islands","admin0","Incidence Rate","Cases per Thousand",2021,72.0087656935475
"SLB","Solomon Islands","admin0","Incidence Rate","Cases per Thousand",2022,85.3675113494249
"SLB","Solomon Islands","admin0","Incidence Rate","Cases per Thousand",2023,101.464747562891
"SLB","Solomon Islands","admin0","Incidence Rate","Cases per Thousand",2024,90.0333028876853
"SLB","Solomon Islands","admin0","Incidence Rate","Cases per Thousand",2025,103.77131594194799
"SLB","Solomon Islands","admin0","Infection Prevalence","per 100 Children",2000,3.84125100890557
"SLB","Solomon Islands","admin0","Infection Prevalence","per 100 Children",2001,3.8496314848644797
"SLB","Solomon Islands","admin0","Infection Prevalence","per 100 Children",2002,3.81035769514853
"SLB","Solomon Islands","admin0","Infection Prevalence","per 100 Children",2003,3.38600087223834
"SLB","Solomon Islands","admin0","Infection Prevalence","per 100 Children",2004,3.30283059914587
"SLB","Solomon Islands","admin0","Infection Prevalence","per 100 Children",2005,3.2307340620920098
"SLB","Solomon Islands","admin0","Infection Prevalence","per 100 Children",2006,3.5846694242332298
"SLB","Solomon Islands","admin0","Infection Prevalence","per 100 Children",2007,3.7004656179677498
"SLB","Solomon Islands","admin0","Infection Prevalence","per 100 Children",2008,6.14116974710113
"SLB","Solomon Islands","admin0","Infection Prevalence","per 100 Children",2009,4.59998151071138
"SLB","Solomon Islands","admin0","Infection Prevalence","per 100 Children",2010,4.91524822602225
"SLB","Solomon Islands","admin0","Infection Prevalence","per 100 Children",2011,3.08901566636294
"SLB","Solomon Islands","admin0","Infection Prevalence","per 100 Children",2012,2.5295988015262503
"SLB","Solomon Islands","admin0","Infection Prevalence","per 100 Children",2013,2.08736619727432
"SLB","Solomon Islands","admin0","Infection Prevalence","per 100 Children",2014,1.39524008402016
"SLB","Solomon Islands","admin0","Infection Prevalence","per 100 Children",2015,1.51515268880354
"SLB","Solomon Islands","admin0","Infection Prevalence","per 100 Children",2016,2.35880276085783
"SLB","Solomon Islands","admin0","Infection Prevalence","per 100 Children",2017,2.55791635169051
"SLB","Solomon Islands","admin0","Infection Prevalence","per 100 Children",2018,2.07877473787018
"SLB","Solomon Islands","admin0","Infection Prevalence","per 100 Children",2019,2.5161779629979697
"SLB","Solomon Islands","admin0","Infection Prevalence","per 100 Children",2020,2.0171551587189698
"SLB","Solomon Islands","admin0","Infection Prevalence","per 100 Children",2021,2.86254148378941
"SLB","Solomon Islands","admin0","Infection Prevalence","per 100 Children",2022,3.42001268738834
"SLB","Solomon Islands","admin0","Infection Prevalence","per 100 Children",2023,4.10445887703757
"SLB","Solomon Islands","admin0","Infection Prevalence","per 100 Children",2024,3.69229739949865
"SLB","Solomon Islands","admin0","Infection Prevalence","per 100 Children",2025,4.5709422448258605
"SLE","Sierra Leone","admin0","Incidence Rate","Cases per Thousand",2000,431.064715534834
"SLE","Sierra Leone","admin0","Incidence Rate","Cases per Thousand",2001,427.24326155188504
"SLE","Sierra Leone","admin0","Incidence Rate","Cases per Thousand",2002,426.877376392854
"SLE","Sierra Leone","admin0","Incidence Rate","Cases per Thousand",2003,417.05266157055496
"SLE","Sierra Leone","admin0","Incidence Rate","Cases per Thousand",2004,407.94299715918197
"SLE","Sierra Leone","admin0","Incidence Rate","Cases per Thousand",2005,403.045402351433
"SLE","Sierra Leone","admin0","Incidence Rate","Cases per Thousand",2006,397.789918847747
"SLE","Sierra Leone","admin0","Incidence Rate","Cases per Thousand",2007,402.825513419142
"SLE","Sierra Leone","admin0","Incidence Rate","Cases per Thousand",2008,423.659714075902
"SLE","Sierra Leone","admin0","Incidence Rate","Cases per Thousand",2009,444.06866253613805
"SLE","Sierra Leone","admin0","Incidence Rate","Cases per Thousand",2010,441.65175959222205
"SLE","Sierra Leone","admin0","Incidence Rate","Cases per Thousand",2011,431.254034717436
"SLE","Sierra Leone","admin0","Incidence Rate","Cases per Thousand",2012,414.937142752657
"SLE","Sierra Leone","admin0","Incidence Rate","Cases per Thousand",2013,396.405598382831
"SLE","Sierra Leone","admin0","Incidence Rate","Cases per Thousand",2014,380.289318206954
"SLE","Sierra Leone","admin0","Incidence Rate","Cases per Thousand",2015,367.737350416564
"SLE","Sierra Leone","admin0","Incidence Rate","Cases per Thousand",2016,363.38850559286
"SLE","Sierra Leone","admin0","Incidence Rate","Cases per Thousand",2017,350.317729309476
"SLE","Sierra Leone","admin0","Incidence Rate","Cases per Thousand",2018,341.6102905543
"SLE","Sierra Leone","admin0","Incidence Rate","Cases per Thousand",2019,325.182616419726
"SLE","Sierra Leone","admin0","Incidence Rate","Cases per Thousand",2020,316.938448623711
"SLE","Sierra Leone","admin0","Incidence Rate","Cases per Thousand",2021,309.276192543177
"SLE","Sierra Leone","admin0","Incidence Rate","Cases per Thousand",2022,297.880527002815
"SLE","Sierra Leone","admin0","Incidence Rate","Cases per Thousand",2023,279.875367863401
"SLE","Sierra Leone","admin0","Incidence Rate","Cases per Thousand",2024,276.474991853537
"SLE","Sierra Leone","admin0","Incidence Rate","Cases per Thousand",2025,266.476203361743
"SLE","Sierra Leone","admin0","Infection Prevalence","per 100 Children",2000,50.0997814990653
"SLE","Sierra Leone","admin0","Infection Prevalence","per 100 Children",2001,50.3677535745424
"SLE","Sierra Leone","admin0","Infection Prevalence","per 100 Children",2002,49.0198738575366
"SLE","Sierra Leone","admin0","Infection Prevalence","per 100 Children",2003,44.5261019260714
"SLE","Sierra Leone","admin0","Infection Prevalence","per 100 Children",2004,41.5898069052083
"SLE","Sierra Leone","admin0","Infection Prevalence","per 100 Children",2005,40.3426101265702
"SLE","Sierra Leone","admin0","Infection Prevalence","per 100 Children",2006,39.6409460994589
"SLE","Sierra Leone","admin0","Infection Prevalence","per 100 Children",2007,41.1863721095023
"SLE","Sierra Leone","admin0","Infection Prevalence","per 100 Children",2008,45.8289951880516
"SLE","Sierra Leone","admin0","Infection Prevalence","per 100 Children",2009,50.5937864650422
"SLE","Sierra Leone","admin0","Infection Prevalence","per 100 Children",2010,50.4601961332948
"SLE","Sierra Leone","admin0","Infection Prevalence","per 100 Children",2011,48.6118221319652
"SLE","Sierra Leone","admin0","Infection Prevalence","per 100 Children",2012,44.7762216268358
"SLE","Sierra Leone","admin0","Infection Prevalence","per 100 Children",2013,41.7858673213964
"SLE","Sierra Leone","admin0","Infection Prevalence","per 100 Children",2014,39.8508700504709
"SLE","Sierra Leone","admin0","Infection Prevalence","per 100 Children",2015,38.3744781406485
"SLE","Sierra Leone","admin0","Infection Prevalence","per 100 Children",2016,38.3751977503489
"SLE","Sierra Leone","admin0","Infection Prevalence","per 100 Children",2017,36.888480288253604
"SLE","Sierra Leone","admin0","Infection Prevalence","per 100 Children",2018,36.543214719589
"SLE","Sierra Leone","admin0","Infection Prevalence","per 100 Children",2019,35.0446859444065
"SLE","Sierra Leone","admin0","Infection Prevalence","per 100 Children",2020,34.0519224365138
"SLE","Sierra Leone","admin0","Infection Prevalence","per 100 Children",2021,32.8408641803899
"SLE","Sierra Leone","admin0","Infection Prevalence","per 100 Children",2022,31.933145792475496
"SLE","Sierra Leone","admin0","Infection Prevalence","per 100 Children",2023,29.4660442627939
"SLE","Sierra Leone","admin0","Infection Prevalence","per 100 Children",2024,29.2096222631545
"SLE","Sierra Leone","admin0","Infection Prevalence","per 100 Children",2025,28.7095224113734
"SLV","El Salvador","admin0","Incidence Rate","Cases per Thousand",2000,0.00472159596860305
"SLV","El Salvador","admin0","Incidence Rate","Cases per Thousand",2001,0.0021591366857802003
"SLV","El Salvador","admin0","Incidence Rate","Cases per Thousand",2002,0
"SLV","El Salvador","admin0","Incidence Rate","Cases per Thousand",2003,0.0011206858243333802
"SLV","El Salvador","admin0","Incidence Rate","Cases per Thousand",2004,0.000856068242950611
"SLV","El Salvador","admin0","Incidence Rate","Cases per Thousand",2005,0.000794382495520142
"SLV","El Salvador","admin0","Incidence Rate","Cases per Thousand",2006,0.000738989072175261
"SLV","El Salvador","admin0","Incidence Rate","Cases per Thousand",2007,0.000742442228200014
"SLV","El Salvador","admin0","Incidence Rate","Cases per Thousand",2008,0.000652674031432252
"SLV","El Salvador","admin0","Incidence Rate","Cases per Thousand",2009,0.000592013993892819
"SLV","El Salvador","admin0","Incidence Rate","Cases per Thousand",2010,0
"SLV","El Salvador","admin0","Incidence Rate","Cases per Thousand",2011,0
"SLV","El Salvador","admin0","Incidence Rate","Cases per Thousand",2012,0
"SLV","El Salvador","admin0","Incidence Rate","Cases per Thousand",2013,0
"SLV","El Salvador","admin0","Incidence Rate","Cases per Thousand",2014,0
"SLV","El Salvador","admin0","Incidence Rate","Cases per Thousand",2015,0
"SLV","El Salvador","admin0","Incidence Rate","Cases per Thousand",2016,0
"SLV","El Salvador","admin0","Incidence Rate","Cases per Thousand",2017,0.000329237981623917
"SLV","El Salvador","admin0","Incidence Rate","Cases per Thousand",2018,0
"SLV","El Salvador","admin0","Incidence Rate","Cases per Thousand",2019,0
"SLV","El Salvador","admin0","Incidence Rate","Cases per Thousand",2020,0
"SLV","El Salvador","admin0","Incidence Rate","Cases per Thousand",2021,0
"SLV","El Salvador","admin0","Incidence Rate","Cases per Thousand",2022,0
"SLV","El Salvador","admin0","Incidence Rate","Cases per Thousand",2023,0
"SLV","El Salvador","admin0","Incidence Rate","Cases per Thousand",2024,0
"SLV","El Salvador","admin0","Incidence Rate","Cases per Thousand",2025,0
"SLV","El Salvador","admin0","Infection Prevalence","per 100 Children",2000,0.00659488902928441
"SLV","El Salvador","admin0","Infection Prevalence","per 100 Children",2001,0.00659518371798
"SLV","El Salvador","admin0","Infection Prevalence","per 100 Children",2002,0
"SLV","El Salvador","admin0","Infection Prevalence","per 100 Children",2003,0.00659582469644922
"SLV","El Salvador","admin0","Infection Prevalence","per 100 Children",2004,0.0065961193969053394
"SLV","El Salvador","admin0","Infection Prevalence","per 100 Children",2005,0.00659631885952075
"SLV","El Salvador","admin0","Infection Prevalence","per 100 Children",2006,0.00659639333605537
"SLV","El Salvador","admin0","Infection Prevalence","per 100 Children",2007,0.00659635124725143
"SLV","El Salvador","admin0","Infection Prevalence","per 100 Children",2008,0.00659620768426209
"SLV","El Salvador","admin0","Infection Prevalence","per 100 Children",2009,0.0065959847142448
"SLV","El Salvador","admin0","Infection Prevalence","per 100 Children",2010,0
"SLV","El Salvador","admin0","Infection Prevalence","per 100 Children",2011,0
"SLV","El Salvador","admin0","Infection Prevalence","per 100 Children",2012,0
"SLV","El Salvador","admin0","Infection Prevalence","per 100 Children",2013,0
"SLV","El Salvador","admin0","Infection Prevalence","per 100 Children",2014,0
"SLV","El Salvador","admin0","Infection Prevalence","per 100 Children",2015,0
"SLV","El Salvador","admin0","Infection Prevalence","per 100 Children",2016,0
"SLV","El Salvador","admin0","Infection Prevalence","per 100 Children",2017,0.00659542650246686
"SLV","El Salvador","admin0","Infection Prevalence","per 100 Children",2018,0
"SLV","El Salvador","admin0","Infection Prevalence","per 100 Children",2019,0
"SLV","El Salvador","admin0","Infection Prevalence","per 100 Children",2020,0
"SLV","El Salvador","admin0","Infection Prevalence","per 100 Children",2021,0
"SLV","El Salvador","admin0","Infection Prevalence","per 100 Children",2022,0
"SLV","El Salvador","admin0","Infection Prevalence","per 100 Children",2023,0
"SLV","El Salvador","admin0","Infection Prevalence","per 100 Children",2024,0
"SLV","El Salvador","admin0","Infection Prevalence","per 100 Children",2025,0
"SOM","Somalia","admin0","Incidence Rate","Cases per Thousand",2000,132.13502140117
"SOM","Somalia","admin0","Incidence Rate","Cases per Thousand",2001,141.112672177871
"SOM","Somalia","admin0","Incidence Rate","Cases per Thousand",2002,133.517400617609
"SOM","Somalia","admin0","Incidence Rate","Cases per Thousand",2003,132.04463817717
"SOM","Somalia","admin0","Incidence Rate","Cases per Thousand",2004,120.507718512265
"SOM","Somalia","admin0","Incidence Rate","Cases per Thousand",2005,131.26343148266702
"SOM","Somalia","admin0","Incidence Rate","Cases per Thousand",2006,118.673773482192
"SOM","Somalia","admin0","Incidence Rate","Cases per Thousand",2007,95.8614037582113
"SOM","Somalia","admin0","Incidence Rate","Cases per Thousand",2008,59.960414034307604
"SOM","Somalia","admin0","Incidence Rate","Cases per Thousand",2009,38.019205953065196
"SOM","Somalia","admin0","Incidence Rate","Cases per Thousand",2010,41.0969119818404
"SOM","Somalia","admin0","Incidence Rate","Cases per Thousand",2011,33.6626256665898
"SOM","Somalia","admin0","Incidence Rate","Cases per Thousand",2012,34.2501771016195
"SOM","Somalia","admin0","Incidence Rate","Cases per Thousand",2013,40.6196617090194
"SOM","Somalia","admin0","Incidence Rate","Cases per Thousand",2014,46.7985659541203
"SOM","Somalia","admin0","Incidence Rate","Cases per Thousand",2015,55.2883120060513
"SOM","Somalia","admin0","Incidence Rate","Cases per Thousand",2016,55.1075910270014
"SOM","Somalia","admin0","Incidence Rate","Cases per Thousand",2017,54.792206268202605
"SOM","Somalia","admin0","Incidence Rate","Cases per Thousand",2018,56.2470149258029
"SOM","Somalia","admin0","Incidence Rate","Cases per Thousand",2019,56.826046573187
"SOM","Somalia","admin0","Incidence Rate","Cases per Thousand",2020,56.6770518074034
"SOM","Somalia","admin0","Incidence Rate","Cases per Thousand",2021,55.5351099005327
"SOM","Somalia","admin0","Incidence Rate","Cases per Thousand",2022,54.7462007205784
"SOM","Somalia","admin0","Incidence Rate","Cases per Thousand",2023,54.4517900430805
"SOM","Somalia","admin0","Incidence Rate","Cases per Thousand",2024,53.5678330849822
"SOM","Somalia","admin0","Incidence Rate","Cases per Thousand",2025,52.4722915187009
"SOM","Somalia","admin0","Infection Prevalence","per 100 Children",2000,9.02414558671342
"SOM","Somalia","admin0","Infection Prevalence","per 100 Children",2001,9.8501041030392
"SOM","Somalia","admin0","Infection Prevalence","per 100 Children",2002,9.00713223699117
"SOM","Somalia","admin0","Infection Prevalence","per 100 Children",2003,8.57460474484576
"SOM","Somalia","admin0","Infection Prevalence","per 100 Children",2004,7.53611674821823
"SOM","Somalia","admin0","Infection Prevalence","per 100 Children",2005,8.51009729850033
"SOM","Somalia","admin0","Infection Prevalence","per 100 Children",2006,7.747793419043051
"SOM","Somalia","admin0","Infection Prevalence","per 100 Children",2007,6.128731761644239
"SOM","Somalia","admin0","Infection Prevalence","per 100 Children",2008,3.2829821881175696
"SOM","Somalia","admin0","Infection Prevalence","per 100 Children",2009,1.8797949086329
"SOM","Somalia","admin0","Infection Prevalence","per 100 Children",2010,2.08073106768441
"SOM","Somalia","admin0","Infection Prevalence","per 100 Children",2011,1.6760094122843
"SOM","Somalia","admin0","Infection Prevalence","per 100 Children",2012,1.68076937717987
"SOM","Somalia","admin0","Infection Prevalence","per 100 Children",2013,2.02271438707034
"SOM","Somalia","admin0","Infection Prevalence","per 100 Children",2014,2.3736595739991
"SOM","Somalia","admin0","Infection Prevalence","per 100 Children",2015,2.87300625752776
"SOM","Somalia","admin0","Infection Prevalence","per 100 Children",2016,2.91541041370408
"SOM","Somalia","admin0","Infection Prevalence","per 100 Children",2017,2.89044529311511
"SOM","Somalia","admin0","Infection Prevalence","per 100 Children",2018,2.92351151225853
"SOM","Somalia","admin0","Infection Prevalence","per 100 Children",2019,2.9546234041163197
"SOM","Somalia","admin0","Infection Prevalence","per 100 Children",2020,2.95742299656934
"SOM","Somalia","admin0","Infection Prevalence","per 100 Children",2021,2.91034457275885
"SOM","Somalia","admin0","Infection Prevalence","per 100 Children",2022,2.92604649853745
"SOM","Somalia","admin0","Infection Prevalence","per 100 Children",2023,2.9350279718482497
"SOM","Somalia","admin0","Infection Prevalence","per 100 Children",2024,2.8715929892145198
"SOM","Somalia","admin0","Infection Prevalence","per 100 Children",2025,2.87278685678993
"SSD","South Sudan","admin0","Incidence Rate","Cases per Thousand",2000,341.087263467315
"SSD","South Sudan","admin0","Incidence Rate","Cases per Thousand",2001,341.84549280120603
"SSD","South Sudan","admin0","Incidence Rate","Cases per Thousand",2002,337.514656876722
"SSD","South Sudan","admin0","Incidence Rate","Cases per Thousand",2003,329.489307668711
"SSD","South Sudan","admin0","Incidence Rate","Cases per Thousand",2004,316.072474231685
"SSD","South Sudan","admin0","Incidence Rate","Cases per Thousand",2005,306.81595088950195
"SSD","South Sudan","admin0","Incidence Rate","Cases per Thousand",2006,293.95164194650096
"SSD","South Sudan","admin0","Incidence Rate","Cases per Thousand",2007,275.349027125209
"SSD","South Sudan","admin0","Incidence Rate","Cases per Thousand",2008,268.410096957316
"SSD","South Sudan","admin0","Incidence Rate","Cases per Thousand",2009,271.60282685528904
"SSD","South Sudan","admin0","Incidence Rate","Cases per Thousand",2010,276.591205129123
"SSD","South Sudan","admin0","Incidence Rate","Cases per Thousand",2011,281.531286872841
"SSD","South Sudan","admin0","Incidence Rate","Cases per Thousand",2012,277.14799241378904
"SSD","South Sudan","admin0","Incidence Rate","Cases per Thousand",2013,273.517791429496
"SSD","South Sudan","admin0","Incidence Rate","Cases per Thousand",2014,268.312749007473
"SSD","South Sudan","admin0","Incidence Rate","Cases per Thousand",2015,267.001357749332
"SSD","South Sudan","admin0","Incidence Rate","Cases per Thousand",2016,264.559289461745
"SSD","South Sudan","admin0","Incidence Rate","Cases per Thousand",2017,277.45591002352
"SSD","South Sudan","admin0","Incidence Rate","Cases per Thousand",2018,277.852536711959
"SSD","South Sudan","admin0","Incidence Rate","Cases per Thousand",2019,287.911356764051
"SSD","South Sudan","admin0","Incidence Rate","Cases per Thousand",2020,281.833845424309
"SSD","South Sudan","admin0","Incidence Rate","Cases per Thousand",2021,275.46934102022703
"SSD","South Sudan","admin0","Incidence Rate","Cases per Thousand",2022,273.669483967614
"SSD","South Sudan","admin0","Incidence Rate","Cases per Thousand",2023,265.278102659109
"SSD","South Sudan","admin0","Incidence Rate","Cases per Thousand",2024,254.662941007461
"SSD","South Sudan","admin0","Incidence Rate","Cases per Thousand",2025,246.041666032486
"SSD","South Sudan","admin0","Infection Prevalence","per 100 Children",2000,34.679371584743
"SSD","South Sudan","admin0","Infection Prevalence","per 100 Children",2001,34.9725563243251
"SSD","South Sudan","admin0","Infection Prevalence","per 100 Children",2002,34.204274291546795
"SSD","South Sudan","admin0","Infection Prevalence","per 100 Children",2003,32.6123505844547
"SSD","South Sudan","admin0","Infection Prevalence","per 100 Children",2004,30.703961436067
"SSD","South Sudan","admin0","Infection Prevalence","per 100 Children",2005,29.767123688073898
"SSD","South Sudan","admin0","Infection Prevalence","per 100 Children",2006,28.9076750770761
"SSD","South Sudan","admin0","Infection Prevalence","per 100 Children",2007,27.7985628034755
"SSD","South Sudan","admin0","Infection Prevalence","per 100 Children",2008,27.3953978082276
"SSD","South Sudan","admin0","Infection Prevalence","per 100 Children",2009,27.312658450428
"SSD","South Sudan","admin0","Infection Prevalence","per 100 Children",2010,26.9315614728984
"SSD","South Sudan","admin0","Infection Prevalence","per 100 Children",2011,26.6740135355206
"SSD","South Sudan","admin0","Infection Prevalence","per 100 Children",2012,25.217439854686603
"SSD","South Sudan","admin0","Infection Prevalence","per 100 Children",2013,24.7329147425162
"SSD","South Sudan","admin0","Infection Prevalence","per 100 Children",2014,23.8408627370321
"SSD","South Sudan","admin0","Infection Prevalence","per 100 Children",2015,23.5967816530477
"SSD","South Sudan","admin0","Infection Prevalence","per 100 Children",2016,23.6972855986188
"SSD","South Sudan","admin0","Infection Prevalence","per 100 Children",2017,25.7321686665898
"SSD","South Sudan","admin0","Infection Prevalence","per 100 Children",2018,26.1618225770471
"SSD","South Sudan","admin0","Infection Prevalence","per 100 Children",2019,29.0734999029726
"SSD","South Sudan","admin0","Infection Prevalence","per 100 Children",2020,28.7518913778265
"SSD","South Sudan","admin0","Infection Prevalence","per 100 Children",2021,28.018494171582198
"SSD","South Sudan","admin0","Infection Prevalence","per 100 Children",2022,28.142636688529098
"SSD","South Sudan","admin0","Infection Prevalence","per 100 Children",2023,26.8792249894059
"SSD","South Sudan","admin0","Infection Prevalence","per 100 Children",2024,25.1744282519256
"SSD","South Sudan","admin0","Infection Prevalence","per 100 Children",2025,24.7876049231729
"STP","Sao Tome And Principe","admin0","Incidence Rate","Cases per Thousand",2000,371.368056724258
"STP","Sao Tome And Principe","admin0","Incidence Rate","Cases per Thousand",2001,469.50746653499596
"STP","Sao Tome And Principe","admin0","Incidence Rate","Cases per Thousand",2002,540.04116341697
"STP","Sao Tome And Principe","admin0","Incidence Rate","Cases per Thousand",2003,470.645255178171
"STP","Sao Tome And Principe","admin0","Incidence Rate","Cases per Thousand",2004,501.84889849617196
"STP","Sao Tome And Principe","admin0","Incidence Rate","Cases per Thousand",2005,193.19278456920298
"STP","Sao Tome And Principe","admin0","Incidence Rate","Cases per Thousand",2006,53.4003752412193
"STP","Sao Tome And Principe","admin0","Incidence Rate","Cases per Thousand",2007,23.609998897119198
"STP","Sao Tome And Principe","admin0","Incidence Rate","Cases per Thousand",2008,58.560224989865006
"STP","Sao Tome And Principe","admin0","Incidence Rate","Cases per Thousand",2009,56.764340380539
"STP","Sao Tome And Principe","admin0","Incidence Rate","Cases per Thousand",2010,27.495842040781998
"STP","Sao Tome And Principe","admin0","Incidence Rate","Cases per Thousand",2011,71.5697970278482
"STP","Sao Tome And Principe","admin0","Incidence Rate","Cases per Thousand",2012,107.159684753545
"STP","Sao Tome And Principe","admin0","Incidence Rate","Cases per Thousand",2013,76.4578557195582
"STP","Sao Tome And Principe","admin0","Incidence Rate","Cases per Thousand",2014,14.452297891803001
"STP","Sao Tome And Principe","admin0","Incidence Rate","Cases per Thousand",2015,16.7340106461169
"STP","Sao Tome And Principe","admin0","Incidence Rate","Cases per Thousand",2016,17.5498777538173
"STP","Sao Tome And Principe","admin0","Incidence Rate","Cases per Thousand",2017,17.4794605851721
"STP","Sao Tome And Principe","admin0","Incidence Rate","Cases per Thousand",2018,22.3121728219069
"STP","Sao Tome And Principe","admin0","Incidence Rate","Cases per Thousand",2019,18.906165260751
"STP","Sao Tome And Principe","admin0","Incidence Rate","Cases per Thousand",2020,14.396275999638599
"STP","Sao Tome And Principe","admin0","Incidence Rate","Cases per Thousand",2021,20.0778169833942
"STP","Sao Tome And Principe","admin0","Incidence Rate","Cases per Thousand",2022,30.5318086027209
"STP","Sao Tome And Principe","admin0","Incidence Rate","Cases per Thousand",2023,17.083098894108602
"STP","Sao Tome And Principe","admin0","Incidence Rate","Cases per Thousand",2024,41.776186120119
"STP","Sao Tome And Principe","admin0","Incidence Rate","Cases per Thousand",2025,33.4554996429668
"STP","Sao Tome And Principe","admin0","Infection Prevalence","per 100 Children",2000,18.554828746841203
"STP","Sao Tome And Principe","admin0","Infection Prevalence","per 100 Children",2001,26.581583499545303
"STP","Sao Tome And Principe","admin0","Infection Prevalence","per 100 Children",2002,35.6685544110032
"STP","Sao Tome And Principe","admin0","Infection Prevalence","per 100 Children",2003,26.864116252759402
"STP","Sao Tome And Principe","admin0","Infection Prevalence","per 100 Children",2004,30.193942190552196
"STP","Sao Tome And Principe","admin0","Infection Prevalence","per 100 Children",2005,8.29370286146094
"STP","Sao Tome And Principe","admin0","Infection Prevalence","per 100 Children",2006,2.10135448402712
"STP","Sao Tome And Principe","admin0","Infection Prevalence","per 100 Children",2007,0.9137721568301751
"STP","Sao Tome And Principe","admin0","Infection Prevalence","per 100 Children",2008,2.30940941918796
"STP","Sao Tome And Principe","admin0","Infection Prevalence","per 100 Children",2009,2.23564969185936
"STP","Sao Tome And Principe","admin0","Infection Prevalence","per 100 Children",2010,1.06615777751382
"STP","Sao Tome And Principe","admin0","Infection Prevalence","per 100 Children",2011,2.84539562479355
"STP","Sao Tome And Principe","admin0","Infection Prevalence","per 100 Children",2012,4.34930477256154
"STP","Sao Tome And Principe","admin0","Infection Prevalence","per 100 Children",2013,3.04642177523679
"STP","Sao Tome And Principe","admin0","Infection Prevalence","per 100 Children",2014,0.556017243603398
"STP","Sao Tome And Principe","admin0","Infection Prevalence","per 100 Children",2015,0.6451448349844899
"STP","Sao Tome And Principe","admin0","Infection Prevalence","per 100 Children",2016,0.676773874422753
"STP","Sao Tome And Principe","admin0","Infection Prevalence","per 100 Children",2017,0.673650661582593
"STP","Sao Tome And Principe","admin0","Infection Prevalence","per 100 Children",2018,0.863085293796029
"STP","Sao Tome And Principe","admin0","Infection Prevalence","per 100 Children",2019,0.72981969932127
"STP","Sao Tome And Principe","admin0","Infection Prevalence","per 100 Children",2020,0.553999303177415
"STP","Sao Tome And Principe","admin0","Infection Prevalence","per 100 Children",2021,0.775628287075809
"STP","Sao Tome And Principe","admin0","Infection Prevalence","per 100 Children",2022,1.18588384701222
"STP","Sao Tome And Principe","admin0","Infection Prevalence","per 100 Children",2023,0.65883859495774
"STP","Sao Tome And Principe","admin0","Infection Prevalence","per 100 Children",2024,2.04559827795145
"STP","Sao Tome And Principe","admin0","Infection Prevalence","per 100 Children",2025,1.6941546414493198
"SUR","Suriname","admin0","Incidence Rate","Cases per Thousand",2000,46.4277436501143
"SUR","Suriname","admin0","Incidence Rate","Cases per Thousand",2001,64.3297335163476
"SUR","Suriname","admin0","Incidence Rate","Cases per Thousand",2002,51.2228953660523
"SUR","Suriname","admin0","Incidence Rate","Cases per Thousand",2003,38.597200409857
"SUR","Suriname","admin0","Incidence Rate","Cases per Thousand",2004,29.683497530484
"SUR","Suriname","admin0","Incidence Rate","Cases per Thousand",2005,28.8768195219145
"SUR","Suriname","admin0","Incidence Rate","Cases per Thousand",2006,9.0957209619078
"SUR","Suriname","admin0","Incidence Rate","Cases per Thousand",2007,3.63782903989549
"SUR","Suriname","admin0","Incidence Rate","Cases per Thousand",2008,6.04404566110287
"SUR","Suriname","admin0","Incidence Rate","Cases per Thousand",2009,5.33943978402894
"SUR","Suriname","admin0","Incidence Rate","Cases per Thousand",2010,2.92863885528736
"SUR","Suriname","admin0","Incidence Rate","Cases per Thousand",2011,1.39090674961897
"SUR","Suriname","admin0","Incidence Rate","Cases per Thousand",2012,1.0162722655185898
"SUR","Suriname","admin0","Incidence Rate","Cases per Thousand",2013,0.9051289690985219
"SUR","Suriname","admin0","Incidence Rate","Cases per Thousand",2014,0.894170081594537
"SUR","Suriname","admin0","Incidence Rate","Cases per Thousand",2015,0.0696161107651242
"SUR","Suriname","admin0","Incidence Rate","Cases per Thousand",2016,0.0244236305374855
"SUR","Suriname","admin0","Incidence Rate","Cases per Thousand",2017,0.12355795359325901
"SUR","Suriname","admin0","Incidence Rate","Cases per Thousand",2018,0.055446046442098
"SUR","Suriname","admin0","Incidence Rate","Cases per Thousand",2019,0
"SUR","Suriname","admin0","Incidence Rate","Cases per Thousand",2020,0
"SUR","Suriname","admin0","Incidence Rate","Cases per Thousand",2021,0
"SUR","Suriname","admin0","Incidence Rate","Cases per Thousand",2022,0
"SUR","Suriname","admin0","Incidence Rate","Cases per Thousand",2023,0
"SUR","Suriname","admin0","Incidence Rate","Cases per Thousand",2024,0
"SUR","Suriname","admin0","Incidence Rate","Cases per Thousand",2025,0
"SUR","Suriname","admin0","Infection Prevalence","per 100 Children",2000,1.82048890814173
"SUR","Suriname","admin0","Infection Prevalence","per 100 Children",2001,2.54665795185017
"SUR","Suriname","admin0","Infection Prevalence","per 100 Children",2002,2.01726416784425
"SUR","Suriname","admin0","Infection Prevalence","per 100 Children",2003,1.50752361227298
"SUR","Suriname","admin0","Infection Prevalence","per 100 Children",2004,1.15322818226411
"SUR","Suriname","admin0","Infection Prevalence","per 100 Children",2005,1.1215646297025201
"SUR","Suriname","admin0","Infection Prevalence","per 100 Children",2006,0.34887434601926
"SUR","Suriname","admin0","Infection Prevalence","per 100 Children",2007,0.139314421245031
"SUR","Suriname","admin0","Infection Prevalence","per 100 Children",2008,0.231749026776437
"SUR","Suriname","admin0","Infection Prevalence","per 100 Children",2009,0.204656095489841
"SUR","Suriname","admin0","Infection Prevalence","per 100 Children",2010,0.112103240918998
"SUR","Suriname","admin0","Infection Prevalence","per 100 Children",2011,0.05319609686783901
"SUR","Suriname","admin0","Infection Prevalence","per 100 Children",2012,0.0388593922791614
"SUR","Suriname","admin0","Infection Prevalence","per 100 Children",2013,0.0346070551562178
"SUR","Suriname","admin0","Infection Prevalence","per 100 Children",2014,0.0341879839844294
"SUR","Suriname","admin0","Infection Prevalence","per 100 Children",2015,0.00653671680137467
"SUR","Suriname","admin0","Infection Prevalence","per 100 Children",2016,0.006595485365119211
"SUR","Suriname","admin0","Infection Prevalence","per 100 Children",2017,0.004354021222318051
"SUR","Suriname","admin0","Infection Prevalence","per 100 Children",2018,0.00660625739415255
"SUR","Suriname","admin0","Infection Prevalence","per 100 Children",2019,0
"SUR","Suriname","admin0","Infection Prevalence","per 100 Children",2020,0
"SUR","Suriname","admin0","Infection Prevalence","per 100 Children",2021,0
"SUR","Suriname","admin0","Infection Prevalence","per 100 Children",2022,0
"SUR","Suriname","admin0","Infection Prevalence","per 100 Children",2023,0
"SUR","Suriname","admin0","Infection Prevalence","per 100 Children",2024,0
"SUR","Suriname","admin0","Infection Prevalence","per 100 Children",2025,0
"SWZ","Eswatini","admin0","Incidence Rate","Cases per Thousand",2000,8.44343224889052
"SWZ","Eswatini","admin0","Incidence Rate","Cases per Thousand",2001,4.9068112274510804
"SWZ","Eswatini","admin0","Incidence Rate","Cases per Thousand",2002,2.80068952206054
"SWZ","Eswatini","admin0","Incidence Rate","Cases per Thousand",2003,1.28770307451469
"SWZ","Eswatini","admin0","Incidence Rate","Cases per Thousand",2004,2.40603106080744
"SWZ","Eswatini","admin0","Incidence Rate","Cases per Thousand",2005,1.48198084797513
"SWZ","Eswatini","admin0","Incidence Rate","Cases per Thousand",2006,1.09484713862647
"SWZ","Eswatini","admin0","Incidence Rate","Cases per Thousand",2007,2.02999494839039
"SWZ","Eswatini","admin0","Incidence Rate","Cases per Thousand",2008,1.66835142742011
"SWZ","Eswatini","admin0","Incidence Rate","Cases per Thousand",2009,2.0352605387088802
"SWZ","Eswatini","admin0","Incidence Rate","Cases per Thousand",2010,1.42144033868348
"SWZ","Eswatini","admin0","Incidence Rate","Cases per Thousand",2011,0.9227697247690629
"SWZ","Eswatini","admin0","Incidence Rate","Cases per Thousand",2012,1.0625605282063801
"SWZ","Eswatini","admin0","Incidence Rate","Cases per Thousand",2013,1.6177276833578
"SWZ","Eswatini","admin0","Incidence Rate","Cases per Thousand",2014,0.8393583934773301
"SWZ","Eswatini","admin0","Incidence Rate","Cases per Thousand",2015,0.755181267890419
"SWZ","Eswatini","admin0","Incidence Rate","Cases per Thousand",2016,0.520487345649259
"SWZ","Eswatini","admin0","Incidence Rate","Cases per Thousand",2017,1.00378630842756
"SWZ","Eswatini","admin0","Incidence Rate","Cases per Thousand",2018,1.64333647690417
"SWZ","Eswatini","admin0","Incidence Rate","Cases per Thousand",2019,0.6077955027268569
"SWZ","Eswatini","admin0","Incidence Rate","Cases per Thousand",2020,0.6645126917224781
"SWZ","Eswatini","admin0","Incidence Rate","Cases per Thousand",2021,1.2069409648838898
"SWZ","Eswatini","admin0","Incidence Rate","Cases per Thousand",2022,0.5337489302342481
"SWZ","Eswatini","admin0","Incidence Rate","Cases per Thousand",2023,1.47282527939175
"SWZ","Eswatini","admin0","Incidence Rate","Cases per Thousand",2024,0.457880901839891
"SWZ","Eswatini","admin0","Incidence Rate","Cases per Thousand",2025,1.20523963200965
"SWZ","Eswatini","admin0","Infection Prevalence","per 100 Children",2000,0.323885392106914
"SWZ","Eswatini","admin0","Infection Prevalence","per 100 Children",2001,0.187974021779906
"SWZ","Eswatini","admin0","Infection Prevalence","per 100 Children",2002,0.107176043503967
"SWZ","Eswatini","admin0","Infection Prevalence","per 100 Children",2003,0.049237518772553994
"SWZ","Eswatini","admin0","Infection Prevalence","per 100 Children",2004,0.09205366321210061
"SWZ","Eswatini","admin0","Infection Prevalence","per 100 Children",2005,0.056671574657407096
"SWZ","Eswatini","admin0","Infection Prevalence","per 100 Children",2006,0.0418585226342508
"SWZ","Eswatini","admin0","Infection Prevalence","per 100 Children",2007,0.0776501077930124
"SWZ","Eswatini","admin0","Infection Prevalence","per 100 Children",2008,0.06380434086869921
"SWZ","Eswatini","admin0","Infection Prevalence","per 100 Children",2009,0.0778520497719937
"SWZ","Eswatini","admin0","Infection Prevalence","per 100 Children",2010,0.054354958412368905
"SWZ","Eswatini","admin0","Infection Prevalence","per 100 Children",2011,0.035276834846190604
"SWZ","Eswatini","admin0","Infection Prevalence","per 100 Children",2012,0.0406239023517251
"SWZ","Eswatini","admin0","Infection Prevalence","per 100 Children",2013,0.0618667491937514
"SWZ","Eswatini","admin0","Infection Prevalence","per 100 Children",2014,0.032085815069610404
"SWZ","Eswatini","admin0","Infection Prevalence","per 100 Children",2015,0.028866697231436998
"SWZ","Eswatini","admin0","Infection Prevalence","per 100 Children",2016,0.0198932783620495
"SWZ","Eswatini","admin0","Infection Prevalence","per 100 Children",2017,0.0383757864668125
"SWZ","Eswatini","admin0","Infection Prevalence","per 100 Children",2018,0.0628490627407048
"SWZ","Eswatini","admin0","Infection Prevalence","per 100 Children",2019,0.023232544495811098
"SWZ","Eswatini","admin0","Infection Prevalence","per 100 Children",2020,0.025401641931420398
"SWZ","Eswatini","admin0","Infection Prevalence","per 100 Children",2021,0.0461502824004112
"SWZ","Eswatini","admin0","Infection Prevalence","per 100 Children",2022,0.0204018822554881
"SWZ","Eswatini","admin0","Infection Prevalence","per 100 Children",2023,0.05632572919035429
"SWZ","Eswatini","admin0","Infection Prevalence","per 100 Children",2024,0.0175014331136697
"SWZ","Eswatini","admin0","Infection Prevalence","per 100 Children",2025,0.046198896105547296
"SYR","Syria","admin0","Incidence Rate","Cases per Thousand",2000,0.000299849416044512
"SYR","Syria","admin0","Incidence Rate","Cases per Thousand",2001,0.0036361928772769302
"SYR","Syria","admin0","Incidence Rate","Cases per Thousand",2002,0.00084477449182352
"SYR","Syria","admin0","Incidence Rate","Cases per Thousand",2003,0.000109975156410575
"SYR","Syria","admin0","Incidence Rate","Cases per Thousand",2004,0.000053694058690773505
"SYR","Syria","admin0","Incidence Rate","Cases per Thousand",2005,0
"SYR","Syria","admin0","Incidence Rate","Cases per Thousand",2006,0
"SYR","Syria","admin0","Incidence Rate","Cases per Thousand",2007,0
"SYR","Syria","admin0","Incidence Rate","Cases per Thousand",2008,0
"SYR","Syria","admin0","Incidence Rate","Cases per Thousand",2009,0
"SYR","Syria","admin0","Incidence Rate","Cases per Thousand",2010,0
"SYR","Syria","admin0","Incidence Rate","Cases per Thousand",2011,0
"SYR","Syria","admin0","Incidence Rate","Cases per Thousand",2012,0
"SYR","Syria","admin0","Incidence Rate","Cases per Thousand",2013,0
"SYR","Syria","admin0","Incidence Rate","Cases per Thousand",2014,0
"SYR","Syria","admin0","Incidence Rate","Cases per Thousand",2015,0
"SYR","Syria","admin0","Incidence Rate","Cases per Thousand",2016,0
"SYR","Syria","admin0","Incidence Rate","Cases per Thousand",2017,0
"SYR","Syria","admin0","Incidence Rate","Cases per Thousand",2018,0
"SYR","Syria","admin0","Incidence Rate","Cases per Thousand",2019,0
"SYR","Syria","admin0","Incidence Rate","Cases per Thousand",2020,0
"SYR","Syria","admin0","Incidence Rate","Cases per Thousand",2021,0
"SYR","Syria","admin0","Incidence Rate","Cases per Thousand",2022,0
"SYR","Syria","admin0","Incidence Rate","Cases per Thousand",2023,0
"SYR","Syria","admin0","Incidence Rate","Cases per Thousand",2024,0
"SYR","Syria","admin0","Incidence Rate","Cases per Thousand",2025,0
"SYR","Syria","admin0","Infection Prevalence","per 100 Children",2000,0.0065898753297351795
"SYR","Syria","admin0","Infection Prevalence","per 100 Children",2001,0.00659421308525139
"SYR","Syria","admin0","Infection Prevalence","per 100 Children",2002,0.00659425510136197
"SYR","Syria","admin0","Infection Prevalence","per 100 Children",2003,0.006545107017768651
"SYR","Syria","admin0","Infection Prevalence","per 100 Children",2004,0.006512795220896799
"SYR","Syria","admin0","Infection Prevalence","per 100 Children",2005,0
"SYR","Syria","admin0","Infection Prevalence","per 100 Children",2006,0
"SYR","Syria","admin0","Infection Prevalence","per 100 Children",2007,0
"SYR","Syria","admin0","Infection Prevalence","per 100 Children",2008,0
"SYR","Syria","admin0","Infection Prevalence","per 100 Children",2009,0
"SYR","Syria","admin0","Infection Prevalence","per 100 Children",2010,0
"SYR","Syria","admin0","Infection Prevalence","per 100 Children",2011,0
"SYR","Syria","admin0","Infection Prevalence","per 100 Children",2012,0
"SYR","Syria","admin0","Infection Prevalence","per 100 Children",2013,0
"SYR","Syria","admin0","Infection Prevalence","per 100 Children",2014,0
"SYR","Syria","admin0","Infection Prevalence","per 100 Children",2015,0
"SYR","Syria","admin0","Infection Prevalence","per 100 Children",2016,0
"SYR","Syria","admin0","Infection Prevalence","per 100 Children",2017,0
"SYR","Syria","admin0","Infection Prevalence","per 100 Children",2018,0
"SYR","Syria","admin0","Infection Prevalence","per 100 Children",2019,0
"SYR","Syria","admin0","Infection Prevalence","per 100 Children",2020,0
"SYR","Syria","admin0","Infection Prevalence","per 100 Children",2021,0
"SYR","Syria","admin0","Infection Prevalence","per 100 Children",2022,0
"SYR","Syria","admin0","Infection Prevalence","per 100 Children",2023,0
"SYR","Syria","admin0","Infection Prevalence","per 100 Children",2024,0
"SYR","Syria","admin0","Infection Prevalence","per 100 Children",2025,0
"TCD","Chad","admin0","Incidence Rate","Cases per Thousand",2000,270.499192383768
"TCD","Chad","admin0","Incidence Rate","Cases per Thousand",2001,271.787622956485
"TCD","Chad","admin0","Incidence Rate","Cases per Thousand",2002,238.511472328055
"TCD","Chad","admin0","Incidence Rate","Cases per Thousand",2003,236.48482313492
"TCD","Chad","admin0","Incidence Rate","Cases per Thousand",2004,233.66147528074399
"TCD","Chad","admin0","Incidence Rate","Cases per Thousand",2005,237.354259592455
"TCD","Chad","admin0","Incidence Rate","Cases per Thousand",2006,238.65661191458003
"TCD","Chad","admin0","Incidence Rate","Cases per Thousand",2007,233.465177132972
"TCD","Chad","admin0","Incidence Rate","Cases per Thousand",2008,235.46173022146598
"TCD","Chad","admin0","Incidence Rate","Cases per Thousand",2009,243.047690000245
"TCD","Chad","admin0","Incidence Rate","Cases per Thousand",2010,243.042087128008
"TCD","Chad","admin0","Incidence Rate","Cases per Thousand",2011,226.670605926536
"TCD","Chad","admin0","Incidence Rate","Cases per Thousand",2012,214.149436613701
"TCD","Chad","admin0","Incidence Rate","Cases per Thousand",2013,206.71531334548902
"TCD","Chad","admin0","Incidence Rate","Cases per Thousand",2014,210.31326112861302
"TCD","Chad","admin0","Incidence Rate","Cases per Thousand",2015,212.957466858042
"TCD","Chad","admin0","Incidence Rate","Cases per Thousand",2016,211.56114008113
"TCD","Chad","admin0","Incidence Rate","Cases per Thousand",2017,213.783974012377
"TCD","Chad","admin0","Incidence Rate","Cases per Thousand",2018,221.817052340788
"TCD","Chad","admin0","Incidence Rate","Cases per Thousand",2019,214.561372148379
"TCD","Chad","admin0","Incidence Rate","Cases per Thousand",2020,206.85160782270802
"TCD","Chad","admin0","Incidence Rate","Cases per Thousand",2021,205.544105399715
"TCD","Chad","admin0","Incidence Rate","Cases per Thousand",2022,208.110144281695
"TCD","Chad","admin0","Incidence Rate","Cases per Thousand",2023,204.053969019634
"TCD","Chad","admin0","Incidence Rate","Cases per Thousand",2024,204.81535299748
"TCD","Chad","admin0","Incidence Rate","Cases per Thousand",2025,200.01805043232198
"TCD","Chad","admin0","Infection Prevalence","per 100 Children",2000,20.491131407212603
"TCD","Chad","admin0","Infection Prevalence","per 100 Children",2001,20.8709862021948
"TCD","Chad","admin0","Infection Prevalence","per 100 Children",2002,17.0945134896234
"TCD","Chad","admin0","Infection Prevalence","per 100 Children",2003,16.554328369605802
"TCD","Chad","admin0","Infection Prevalence","per 100 Children",2004,16.2311359982069
"TCD","Chad","admin0","Infection Prevalence","per 100 Children",2005,16.5846322322231
"TCD","Chad","admin0","Infection Prevalence","per 100 Children",2006,16.839747408508
"TCD","Chad","admin0","Infection Prevalence","per 100 Children",2007,16.7477321938469
"TCD","Chad","admin0","Infection Prevalence","per 100 Children",2008,17.2858329802066
"TCD","Chad","admin0","Infection Prevalence","per 100 Children",2009,18.4172211403698
"TCD","Chad","admin0","Infection Prevalence","per 100 Children",2010,18.7400188328251
"TCD","Chad","admin0","Infection Prevalence","per 100 Children",2011,17.1056088984438
"TCD","Chad","admin0","Infection Prevalence","per 100 Children",2012,15.478680401091898
"TCD","Chad","admin0","Infection Prevalence","per 100 Children",2013,14.462354357907401
"TCD","Chad","admin0","Infection Prevalence","per 100 Children",2014,14.5814852662593
"TCD","Chad","admin0","Infection Prevalence","per 100 Children",2015,14.578097032544099
"TCD","Chad","admin0","Infection Prevalence","per 100 Children",2016,14.481623162530699
"TCD","Chad","admin0","Infection Prevalence","per 100 Children",2017,14.6809843259148
"TCD","Chad","admin0","Infection Prevalence","per 100 Children",2018,15.2950822958035
"TCD","Chad","admin0","Infection Prevalence","per 100 Children",2019,14.7886750680498
"TCD","Chad","admin0","Infection Prevalence","per 100 Children",2020,14.134663414148
"TCD","Chad","admin0","Infection Prevalence","per 100 Children",2021,13.948454025753302
"TCD","Chad","admin0","Infection Prevalence","per 100 Children",2022,14.2950037772758
"TCD","Chad","admin0","Infection Prevalence","per 100 Children",2023,13.984232840142699
"TCD","Chad","admin0","Infection Prevalence","per 100 Children",2024,14.0429224469851
"TCD","Chad","admin0","Infection Prevalence","per 100 Children",2025,14.0340409263569
"TGO","Togo","admin0","Incidence Rate","Cases per Thousand",2000,446.26514563508704
"TGO","Togo","admin0","Incidence Rate","Cases per Thousand",2001,439.612838928042
"TGO","Togo","admin0","Incidence Rate","Cases per Thousand",2002,446.20389357885597
"TGO","Togo","admin0","Incidence Rate","Cases per Thousand",2003,459.12550677488304
"TGO","Togo","admin0","Incidence Rate","Cases per Thousand",2004,468.289152986143
"TGO","Togo","admin0","Incidence Rate","Cases per Thousand",2005,470.890351369857
"TGO","Togo","admin0","Incidence Rate","Cases per Thousand",2006,467.21971433847096
"TGO","Togo","admin0","Incidence Rate","Cases per Thousand",2007,443.968200586386
"TGO","Togo","admin0","Incidence Rate","Cases per Thousand",2008,395.201641988475
"TGO","Togo","admin0","Incidence Rate","Cases per Thousand",2009,343.72674650887905
"TGO","Togo","admin0","Incidence Rate","Cases per Thousand",2010,319.541398319949
"TGO","Togo","admin0","Incidence Rate","Cases per Thousand",2011,311.33099711494697
"TGO","Togo","admin0","Incidence Rate","Cases per Thousand",2012,336.410138571757
"TGO","Togo","admin0","Incidence Rate","Cases per Thousand",2013,369.841345293021
"TGO","Togo","admin0","Incidence Rate","Cases per Thousand",2014,368.685813792063
"TGO","Togo","admin0","Incidence Rate","Cases per Thousand",2015,371.722911541989
"TGO","Togo","admin0","Incidence Rate","Cases per Thousand",2016,368.386580735669
"TGO","Togo","admin0","Incidence Rate","Cases per Thousand",2017,350.566520957818
"TGO","Togo","admin0","Incidence Rate","Cases per Thousand",2018,321.26565525705195
"TGO","Togo","admin0","Incidence Rate","Cases per Thousand",2019,288.50738263182404
"TGO","Togo","admin0","Incidence Rate","Cases per Thousand",2020,281.95803668457
"TGO","Togo","admin0","Incidence Rate","Cases per Thousand",2021,278.166815646636
"TGO","Togo","admin0","Incidence Rate","Cases per Thousand",2022,278.080575752586
"TGO","Togo","admin0","Incidence Rate","Cases per Thousand",2023,265.03409387017
"TGO","Togo","admin0","Incidence Rate","Cases per Thousand",2024,249.79295152694002
"TGO","Togo","admin0","Incidence Rate","Cases per Thousand",2025,235.815729246469
"TGO","Togo","admin0","Infection Prevalence","per 100 Children",2000,44.5194844134168
"TGO","Togo","admin0","Infection Prevalence","per 100 Children",2001,44.7669921766227
"TGO","Togo","admin0","Infection Prevalence","per 100 Children",2002,46.7650910043334
"TGO","Togo","admin0","Infection Prevalence","per 100 Children",2003,49.3136002103066
"TGO","Togo","admin0","Infection Prevalence","per 100 Children",2004,53.171850640458
"TGO","Togo","admin0","Infection Prevalence","per 100 Children",2005,54.1025216836601
"TGO","Togo","admin0","Infection Prevalence","per 100 Children",2006,51.944820510871104
"TGO","Togo","admin0","Infection Prevalence","per 100 Children",2007,46.7452048709445
"TGO","Togo","admin0","Infection Prevalence","per 100 Children",2008,38.498601083574904
"TGO","Togo","admin0","Infection Prevalence","per 100 Children",2009,31.4894999190101
"TGO","Togo","admin0","Infection Prevalence","per 100 Children",2010,28.741087156072297
"TGO","Togo","admin0","Infection Prevalence","per 100 Children",2011,28.004578460348
"TGO","Togo","admin0","Infection Prevalence","per 100 Children",2012,31.400997444655097
"TGO","Togo","admin0","Infection Prevalence","per 100 Children",2013,36.3897360322801
"TGO","Togo","admin0","Infection Prevalence","per 100 Children",2014,36.6744420911914
"TGO","Togo","admin0","Infection Prevalence","per 100 Children",2015,38.021633094243
"TGO","Togo","admin0","Infection Prevalence","per 100 Children",2016,38.5502210957672
"TGO","Togo","admin0","Infection Prevalence","per 100 Children",2017,36.1609773947751
"TGO","Togo","admin0","Infection Prevalence","per 100 Children",2018,31.5589612828154
"TGO","Togo","admin0","Infection Prevalence","per 100 Children",2019,27.074228172193997
"TGO","Togo","admin0","Infection Prevalence","per 100 Children",2020,26.4181919693373
"TGO","Togo","admin0","Infection Prevalence","per 100 Children",2021,25.933983162372897
"TGO","Togo","admin0","Infection Prevalence","per 100 Children",2022,26.3462521255578
"TGO","Togo","admin0","Infection Prevalence","per 100 Children",2023,24.983349997107602
"TGO","Togo","admin0","Infection Prevalence","per 100 Children",2024,23.5484019575906
"TGO","Togo","admin0","Infection Prevalence","per 100 Children",2025,23.115927971738202
"THA","Thailand","admin0","Incidence Rate","Cases per Thousand",2000,1.8028377789184
"THA","Thailand","admin0","Incidence Rate","Cases per Thousand",2001,1.28000188737597
"THA","Thailand","admin0","Incidence Rate","Cases per Thousand",2002,0.870189733876475
"THA","Thailand","admin0","Incidence Rate","Cases per Thousand",2003,0.752807385223995
"THA","Thailand","admin0","Incidence Rate","Cases per Thousand",2004,0.586331508357174
"THA","Thailand","admin0","Incidence Rate","Cases per Thousand",2005,0.605553715475445
"THA","Thailand","admin0","Incidence Rate","Cases per Thousand",2006,0.590767396265264
"THA","Thailand","admin0","Incidence Rate","Cases per Thousand",2007,0.6248843410601
"THA","Thailand","admin0","Incidence Rate","Cases per Thousand",2008,0.545919493420495
"THA","Thailand","admin0","Incidence Rate","Cases per Thousand",2009,0.448573624392139
"THA","Thailand","admin0","Incidence Rate","Cases per Thousand",2010,0.690214891377528
"THA","Thailand","admin0","Incidence Rate","Cases per Thousand",2011,0.505998277753001
"THA","Thailand","admin0","Incidence Rate","Cases per Thousand",2012,0.61069982167656
"THA","Thailand","admin0","Incidence Rate","Cases per Thousand",2013,0.5963813701794249
"THA","Thailand","admin0","Incidence Rate","Cases per Thousand",2014,0.477092717049921
"THA","Thailand","admin0","Incidence Rate","Cases per Thousand",2015,0.24122800365578
"THA","Thailand","admin0","Incidence Rate","Cases per Thousand",2016,0.0961337205418393
"THA","Thailand","admin0","Incidence Rate","Cases per Thousand",2017,0.0377027163288716
"THA","Thailand","admin0","Incidence Rate","Cases per Thousand",2018,0.01983985452616
"THA","Thailand","admin0","Incidence Rate","Cases per Thousand",2019,0.012622981488999001
"THA","Thailand","admin0","Incidence Rate","Cases per Thousand",2020,0.00566486258350993
"THA","Thailand","admin0","Incidence Rate","Cases per Thousand",2021,0.00367549212200916
"THA","Thailand","admin0","Incidence Rate","Cases per Thousand",2022,0.0057959249820664
"THA","Thailand","admin0","Incidence Rate","Cases per Thousand",2023,0.00709858131503203
"THA","Thailand","admin0","Incidence Rate","Cases per Thousand",2024,0.0091933768829684
"THA","Thailand","admin0","Incidence Rate","Cases per Thousand",2025,0.0137210792192694
"THA","Thailand","admin0","Infection Prevalence","per 100 Children",2000,0.0689696444418698
"THA","Thailand","admin0","Infection Prevalence","per 100 Children",2001,0.0489555828166281
"THA","Thailand","admin0","Infection Prevalence","per 100 Children",2002,0.0332750410269174
"THA","Thailand","admin0","Infection Prevalence","per 100 Children",2003,0.0287850429768098
"THA","Thailand","admin0","Infection Prevalence","per 100 Children",2004,0.022417548706719498
"THA","Thailand","admin0","Infection Prevalence","per 100 Children",2005,0.0231525679004066
"THA","Thailand","admin0","Infection Prevalence","per 100 Children",2006,0.0225866952188295
"THA","Thailand","admin0","Infection Prevalence","per 100 Children",2007,0.0238909901209989
"THA","Thailand","admin0","Infection Prevalence","per 100 Children",2008,0.0208705310528348
"THA","Thailand","admin0","Infection Prevalence","per 100 Children",2009,0.017147288408632298
"THA","Thailand","admin0","Infection Prevalence","per 100 Children",2010,0.026386757675576803
"THA","Thailand","admin0","Infection Prevalence","per 100 Children",2011,0.019342352912745702
"THA","Thailand","admin0","Infection Prevalence","per 100 Children",2012,0.0233468044273058
"THA","Thailand","admin0","Infection Prevalence","per 100 Children",2013,0.022799854823652998
"THA","Thailand","admin0","Infection Prevalence","per 100 Children",2014,0.0182388494110256
"THA","Thailand","admin0","Infection Prevalence","per 100 Children",2015,0.00915357165016545
"THA","Thailand","admin0","Infection Prevalence","per 100 Children",2016,0.0042945430268821
"THA","Thailand","admin0","Infection Prevalence","per 100 Children",2017,0.00657891730732497
"THA","Thailand","admin0","Infection Prevalence","per 100 Children",2018,0.006569687554701389
"THA","Thailand","admin0","Infection Prevalence","per 100 Children",2019,0.00656327901249881
"THA","Thailand","admin0","Infection Prevalence","per 100 Children",2020,0.006487510003142891
"THA","Thailand","admin0","Infection Prevalence","per 100 Children",2021,0.006494084915250769
"THA","Thailand","admin0","Infection Prevalence","per 100 Children",2022,0.00649278251851641
"THA","Thailand","admin0","Infection Prevalence","per 100 Children",2023,0.00652307560327584
"THA","Thailand","admin0","Infection Prevalence","per 100 Children",2024,0.00659789970876104
"THA","Thailand","admin0","Infection Prevalence","per 100 Children",2025,0.006597839793762089
"TJK","Tajikistan","admin0","Incidence Rate","Cases per Thousand",2000,1.36246989937495
"TJK","Tajikistan","admin0","Incidence Rate","Cases per Thousand",2001,1.3302202454995902
"TJK","Tajikistan","admin0","Incidence Rate","Cases per Thousand",2002,0.784275866004814
"TJK","Tajikistan","admin0","Incidence Rate","Cases per Thousand",2003,0.356243631580162
"TJK","Tajikistan","admin0","Incidence Rate","Cases per Thousand",2004,0.218528324257483
"TJK","Tajikistan","admin0","Incidence Rate","Cases per Thousand",2005,1.08458433005068
"TJK","Tajikistan","admin0","Incidence Rate","Cases per Thousand",2006,0.513253319117252
"TJK","Tajikistan","admin0","Incidence Rate","Cases per Thousand",2007,0.240659383451432
"TJK","Tajikistan","admin0","Incidence Rate","Cases per Thousand",2008,0.13328359574911
"TJK","Tajikistan","admin0","Incidence Rate","Cases per Thousand",2009,0.000130166897663812
"TJK","Tajikistan","admin0","Incidence Rate","Cases per Thousand",2010,0.000127810988009918
"TJK","Tajikistan","admin0","Incidence Rate","Cases per Thousand",2011,0.000623430063663695
"TJK","Tajikistan","admin0","Incidence Rate","Cases per Thousand",2012,0.00012777867649314
"TJK","Tajikistan","admin0","Incidence Rate","Cases per Thousand",2013,0.0000434592401002283
"TJK","Tajikistan","admin0","Incidence Rate","Cases per Thousand",2014,0
"TJK","Tajikistan","admin0","Incidence Rate","Cases per Thousand",2015,0
"TJK","Tajikistan","admin0","Incidence Rate","Cases per Thousand",2016,0
"TJK","Tajikistan","admin0","Incidence Rate","Cases per Thousand",2017,0
"TJK","Tajikistan","admin0","Incidence Rate","Cases per Thousand",2018,0
"TJK","Tajikistan","admin0","Incidence Rate","Cases per Thousand",2019,0
"TJK","Tajikistan","admin0","Incidence Rate","Cases per Thousand",2020,0
"TJK","Tajikistan","admin0","Incidence Rate","Cases per Thousand",2021,0
"TJK","Tajikistan","admin0","Incidence Rate","Cases per Thousand",2022,0
"TJK","Tajikistan","admin0","Incidence Rate","Cases per Thousand",2023,0
"TJK","Tajikistan","admin0","Incidence Rate","Cases per Thousand",2024,0
"TJK","Tajikistan","admin0","Incidence Rate","Cases per Thousand",2025,0
"TJK","Tajikistan","admin0","Infection Prevalence","per 100 Children",2000,0.052104625333618496
"TJK","Tajikistan","admin0","Infection Prevalence","per 100 Children",2001,0.0508700990270359
"TJK","Tajikistan","admin0","Infection Prevalence","per 100 Children",2002,0.0299827154467507
"TJK","Tajikistan","admin0","Infection Prevalence","per 100 Children",2003,0.013615954579159602
"TJK","Tajikistan","admin0","Infection Prevalence","per 100 Children",2004,0.00810773569720422
"TJK","Tajikistan","admin0","Infection Prevalence","per 100 Children",2005,0.0414704504278705
"TJK","Tajikistan","admin0","Infection Prevalence","per 100 Children",2006,0.0196189010166708
"TJK","Tajikistan","admin0","Infection Prevalence","per 100 Children",2007,0.00919765665794724
"TJK","Tajikistan","admin0","Infection Prevalence","per 100 Children",2008,0.00410260301030112
"TJK","Tajikistan","admin0","Infection Prevalence","per 100 Children",2009,0.006594371687080731
"TJK","Tajikistan","admin0","Infection Prevalence","per 100 Children",2010,0.006593846437304041
"TJK","Tajikistan","admin0","Infection Prevalence","per 100 Children",2011,0.00659344116590982
"TJK","Tajikistan","admin0","Infection Prevalence","per 100 Children",2012,0.0065931086661499905
"TJK","Tajikistan","admin0","Infection Prevalence","per 100 Children",2013,0.0065930098303452495
"TJK","Tajikistan","admin0","Infection Prevalence","per 100 Children",2014,0
"TJK","Tajikistan","admin0","Infection Prevalence","per 100 Children",2015,0
"TJK","Tajikistan","admin0","Infection Prevalence","per 100 Children",2016,0
"TJK","Tajikistan","admin0","Infection Prevalence","per 100 Children",2017,0
"TJK","Tajikistan","admin0","Infection Prevalence","per 100 Children",2018,0
"TJK","Tajikistan","admin0","Infection Prevalence","per 100 Children",2019,0
"TJK","Tajikistan","admin0","Infection Prevalence","per 100 Children",2020,0
"TJK","Tajikistan","admin0","Infection Prevalence","per 100 Children",2021,0
"TJK","Tajikistan","admin0","Infection Prevalence","per 100 Children",2022,0
"TJK","Tajikistan","admin0","Infection Prevalence","per 100 Children",2023,0
"TJK","Tajikistan","admin0","Infection Prevalence","per 100 Children",2024,0
"TJK","Tajikistan","admin0","Infection Prevalence","per 100 Children",2025,0
"TKM","Turkmenistan","admin0","Incidence Rate","Cases per Thousand",2000,0
"TKM","Turkmenistan","admin0","Incidence Rate","Cases per Thousand",2001,0
"TKM","Turkmenistan","admin0","Incidence Rate","Cases per Thousand",2002,0
"TKM","Turkmenistan","admin0","Incidence Rate","Cases per Thousand",2003,0
"TKM","Turkmenistan","admin0","Incidence Rate","Cases per Thousand",2004,0
"TKM","Turkmenistan","admin0","Incidence Rate","Cases per Thousand",2005,0
"TKM","Turkmenistan","admin0","Incidence Rate","Cases per Thousand",2006,0
"TKM","Turkmenistan","admin0","Incidence Rate","Cases per Thousand",2007,0
"TKM","Turkmenistan","admin0","Incidence Rate","Cases per Thousand",2008,0
"TKM","Turkmenistan","admin0","Incidence Rate","Cases per Thousand",2009,0
"TKM","Turkmenistan","admin0","Incidence Rate","Cases per Thousand",2010,0
"TKM","Turkmenistan","admin0","Incidence Rate","Cases per Thousand",2011,0
"TKM","Turkmenistan","admin0","Incidence Rate","Cases per Thousand",2012,0
"TKM","Turkmenistan","admin0","Incidence Rate","Cases per Thousand",2013,0
"TKM","Turkmenistan","admin0","Incidence Rate","Cases per Thousand",2014,0
"TKM","Turkmenistan","admin0","Incidence Rate","Cases per Thousand",2015,0
"TKM","Turkmenistan","admin0","Incidence Rate","Cases per Thousand",2016,0
"TKM","Turkmenistan","admin0","Incidence Rate","Cases per Thousand",2017,0
"TKM","Turkmenistan","admin0","Incidence Rate","Cases per Thousand",2018,0
"TKM","Turkmenistan","admin0","Incidence Rate","Cases per Thousand",2019,0
"TKM","Turkmenistan","admin0","Incidence Rate","Cases per Thousand",2020,0
"TKM","Turkmenistan","admin0","Incidence Rate","Cases per Thousand",2021,0
"TKM","Turkmenistan","admin0","Incidence Rate","Cases per Thousand",2022,0
"TKM","Turkmenistan","admin0","Incidence Rate","Cases per Thousand",2023,0
"TKM","Turkmenistan","admin0","Incidence Rate","Cases per Thousand",2024,0
"TKM","Turkmenistan","admin0","Incidence Rate","Cases per Thousand",2025,0
"TKM","Turkmenistan","admin0","Infection Prevalence","per 100 Children",2000,0
"TKM","Turkmenistan","admin0","Infection Prevalence","per 100 Children",2001,0
"TKM","Turkmenistan","admin0","Infection Prevalence","per 100 Children",2002,0
"TKM","Turkmenistan","admin0","Infection Prevalence","per 100 Children",2003,0
"TKM","Turkmenistan","admin0","Infection Prevalence","per 100 Children",2004,0
"TKM","Turkmenistan","admin0","Infection Prevalence","per 100 Children",2005,0
"TKM","Turkmenistan","admin0","Infection Prevalence","per 100 Children",2006,0
"TKM","Turkmenistan","admin0","Infection Prevalence","per 100 Children",2007,0
"TKM","Turkmenistan","admin0","Infection Prevalence","per 100 Children",2008,0
"TKM","Turkmenistan","admin0","Infection Prevalence","per 100 Children",2009,0
"TKM","Turkmenistan","admin0","Infection Prevalence","per 100 Children",2010,0
"TKM","Turkmenistan","admin0","Infection Prevalence","per 100 Children",2011,0
"TKM","Turkmenistan","admin0","Infection Prevalence","per 100 Children",2012,0
"TKM","Turkmenistan","admin0","Infection Prevalence","per 100 Children",2013,0
"TKM","Turkmenistan","admin0","Infection Prevalence","per 100 Children",2014,0
"TKM","Turkmenistan","admin0","Infection Prevalence","per 100 Children",2015,0
"TKM","Turkmenistan","admin0","Infection Prevalence","per 100 Children",2016,0
"TKM","Turkmenistan","admin0","Infection Prevalence","per 100 Children",2017,0
"TKM","Turkmenistan","admin0","Infection Prevalence","per 100 Children",2018,0
"TKM","Turkmenistan","admin0","Infection Prevalence","per 100 Children",2019,0
"TKM","Turkmenistan","admin0","Infection Prevalence","per 100 Children",2020,0
"TKM","Turkmenistan","admin0","Infection Prevalence","per 100 Children",2021,0
"TKM","Turkmenistan","admin0","Infection Prevalence","per 100 Children",2022,0
"TKM","Turkmenistan","admin0","Infection Prevalence","per 100 Children",2023,0
"TKM","Turkmenistan","admin0","Infection Prevalence","per 100 Children",2024,0
"TKM","Turkmenistan","admin0","Infection Prevalence","per 100 Children",2025,0
"TLS","Timor-Leste","admin0","Incidence Rate","Cases per Thousand",2000,19.0430499930578
"TLS","Timor-Leste","admin0","Incidence Rate","Cases per Thousand",2001,25.537743198447
"TLS","Timor-Leste","admin0","Incidence Rate","Cases per Thousand",2002,68.71055619402621
"TLS","Timor-Leste","admin0","Incidence Rate","Cases per Thousand",2003,41.749725287341406
"TLS","Timor-Leste","admin0","Incidence Rate","Cases per Thousand",2004,145.4154681317
"TLS","Timor-Leste","admin0","Incidence Rate","Cases per Thousand",2005,100.517459168774
"TLS","Timor-Leste","admin0","Incidence Rate","Cases per Thousand",2006,104.520312726143
"TLS","Timor-Leste","admin0","Incidence Rate","Cases per Thousand",2007,96.6405241477665
"TLS","Timor-Leste","admin0","Incidence Rate","Cases per Thousand",2008,108.76732203997801
"TLS","Timor-Leste","admin0","Incidence Rate","Cases per Thousand",2009,78.0129990190956
"TLS","Timor-Leste","admin0","Incidence Rate","Cases per Thousand",2010,67.5080028395397
"TLS","Timor-Leste","admin0","Incidence Rate","Cases per Thousand",2011,21.720856565435
"TLS","Timor-Leste","admin0","Incidence Rate","Cases per Thousand",2012,3.07272885304766
"TLS","Timor-Leste","admin0","Incidence Rate","Cases per Thousand",2013,0.558273295230307
"TLS","Timor-Leste","admin0","Incidence Rate","Cases per Thousand",2014,0.19391235829946302
"TLS","Timor-Leste","admin0","Incidence Rate","Cases per Thousand",2015,0.0509319667244045
"TLS","Timor-Leste","admin0","Incidence Rate","Cases per Thousand",2016,0.0633473360918384
"TLS","Timor-Leste","admin0","Incidence Rate","Cases per Thousand",2017,0.00692399828376228
"TLS","Timor-Leste","admin0","Incidence Rate","Cases per Thousand",2018,0.00051258680818796
"TLS","Timor-Leste","admin0","Incidence Rate","Cases per Thousand",2019,0
"TLS","Timor-Leste","admin0","Incidence Rate","Cases per Thousand",2020,0.00388952392676683
"TLS","Timor-Leste","admin0","Incidence Rate","Cases per Thousand",2021,0
"TLS","Timor-Leste","admin0","Incidence Rate","Cases per Thousand",2022,0
"TLS","Timor-Leste","admin0","Incidence Rate","Cases per Thousand",2023,0.0023328474563283903
"TLS","Timor-Leste","admin0","Incidence Rate","Cases per Thousand",2024,0
"TLS","Timor-Leste","admin0","Incidence Rate","Cases per Thousand",2025,0
"TLS","Timor-Leste","admin0","Infection Prevalence","per 100 Children",2000,0.735138631862495
"TLS","Timor-Leste","admin0","Infection Prevalence","per 100 Children",2001,0.9894782940299159
"TLS","Timor-Leste","admin0","Infection Prevalence","per 100 Children",2002,2.72553753814233
"TLS","Timor-Leste","admin0","Infection Prevalence","per 100 Children",2003,1.6324495841654
"TLS","Timor-Leste","admin0","Infection Prevalence","per 100 Children",2004,6.05470635199944
"TLS","Timor-Leste","admin0","Infection Prevalence","per 100 Children",2005,4.060588370999589
"TLS","Timor-Leste","admin0","Infection Prevalence","per 100 Children",2006,4.23305992103872
"TLS","Timor-Leste","admin0","Infection Prevalence","per 100 Children",2007,3.89805999257861
"TLS","Timor-Leste","admin0","Infection Prevalence","per 100 Children",2008,4.41958053326387
"TLS","Timor-Leste","admin0","Infection Prevalence","per 100 Children",2009,3.1125573804381
"TLS","Timor-Leste","admin0","Infection Prevalence","per 100 Children",2010,2.67672316935631
"TLS","Timor-Leste","admin0","Infection Prevalence","per 100 Children",2011,0.8399019300356729
"TLS","Timor-Leste","admin0","Infection Prevalence","per 100 Children",2012,0.11761061914594001
"TLS","Timor-Leste","admin0","Infection Prevalence","per 100 Children",2013,0.0213398861738349
"TLS","Timor-Leste","admin0","Infection Prevalence","per 100 Children",2014,0.0067672949211007695
"TLS","Timor-Leste","admin0","Infection Prevalence","per 100 Children",2015,0.00661312228095494
"TLS","Timor-Leste","admin0","Infection Prevalence","per 100 Children",2016,0.006625437239744399
"TLS","Timor-Leste","admin0","Infection Prevalence","per 100 Children",2017,0.00660826203804773
"TLS","Timor-Leste","admin0","Infection Prevalence","per 100 Children",2018,0.0066075367880467795
"TLS","Timor-Leste","admin0","Infection Prevalence","per 100 Children",2019,0
"TLS","Timor-Leste","admin0","Infection Prevalence","per 100 Children",2020,0.006607279978576991
"TLS","Timor-Leste","admin0","Infection Prevalence","per 100 Children",2021,0
"TLS","Timor-Leste","admin0","Infection Prevalence","per 100 Children",2022,0
"TLS","Timor-Leste","admin0","Infection Prevalence","per 100 Children",2023,0.006606950522050051
"TLS","Timor-Leste","admin0","Infection Prevalence","per 100 Children",2024,0
"TLS","Timor-Leste","admin0","Infection Prevalence","per 100 Children",2025,0
"TUR","Turkey","admin0","Incidence Rate","Cases per Thousand",2000,0.00010444039550047999
"TUR","Turkey","admin0","Incidence Rate","Cases per Thousand",2001,0.000162119539315779
"TUR","Turkey","admin0","Incidence Rate","Cases per Thousand",2002,0.000174813929520012
"TUR","Turkey","admin0","Incidence Rate","Cases per Thousand",2003,0.00017303047825141898
"TUR","Turkey","admin0","Incidence Rate","Cases per Thousand",2004,0.000185639512120828
"TUR","Turkey","admin0","Incidence Rate","Cases per Thousand",2005,0.00045231885931573
"TUR","Turkey","admin0","Incidence Rate","Cases per Thousand",2006,0.000391228632705888
"TUR","Turkey","admin0","Incidence Rate","Cases per Thousand",2007,0.000369955088228442
"TUR","Turkey","admin0","Incidence Rate","Cases per Thousand",2008,0.000244467631751239
"TUR","Turkey","admin0","Incidence Rate","Cases per Thousand",2009,0.00009878075257966169
"TUR","Turkey","admin0","Incidence Rate","Cases per Thousand",2010,0
"TUR","Turkey","admin0","Incidence Rate","Cases per Thousand",2011,0
"TUR","Turkey","admin0","Incidence Rate","Cases per Thousand",2012,0
"TUR","Turkey","admin0","Incidence Rate","Cases per Thousand",2013,0
"TUR","Turkey","admin0","Incidence Rate","Cases per Thousand",2014,0
"TUR","Turkey","admin0","Incidence Rate","Cases per Thousand",2015,0
"TUR","Turkey","admin0","Incidence Rate","Cases per Thousand",2016,0
"TUR","Turkey","admin0","Incidence Rate","Cases per Thousand",2017,0
"TUR","Turkey","admin0","Incidence Rate","Cases per Thousand",2018,0
"TUR","Turkey","admin0","Incidence Rate","Cases per Thousand",2019,0
"TUR","Turkey","admin0","Incidence Rate","Cases per Thousand",2020,0
"TUR","Turkey","admin0","Incidence Rate","Cases per Thousand",2021,0
"TUR","Turkey","admin0","Incidence Rate","Cases per Thousand",2022,0
"TUR","Turkey","admin0","Incidence Rate","Cases per Thousand",2023,0
"TUR","Turkey","admin0","Incidence Rate","Cases per Thousand",2024,0
"TUR","Turkey","admin0","Incidence Rate","Cases per Thousand",2025,0
"TUR","Turkey","admin0","Infection Prevalence","per 100 Children",2000,0.00656434583538009
"TUR","Turkey","admin0","Infection Prevalence","per 100 Children",2001,0.00656899541627723
"TUR","Turkey","admin0","Infection Prevalence","per 100 Children",2002,0.00656549826807613
"TUR","Turkey","admin0","Infection Prevalence","per 100 Children",2003,0.006593608845895389
"TUR","Turkey","admin0","Infection Prevalence","per 100 Children",2004,0.00656855518197318
"TUR","Turkey","admin0","Infection Prevalence","per 100 Children",2005,0.00656622972628708
"TUR","Turkey","admin0","Infection Prevalence","per 100 Children",2006,0.006595264372565881
"TUR","Turkey","admin0","Infection Prevalence","per 100 Children",2007,0.0065952957780787405
"TUR","Turkey","admin0","Infection Prevalence","per 100 Children",2008,0.006595222980263661
"TUR","Turkey","admin0","Infection Prevalence","per 100 Children",2009,0.006595088734702439
"TUR","Turkey","admin0","Infection Prevalence","per 100 Children",2010,0
"TUR","Turkey","admin0","Infection Prevalence","per 100 Children",2011,0
"TUR","Turkey","admin0","Infection Prevalence","per 100 Children",2012,0
"TUR","Turkey","admin0","Infection Prevalence","per 100 Children",2013,0
"TUR","Turkey","admin0","Infection Prevalence","per 100 Children",2014,0
"TUR","Turkey","admin0","Infection Prevalence","per 100 Children",2015,0
"TUR","Turkey","admin0","Infection Prevalence","per 100 Children",2016,0
"TUR","Turkey","admin0","Infection Prevalence","per 100 Children",2017,0
"TUR","Turkey","admin0","Infection Prevalence","per 100 Children",2018,0
"TUR","Turkey","admin0","Infection Prevalence","per 100 Children",2019,0
"TUR","Turkey","admin0","Infection Prevalence","per 100 Children",2020,0
"TUR","Turkey","admin0","Infection Prevalence","per 100 Children",2021,0
"TUR","Turkey","admin0","Infection Prevalence","per 100 Children",2022,0
"TUR","Turkey","admin0","Infection Prevalence","per 100 Children",2023,0
"TUR","Turkey","admin0","Infection Prevalence","per 100 Children",2024,0
"TUR","Turkey","admin0","Infection Prevalence","per 100 Children",2025,0
"TZA","Tanzania","admin0","Incidence Rate","Cases per Thousand",2000,333.631647268266
"TZA","Tanzania","admin0","Incidence Rate","Cases per Thousand",2001,316.988284988231
"TZA","Tanzania","admin0","Incidence Rate","Cases per Thousand",2002,296.692103068379
"TZA","Tanzania","admin0","Incidence Rate","Cases per Thousand",2003,279.642702724715
"TZA","Tanzania","admin0","Incidence Rate","Cases per Thousand",2004,266.719027771373
"TZA","Tanzania","admin0","Incidence Rate","Cases per Thousand",2005,252.943739254616
"TZA","Tanzania","admin0","Incidence Rate","Cases per Thousand",2006,226.36436950908902
"TZA","Tanzania","admin0","Incidence Rate","Cases per Thousand",2007,197.957135177801
"TZA","Tanzania","admin0","Incidence Rate","Cases per Thousand",2008,174.284094746676
"TZA","Tanzania","admin0","Incidence Rate","Cases per Thousand",2009,155.214935885264
"TZA","Tanzania","admin0","Incidence Rate","Cases per Thousand",2010,145.613392262291
"TZA","Tanzania","admin0","Incidence Rate","Cases per Thousand",2011,133.052998574664
"TZA","Tanzania","admin0","Incidence Rate","Cases per Thousand",2012,121.69052291094499
"TZA","Tanzania","admin0","Incidence Rate","Cases per Thousand",2013,132.062234567535
"TZA","Tanzania","admin0","Incidence Rate","Cases per Thousand",2014,146.383439434332
"TZA","Tanzania","admin0","Incidence Rate","Cases per Thousand",2015,141.65167921065898
"TZA","Tanzania","admin0","Incidence Rate","Cases per Thousand",2016,133.79422574368
"TZA","Tanzania","admin0","Incidence Rate","Cases per Thousand",2017,123.08789499897101
"TZA","Tanzania","admin0","Incidence Rate","Cases per Thousand",2018,111.900084971586
"TZA","Tanzania","admin0","Incidence Rate","Cases per Thousand",2019,117.046750533588
"TZA","Tanzania","admin0","Incidence Rate","Cases per Thousand",2020,124.137464351317
"TZA","Tanzania","admin0","Incidence Rate","Cases per Thousand",2021,133.420954847583
"TZA","Tanzania","admin0","Incidence Rate","Cases per Thousand",2022,132.237781898839
"TZA","Tanzania","admin0","Incidence Rate","Cases per Thousand",2023,138.53932480542798
"TZA","Tanzania","admin0","Incidence Rate","Cases per Thousand",2024,137.18310767164903
"TZA","Tanzania","admin0","Incidence Rate","Cases per Thousand",2025,131.18307919754199
"TZA","Tanzania","admin0","Infection Prevalence","per 100 Children",2000,31.789572230318104
"TZA","Tanzania","admin0","Infection Prevalence","per 100 Children",2001,29.979951076797
"TZA","Tanzania","admin0","Infection Prevalence","per 100 Children",2002,27.2690924394765
"TZA","Tanzania","admin0","Infection Prevalence","per 100 Children",2003,24.582225392752697
"TZA","Tanzania","admin0","Infection Prevalence","per 100 Children",2004,22.8768255144887
"TZA","Tanzania","admin0","Infection Prevalence","per 100 Children",2005,21.1407812757852
"TZA","Tanzania","admin0","Infection Prevalence","per 100 Children",2006,18.016798276047798
"TZA","Tanzania","admin0","Infection Prevalence","per 100 Children",2007,15.0575880690447
"TZA","Tanzania","admin0","Infection Prevalence","per 100 Children",2008,12.536393801082099
"TZA","Tanzania","admin0","Infection Prevalence","per 100 Children",2009,10.4874985745538
"TZA","Tanzania","admin0","Infection Prevalence","per 100 Children",2010,9.65586172174946
"TZA","Tanzania","admin0","Infection Prevalence","per 100 Children",2011,8.49145823112063
"TZA","Tanzania","admin0","Infection Prevalence","per 100 Children",2012,7.612186277686731
"TZA","Tanzania","admin0","Infection Prevalence","per 100 Children",2013,9.03793939688093
"TZA","Tanzania","admin0","Infection Prevalence","per 100 Children",2014,10.6625706899797
"TZA","Tanzania","admin0","Infection Prevalence","per 100 Children",2015,9.9598789403118
"TZA","Tanzania","admin0","Infection Prevalence","per 100 Children",2016,8.92971649503215
"TZA","Tanzania","admin0","Infection Prevalence","per 100 Children",2017,7.85220841205637
"TZA","Tanzania","admin0","Infection Prevalence","per 100 Children",2018,7.03273933006841
"TZA","Tanzania","admin0","Infection Prevalence","per 100 Children",2019,7.83412349049272
"TZA","Tanzania","admin0","Infection Prevalence","per 100 Children",2020,8.459457904223699
"TZA","Tanzania","admin0","Infection Prevalence","per 100 Children",2021,8.84559455046449
"TZA","Tanzania","admin0","Infection Prevalence","per 100 Children",2022,8.53540533266721
"TZA","Tanzania","admin0","Infection Prevalence","per 100 Children",2023,9.25500097484039
"TZA","Tanzania","admin0","Infection Prevalence","per 100 Children",2024,9.46400300661973
"TZA","Tanzania","admin0","Infection Prevalence","per 100 Children",2025,9.48863690818032
"UGA","Uganda","admin0","Incidence Rate","Cases per Thousand",2000,486.328135414119
"UGA","Uganda","admin0","Incidence Rate","Cases per Thousand",2001,511.8188161795429
"UGA","Uganda","admin0","Incidence Rate","Cases per Thousand",2002,503.19898400031707
"UGA","Uganda","admin0","Incidence Rate","Cases per Thousand",2003,480.270376006332
"UGA","Uganda","admin0","Incidence Rate","Cases per Thousand",2004,443.058756706772
"UGA","Uganda","admin0","Incidence Rate","Cases per Thousand",2005,426.52538444869896
"UGA","Uganda","admin0","Incidence Rate","Cases per Thousand",2006,426.71164689978303
"UGA","Uganda","admin0","Incidence Rate","Cases per Thousand",2007,419.486755411779
"UGA","Uganda","admin0","Incidence Rate","Cases per Thousand",2008,419.339692267877
"UGA","Uganda","admin0","Incidence Rate","Cases per Thousand",2009,424.27846613791496
"UGA","Uganda","admin0","Incidence Rate","Cases per Thousand",2010,406.66055496000297
"UGA","Uganda","admin0","Incidence Rate","Cases per Thousand",2011,384.16898836812004
"UGA","Uganda","admin0","Incidence Rate","Cases per Thousand",2012,352.144815639858
"UGA","Uganda","admin0","Incidence Rate","Cases per Thousand",2013,311.70287717553504
"UGA","Uganda","admin0","Incidence Rate","Cases per Thousand",2014,293.060543468215
"UGA","Uganda","admin0","Incidence Rate","Cases per Thousand",2015,288.65922550900103
"UGA","Uganda","admin0","Incidence Rate","Cases per Thousand",2016,280.684598032789
"UGA","Uganda","admin0","Incidence Rate","Cases per Thousand",2017,275.955205916515
"UGA","Uganda","admin0","Incidence Rate","Cases per Thousand",2018,269.147729742205
"UGA","Uganda","admin0","Incidence Rate","Cases per Thousand",2019,251.01387246830097
"UGA","Uganda","admin0","Incidence Rate","Cases per Thousand",2020,254.69652312859597
"UGA","Uganda","admin0","Incidence Rate","Cases per Thousand",2021,268.48164831004203
"UGA","Uganda","admin0","Incidence Rate","Cases per Thousand",2022,266.96480830422496
"UGA","Uganda","admin0","Incidence Rate","Cases per Thousand",2023,267.029908564947
"UGA","Uganda","admin0","Incidence Rate","Cases per Thousand",2024,263.633921214219
"UGA","Uganda","admin0","Incidence Rate","Cases per Thousand",2025,251.44952413903897
"UGA","Uganda","admin0","Infection Prevalence","per 100 Children",2000,47.1715399220233
"UGA","Uganda","admin0","Infection Prevalence","per 100 Children",2001,52.8361740268154
"UGA","Uganda","admin0","Infection Prevalence","per 100 Children",2002,52.518615668290906
"UGA","Uganda","admin0","Infection Prevalence","per 100 Children",2003,49.4685473727461
"UGA","Uganda","admin0","Infection Prevalence","per 100 Children",2004,43.857507630460205
"UGA","Uganda","admin0","Infection Prevalence","per 100 Children",2005,40.4668941028476
"UGA","Uganda","admin0","Infection Prevalence","per 100 Children",2006,39.7137900739633
"UGA","Uganda","admin0","Infection Prevalence","per 100 Children",2007,38.9158800954286
"UGA","Uganda","admin0","Infection Prevalence","per 100 Children",2008,39.5925715043865
"UGA","Uganda","admin0","Infection Prevalence","per 100 Children",2009,41.1902045816237
"UGA","Uganda","admin0","Infection Prevalence","per 100 Children",2010,39.9537385639794
"UGA","Uganda","admin0","Infection Prevalence","per 100 Children",2011,38.3301289050745
"UGA","Uganda","admin0","Infection Prevalence","per 100 Children",2012,35.4072613864794
"UGA","Uganda","admin0","Infection Prevalence","per 100 Children",2013,30.177251409990603
"UGA","Uganda","admin0","Infection Prevalence","per 100 Children",2014,26.8138430094018
"UGA","Uganda","admin0","Infection Prevalence","per 100 Children",2015,24.7101455236585
"UGA","Uganda","admin0","Infection Prevalence","per 100 Children",2016,23.4185978072657
"UGA","Uganda","admin0","Infection Prevalence","per 100 Children",2017,23.303508583218697
"UGA","Uganda","admin0","Infection Prevalence","per 100 Children",2018,23.606409595134
"UGA","Uganda","admin0","Infection Prevalence","per 100 Children",2019,23.758743942962298
"UGA","Uganda","admin0","Infection Prevalence","per 100 Children",2020,24.6055174753222
"UGA","Uganda","admin0","Infection Prevalence","per 100 Children",2021,25.1111427802726
"UGA","Uganda","admin0","Infection Prevalence","per 100 Children",2022,24.1199103557556
"UGA","Uganda","admin0","Infection Prevalence","per 100 Children",2023,24.3408208658391
"UGA","Uganda","admin0","Infection Prevalence","per 100 Children",2024,24.096608677742502
"UGA","Uganda","admin0","Infection Prevalence","per 100 Children",2025,23.5444406993593
"UZB","Uzbekistan","admin0","Incidence Rate","Cases per Thousand",2000,0.00024270023928512103
"UZB","Uzbekistan","admin0","Incidence Rate","Cases per Thousand",2001,0
"UZB","Uzbekistan","admin0","Incidence Rate","Cases per Thousand",2002,0.00033012884581834
"UZB","Uzbekistan","admin0","Incidence Rate","Cases per Thousand",2003,0
"UZB","Uzbekistan","admin0","Incidence Rate","Cases per Thousand",2004,0
"UZB","Uzbekistan","admin0","Incidence Rate","Cases per Thousand",2005,0
"UZB","Uzbekistan","admin0","Incidence Rate","Cases per Thousand",2006,0.000308504569987124
"UZB","Uzbekistan","admin0","Incidence Rate","Cases per Thousand",2007,0.000207686963340222
"UZB","Uzbekistan","admin0","Incidence Rate","Cases per Thousand",2008,0
"UZB","Uzbekistan","admin0","Incidence Rate","Cases per Thousand",2009,0
"UZB","Uzbekistan","admin0","Incidence Rate","Cases per Thousand",2010,0
"UZB","Uzbekistan","admin0","Incidence Rate","Cases per Thousand",2011,0
"UZB","Uzbekistan","admin0","Incidence Rate","Cases per Thousand",2012,0
"UZB","Uzbekistan","admin0","Incidence Rate","Cases per Thousand",2013,0
"UZB","Uzbekistan","admin0","Incidence Rate","Cases per Thousand",2014,0
"UZB","Uzbekistan","admin0","Incidence Rate","Cases per Thousand",2015,0
"UZB","Uzbekistan","admin0","Incidence Rate","Cases per Thousand",2016,0
"UZB","Uzbekistan","admin0","Incidence Rate","Cases per Thousand",2017,0
"UZB","Uzbekistan","admin0","Incidence Rate","Cases per Thousand",2018,0
"UZB","Uzbekistan","admin0","Incidence Rate","Cases per Thousand",2019,0
"UZB","Uzbekistan","admin0","Incidence Rate","Cases per Thousand",2020,0
"UZB","Uzbekistan","admin0","Incidence Rate","Cases per Thousand",2021,0
"UZB","Uzbekistan","admin0","Incidence Rate","Cases per Thousand",2022,0
"UZB","Uzbekistan","admin0","Incidence Rate","Cases per Thousand",2023,0
"UZB","Uzbekistan","admin0","Incidence Rate","Cases per Thousand",2024,0
"UZB","Uzbekistan","admin0","Incidence Rate","Cases per Thousand",2025,0
"UZB","Uzbekistan","admin0","Infection Prevalence","per 100 Children",2000,0.00632431632773125
"UZB","Uzbekistan","admin0","Infection Prevalence","per 100 Children",2001,0
"UZB","Uzbekistan","admin0","Infection Prevalence","per 100 Children",2002,0.00271147634946168
"UZB","Uzbekistan","admin0","Infection Prevalence","per 100 Children",2003,0
"UZB","Uzbekistan","admin0","Infection Prevalence","per 100 Children",2004,0
"UZB","Uzbekistan","admin0","Infection Prevalence","per 100 Children",2005,0
"UZB","Uzbekistan","admin0","Infection Prevalence","per 100 Children",2006,0.006594000654795181
"UZB","Uzbekistan","admin0","Infection Prevalence","per 100 Children",2007,0.006132644287702491
"UZB","Uzbekistan","admin0","Infection Prevalence","per 100 Children",2008,0
"UZB","Uzbekistan","admin0","Infection Prevalence","per 100 Children",2009,0
"UZB","Uzbekistan","admin0","Infection Prevalence","per 100 Children",2010,0
"UZB","Uzbekistan","admin0","Infection Prevalence","per 100 Children",2011,0
"UZB","Uzbekistan","admin0","Infection Prevalence","per 100 Children",2012,0
"UZB","Uzbekistan","admin0","Infection Prevalence","per 100 Children",2013,0
"UZB","Uzbekistan","admin0","Infection Prevalence","per 100 Children",2014,0
"UZB","Uzbekistan","admin0","Infection Prevalence","per 100 Children",2015,0
"UZB","Uzbekistan","admin0","Infection Prevalence","per 100 Children",2016,0
"UZB","Uzbekistan","admin0","Infection Prevalence","per 100 Children",2017,0
"UZB","Uzbekistan","admin0","Infection Prevalence","per 100 Children",2018,0
"UZB","Uzbekistan","admin0","Infection Prevalence","per 100 Children",2019,0
"UZB","Uzbekistan","admin0","Infection Prevalence","per 100 Children",2020,0
"UZB","Uzbekistan","admin0","Infection Prevalence","per 100 Children",2021,0
"UZB","Uzbekistan","admin0","Infection Prevalence","per 100 Children",2022,0
"UZB","Uzbekistan","admin0","Infection Prevalence","per 100 Children",2023,0
"UZB","Uzbekistan","admin0","Infection Prevalence","per 100 Children",2024,0
"UZB","Uzbekistan","admin0","Infection Prevalence","per 100 Children",2025,0
"VEN","Venezuela","admin0","Incidence Rate","Cases per Thousand",2000,0.473434764442589
"VEN","Venezuela","admin0","Incidence Rate","Cases per Thousand",2001,0.251701814715974
"VEN","Venezuela","admin0","Incidence Rate","Cases per Thousand",2002,0.240137783427375
"VEN","Venezuela","admin0","Incidence Rate","Cases per Thousand",2003,0.45352281368819497
"VEN","Venezuela","admin0","Incidence Rate","Cases per Thousand",2004,0.367082763953465
"VEN","Venezuela","admin0","Incidence Rate","Cases per Thousand",2005,0.487006035611515
"VEN","Venezuela","admin0","Incidence Rate","Cases per Thousand",2006,0.5371660315911211
"VEN","Venezuela","admin0","Incidence Rate","Cases per Thousand",2007,0.602063820812017
"VEN","Venezuela","admin0","Incidence Rate","Cases per Thousand",2008,0.42377470976840403
"VEN","Venezuela","admin0","Incidence Rate","Cases per Thousand",2009,0.61286663543426
"VEN","Venezuela","admin0","Incidence Rate","Cases per Thousand",2010,0.794781067981968
"VEN","Venezuela","admin0","Incidence Rate","Cases per Thousand",2011,0.773949250964601
"VEN","Venezuela","admin0","Incidence Rate","Cases per Thousand",2012,0.901005381185775
"VEN","Venezuela","admin0","Incidence Rate","Cases per Thousand",2013,1.76147110659361
"VEN","Venezuela","admin0","Incidence Rate","Cases per Thousand",2014,1.67509744551566
"VEN","Venezuela","admin0","Incidence Rate","Cases per Thousand",2015,2.22671816931883
"VEN","Venezuela","admin0","Incidence Rate","Cases per Thousand",2016,3.9752616972856702
"VEN","Venezuela","admin0","Incidence Rate","Cases per Thousand",2017,6.21385911873025
"VEN","Venezuela","admin0","Incidence Rate","Cases per Thousand",2018,6.64285525023051
"VEN","Venezuela","admin0","Incidence Rate","Cases per Thousand",2019,5.642539830710899
"VEN","Venezuela","admin0","Incidence Rate","Cases per Thousand",2020,3.04674129234256
"VEN","Venezuela","admin0","Incidence Rate","Cases per Thousand",2021,2.20693408929704
"VEN","Venezuela","admin0","Incidence Rate","Cases per Thousand",2022,2.03039938218454
"VEN","Venezuela","admin0","Incidence Rate","Cases per Thousand",2023,2.22430942646216
"VEN","Venezuela","admin0","Incidence Rate","Cases per Thousand",2024,2.04012836979191
"VEN","Venezuela","admin0","Incidence Rate","Cases per Thousand",2025,2.20157742696958
"VEN","Venezuela","admin0","Infection Prevalence","per 100 Children",2000,0.0180977330103015
"VEN","Venezuela","admin0","Infection Prevalence","per 100 Children",2001,0.00958254730627833
"VEN","Venezuela","admin0","Infection Prevalence","per 100 Children",2002,0.009069655692782431
"VEN","Venezuela","admin0","Infection Prevalence","per 100 Children",2003,0.0173364759947793
"VEN","Venezuela","admin0","Infection Prevalence","per 100 Children",2004,0.014031529980760299
"VEN","Venezuela","admin0","Infection Prevalence","per 100 Children",2005,0.0186157266806679
"VEN","Venezuela","admin0","Infection Prevalence","per 100 Children",2006,0.0205313397057441
"VEN","Venezuela","admin0","Infection Prevalence","per 100 Children",2007,0.0230108848895199
"VEN","Venezuela","admin0","Infection Prevalence","per 100 Children",2008,0.0161943420905007
"VEN","Venezuela","admin0","Infection Prevalence","per 100 Children",2009,0.0234226160328988
"VEN","Venezuela","admin0","Infection Prevalence","per 100 Children",2010,0.0303752493216893
"VEN","Venezuela","admin0","Infection Prevalence","per 100 Children",2011,0.0295815902695573
"VEN","Venezuela","admin0","Infection Prevalence","per 100 Children",2012,0.0344417602273386
"VEN","Venezuela","admin0","Infection Prevalence","per 100 Children",2013,0.0673053944703991
"VEN","Venezuela","admin0","Infection Prevalence","per 100 Children",2014,0.0640324874285963
"VEN","Venezuela","admin0","Infection Prevalence","per 100 Children",2015,0.0851298884323802
"VEN","Venezuela","admin0","Infection Prevalence","per 100 Children",2016,0.15222478357965302
"VEN","Venezuela","admin0","Infection Prevalence","per 100 Children",2017,0.238120381548998
"VEN","Venezuela","admin0","Infection Prevalence","per 100 Children",2018,0.254599345638203
"VEN","Venezuela","admin0","Infection Prevalence","per 100 Children",2019,0.216154950069411
"VEN","Venezuela","admin0","Infection Prevalence","per 100 Children",2020,0.11662994825992301
"VEN","Venezuela","admin0","Infection Prevalence","per 100 Children",2021,0.0844544200353799
"VEN","Venezuela","admin0","Infection Prevalence","per 100 Children",2022,0.077696985845545
"VEN","Venezuela","admin0","Infection Prevalence","per 100 Children",2023,0.0851277524640921
"VEN","Venezuela","admin0","Infection Prevalence","per 100 Children",2024,0.0780577398968627
"VEN","Venezuela","admin0","Infection Prevalence","per 100 Children",2025,0.0841932339078737
"VNM","Vietnam","admin0","Incidence Rate","Cases per Thousand",2000,2.7746077087067
"VNM","Vietnam","admin0","Incidence Rate","Cases per Thousand",2001,2.41299342364118
"VNM","Vietnam","admin0","Incidence Rate","Cases per Thousand",2002,1.68575184961534
"VNM","Vietnam","admin0","Incidence Rate","Cases per Thousand",2003,1.2694608891503
"VNM","Vietnam","admin0","Incidence Rate","Cases per Thousand",2004,0.753751149922842
"VNM","Vietnam","admin0","Incidence Rate","Cases per Thousand",2005,0.557191183451551
"VNM","Vietnam","admin0","Incidence Rate","Cases per Thousand",2006,0.6588565493279329
"VNM","Vietnam","admin0","Incidence Rate","Cases per Thousand",2007,0.404696032462811
"VNM","Vietnam","admin0","Incidence Rate","Cases per Thousand",2008,0.31373002233158703
"VNM","Vietnam","admin0","Incidence Rate","Cases per Thousand",2009,0.414064208806996
"VNM","Vietnam","admin0","Incidence Rate","Cases per Thousand",2010,0.405572470109972
"VNM","Vietnam","admin0","Incidence Rate","Cases per Thousand",2011,0.337603944077563
"VNM","Vietnam","admin0","Incidence Rate","Cases per Thousand",2012,0.34604071133240705
"VNM","Vietnam","admin0","Incidence Rate","Cases per Thousand",2013,0.297425337596475
"VNM","Vietnam","admin0","Incidence Rate","Cases per Thousand",2014,0.245944128771913
"VNM","Vietnam","admin0","Incidence Rate","Cases per Thousand",2015,0.120937249074899
"VNM","Vietnam","admin0","Incidence Rate","Cases per Thousand",2016,0.0661260217585176
"VNM","Vietnam","admin0","Incidence Rate","Cases per Thousand",2017,0.0793713776154331
"VNM","Vietnam","admin0","Incidence Rate","Cases per Thousand",2018,0.0576341174501517
"VNM","Vietnam","admin0","Incidence Rate","Cases per Thousand",2019,0.0535596939867944
"VNM","Vietnam","admin0","Incidence Rate","Cases per Thousand",2020,0.0218980784330032
"VNM","Vietnam","admin0","Incidence Rate","Cases per Thousand",2021,0.0015041142227948199
"VNM","Vietnam","admin0","Incidence Rate","Cases per Thousand",2022,0.00232782556552277
"VNM","Vietnam","admin0","Incidence Rate","Cases per Thousand",2023,0.000616724209065111
"VNM","Vietnam","admin0","Incidence Rate","Cases per Thousand",2024,0.0010488086120924
"VNM","Vietnam","admin0","Incidence Rate","Cases per Thousand",2025,0.00166600620400535
"VNM","Vietnam","admin0","Infection Prevalence","per 100 Children",2000,0.10621745367129301
"VNM","Vietnam","admin0","Infection Prevalence","per 100 Children",2001,0.09233773032591859
"VNM","Vietnam","admin0","Infection Prevalence","per 100 Children",2002,0.0644800718003698
"VNM","Vietnam","admin0","Infection Prevalence","per 100 Children",2003,0.0485380228280197
"VNM","Vietnam","admin0","Infection Prevalence","per 100 Children",2004,0.0288092236069064
"VNM","Vietnam","admin0","Infection Prevalence","per 100 Children",2005,0.0212962870978854
"VNM","Vietnam","admin0","Infection Prevalence","per 100 Children",2006,0.025179367390046097
"VNM","Vietnam","admin0","Infection Prevalence","per 100 Children",2007,0.0154649405771838
"VNM","Vietnam","admin0","Infection Prevalence","per 100 Children",2008,0.0119874632782433
"VNM","Vietnam","admin0","Infection Prevalence","per 100 Children",2009,0.0158233631863359
"VNM","Vietnam","admin0","Infection Prevalence","per 100 Children",2010,0.0154968949408835
"VNM","Vietnam","admin0","Infection Prevalence","per 100 Children",2011,0.012900571071375
"VNM","Vietnam","admin0","Infection Prevalence","per 100 Children",2012,0.013222295240535899
"VNM","Vietnam","admin0","Infection Prevalence","per 100 Children",2013,0.0113632261449534
"VNM","Vietnam","admin0","Infection Prevalence","per 100 Children",2014,0.009287887483490449
"VNM","Vietnam","admin0","Infection Prevalence","per 100 Children",2015,0.00425168114438864
"VNM","Vietnam","admin0","Infection Prevalence","per 100 Children",2016,0.00662443403095426
"VNM","Vietnam","admin0","Infection Prevalence","per 100 Children",2017,0.00616833066480818
"VNM","Vietnam","admin0","Infection Prevalence","per 100 Children",2018,0.0066925773131635
"VNM","Vietnam","admin0","Infection Prevalence","per 100 Children",2019,0.006640172726190461
"VNM","Vietnam","admin0","Infection Prevalence","per 100 Children",2020,0.00661895210225342
"VNM","Vietnam","admin0","Infection Prevalence","per 100 Children",2021,0.006593205620002219
"VNM","Vietnam","admin0","Infection Prevalence","per 100 Children",2022,0.00659079517204989
"VNM","Vietnam","admin0","Infection Prevalence","per 100 Children",2023,0.00659099127606738
"VNM","Vietnam","admin0","Infection Prevalence","per 100 Children",2024,0.00645935009388843
"VNM","Vietnam","admin0","Infection Prevalence","per 100 Children",2025,0.00645930927360971
"VUT","Vanuatu","admin0","Incidence Rate","Cases per Thousand",2000,73.581245337491
"VUT","Vanuatu","admin0","Incidence Rate","Cases per Thousand",2001,55.9924920784705
"VUT","Vanuatu","admin0","Incidence Rate","Cases per Thousand",2002,105.351941485767
"VUT","Vanuatu","admin0","Incidence Rate","Cases per Thousand",2003,133.875794131392
"VUT","Vanuatu","admin0","Incidence Rate","Cases per Thousand",2004,96.3677696036176
"VUT","Vanuatu","admin0","Incidence Rate","Cases per Thousand",2005,78.6663604807822
"VUT","Vanuatu","admin0","Incidence Rate","Cases per Thousand",2006,69.6482846086166
"VUT","Vanuatu","admin0","Incidence Rate","Cases per Thousand",2007,57.0713776754044
"VUT","Vanuatu","admin0","Incidence Rate","Cases per Thousand",2008,46.0530305974077
"VUT","Vanuatu","admin0","Incidence Rate","Cases per Thousand",2009,30.6607230299931
"VUT","Vanuatu","admin0","Incidence Rate","Cases per Thousand",2010,44.9996874132679
"VUT","Vanuatu","admin0","Incidence Rate","Cases per Thousand",2011,20.639683369350298
"VUT","Vanuatu","admin0","Incidence Rate","Cases per Thousand",2012,16.916089153269102
"VUT","Vanuatu","admin0","Incidence Rate","Cases per Thousand",2013,9.613056084131179
"VUT","Vanuatu","admin0","Incidence Rate","Cases per Thousand",2014,2.73067334299202
"VUT","Vanuatu","admin0","Incidence Rate","Cases per Thousand",2015,1.29389423157656
"VUT","Vanuatu","admin0","Incidence Rate","Cases per Thousand",2016,1.60878557690223
"VUT","Vanuatu","admin0","Incidence Rate","Cases per Thousand",2017,2.35157070831258
"VUT","Vanuatu","admin0","Incidence Rate","Cases per Thousand",2018,0.289204463073891
"VUT","Vanuatu","admin0","Incidence Rate","Cases per Thousand",2019,0.26380909642420697
"VUT","Vanuatu","admin0","Incidence Rate","Cases per Thousand",2020,0.243853012077039
"VUT","Vanuatu","admin0","Incidence Rate","Cases per Thousand",2021,0
"VUT","Vanuatu","admin0","Incidence Rate","Cases per Thousand",2022,0
"VUT","Vanuatu","admin0","Incidence Rate","Cases per Thousand",2023,0.0365132280525778
"VUT","Vanuatu","admin0","Incidence Rate","Cases per Thousand",2024,0
"VUT","Vanuatu","admin0","Incidence Rate","Cases per Thousand",2025,0
"VUT","Vanuatu","admin0","Infection Prevalence","per 100 Children",2000,2.93479808557467
"VUT","Vanuatu","admin0","Infection Prevalence","per 100 Children",2001,2.1984297040576197
"VUT","Vanuatu","admin0","Infection Prevalence","per 100 Children",2002,4.268335124340919
"VUT","Vanuatu","admin0","Infection Prevalence","per 100 Children",2003,5.52061280121181
"VUT","Vanuatu","admin0","Infection Prevalence","per 100 Children",2004,3.87906338439487
"VUT","Vanuatu","admin0","Infection Prevalence","per 100 Children",2005,3.14314931492895
"VUT","Vanuatu","admin0","Infection Prevalence","per 100 Children",2006,2.7630284142803703
"VUT","Vanuatu","admin0","Infection Prevalence","per 100 Children",2007,2.24741229070805
"VUT","Vanuatu","admin0","Infection Prevalence","per 100 Children",2008,1.8043268486340198
"VUT","Vanuatu","admin0","Infection Prevalence","per 100 Children",2009,1.19095825532579
"VUT","Vanuatu","admin0","Infection Prevalence","per 100 Children",2010,1.76350505096917
"VUT","Vanuatu","admin0","Infection Prevalence","per 100 Children",2011,0.797465649389977
"VUT","Vanuatu","admin0","Infection Prevalence","per 100 Children",2012,0.6521959464511691
"VUT","Vanuatu","admin0","Infection Prevalence","per 100 Children",2013,0.36842087755337
"VUT","Vanuatu","admin0","Infection Prevalence","per 100 Children",2014,0.10448226637050999
"VUT","Vanuatu","admin0","Infection Prevalence","per 100 Children",2015,0.049470643509744304
"VUT","Vanuatu","admin0","Infection Prevalence","per 100 Children",2016,0.061521588246377296
"VUT","Vanuatu","admin0","Infection Prevalence","per 100 Children",2017,0.0899631313199597
"VUT","Vanuatu","admin0","Infection Prevalence","per 100 Children",2018,0.0110520186422237
"VUT","Vanuatu","admin0","Infection Prevalence","per 100 Children",2019,0.0100814763363398
"VUT","Vanuatu","admin0","Infection Prevalence","per 100 Children",2020,0.009281806524259549
"VUT","Vanuatu","admin0","Infection Prevalence","per 100 Children",2021,0
"VUT","Vanuatu","admin0","Infection Prevalence","per 100 Children",2022,0
"VUT","Vanuatu","admin0","Infection Prevalence","per 100 Children",2023,0.006594388405661121
"VUT","Vanuatu","admin0","Infection Prevalence","per 100 Children",2024,0
"VUT","Vanuatu","admin0","Infection Prevalence","per 100 Children",2025,0
"YEM","Yemen","admin0","Incidence Rate","Cases per Thousand",2000,40.336934368836005
"YEM","Yemen","admin0","Incidence Rate","Cases per Thousand",2001,36.7435497287827
"YEM","Yemen","admin0","Incidence Rate","Cases per Thousand",2002,36.199140010013096
"YEM","Yemen","admin0","Incidence Rate","Cases per Thousand",2003,29.7648122663709
"YEM","Yemen","admin0","Incidence Rate","Cases per Thousand",2004,22.7259810223026
"YEM","Yemen","admin0","Incidence Rate","Cases per Thousand",2005,20.8229056937353
"YEM","Yemen","admin0","Incidence Rate","Cases per Thousand",2006,20.374432397369297
"YEM","Yemen","admin0","Incidence Rate","Cases per Thousand",2007,21.275285581325498
"YEM","Yemen","admin0","Incidence Rate","Cases per Thousand",2008,17.9240305981575
"YEM","Yemen","admin0","Incidence Rate","Cases per Thousand",2009,20.3724517606453
"YEM","Yemen","admin0","Incidence Rate","Cases per Thousand",2010,26.9754169533711
"YEM","Yemen","admin0","Incidence Rate","Cases per Thousand",2011,28.0429137362582
"YEM","Yemen","admin0","Incidence Rate","Cases per Thousand",2012,31.0004409119689
"YEM","Yemen","admin0","Incidence Rate","Cases per Thousand",2013,29.806461992174402
"YEM","Yemen","admin0","Incidence Rate","Cases per Thousand",2014,29.5170805620922
"YEM","Yemen","admin0","Incidence Rate","Cases per Thousand",2015,33.4790745255849
"YEM","Yemen","admin0","Incidence Rate","Cases per Thousand",2016,36.1356249950166
"YEM","Yemen","admin0","Incidence Rate","Cases per Thousand",2017,43.9316742813987
"YEM","Yemen","admin0","Incidence Rate","Cases per Thousand",2018,48.380841064366
"YEM","Yemen","admin0","Incidence Rate","Cases per Thousand",2019,49.784750163633
"YEM","Yemen","admin0","Incidence Rate","Cases per Thousand",2020,51.3073555979002
"YEM","Yemen","admin0","Incidence Rate","Cases per Thousand",2021,49.2563193453758
"YEM","Yemen","admin0","Incidence Rate","Cases per Thousand",2022,44.369367624248405
"YEM","Yemen","admin0","Incidence Rate","Cases per Thousand",2023,42.5770801074419
"YEM","Yemen","admin0","Incidence Rate","Cases per Thousand",2024,44.817650574869596
"YEM","Yemen","admin0","Incidence Rate","Cases per Thousand",2025,45.7196716721395
"YEM","Yemen","admin0","Infection Prevalence","per 100 Children",2000,1.5774416139137701
"YEM","Yemen","admin0","Infection Prevalence","per 100 Children",2001,1.43363138450626
"YEM","Yemen","admin0","Infection Prevalence","per 100 Children",2002,1.4113743130968102
"YEM","Yemen","admin0","Infection Prevalence","per 100 Children",2003,1.1561299863636
"YEM","Yemen","admin0","Infection Prevalence","per 100 Children",2004,0.879088911761579
"YEM","Yemen","admin0","Infection Prevalence","per 100 Children",2005,0.804601876944685
"YEM","Yemen","admin0","Infection Prevalence","per 100 Children",2006,0.7871091227686999
"YEM","Yemen","admin0","Infection Prevalence","per 100 Children",2007,0.8223879491597891
"YEM","Yemen","admin0","Infection Prevalence","per 100 Children",2008,0.691455019066166
"YEM","Yemen","admin0","Infection Prevalence","per 100 Children",2009,0.787006171969544
"YEM","Yemen","admin0","Infection Prevalence","per 100 Children",2010,1.04606686594429
"YEM","Yemen","admin0","Infection Prevalence","per 100 Children",2011,1.08820204966777
"YEM","Yemen","admin0","Infection Prevalence","per 100 Children",2012,1.20484560798918
"YEM","Yemen","admin0","Infection Prevalence","per 100 Children",2013,1.15767755108528
"YEM","Yemen","admin0","Infection Prevalence","per 100 Children",2014,1.14614694016856
"YEM","Yemen","admin0","Infection Prevalence","per 100 Children",2015,1.30429834182605
"YEM","Yemen","admin0","Infection Prevalence","per 100 Children",2016,1.40943827742432
"YEM","Yemen","admin0","Infection Prevalence","per 100 Children",2017,1.7214095452321099
"YEM","Yemen","admin0","Infection Prevalence","per 100 Children",2018,1.9029393543872501
"YEM","Yemen","admin0","Infection Prevalence","per 100 Children",2019,1.95774957946304
"YEM","Yemen","admin0","Infection Prevalence","per 100 Children",2020,2.01920205662121
"YEM","Yemen","admin0","Infection Prevalence","per 100 Children",2021,1.93431385599002
"YEM","Yemen","admin0","Infection Prevalence","per 100 Children",2022,1.7391651061722702
"YEM","Yemen","admin0","Infection Prevalence","per 100 Children",2023,1.66948463061743
"YEM","Yemen","admin0","Infection Prevalence","per 100 Children",2024,1.77846155919335
"YEM","Yemen","admin0","Infection Prevalence","per 100 Children",2025,1.8470354353362102
"ZAF","South Africa","admin0","Incidence Rate","Cases per Thousand",2000,0.0906071832677299
"ZAF","South Africa","admin0","Incidence Rate","Cases per Thousand",2001,1.2947093255873
"ZAF","South Africa","admin0","Incidence Rate","Cases per Thousand",2002,0.793333366212819
"ZAF","South Africa","admin0","Incidence Rate","Cases per Thousand",2003,0.6905956517193129
"ZAF","South Africa","admin0","Incidence Rate","Cases per Thousand",2004,0.794301859727383
"ZAF","South Africa","admin0","Incidence Rate","Cases per Thousand",2005,0.378860904057886
"ZAF","South Africa","admin0","Incidence Rate","Cases per Thousand",2006,0.586640144593351
"ZAF","South Africa","admin0","Incidence Rate","Cases per Thousand",2007,0.32552830410545197
"ZAF","South Africa","admin0","Incidence Rate","Cases per Thousand",2008,0.41883583257445
"ZAF","South Africa","admin0","Incidence Rate","Cases per Thousand",2009,0.30656867461370196
"ZAF","South Africa","admin0","Incidence Rate","Cases per Thousand",2010,0.403031320112278
"ZAF","South Africa","admin0","Incidence Rate","Cases per Thousand",2011,0.46464640376261396
"ZAF","South Africa","admin0","Incidence Rate","Cases per Thousand",2012,0.327065062428518
"ZAF","South Africa","admin0","Incidence Rate","Cases per Thousand",2013,0.47727148454916
"ZAF","South Africa","admin0","Incidence Rate","Cases per Thousand",2014,0.6060538168295699
"ZAF","South Africa","admin0","Incidence Rate","Cases per Thousand",2015,0.257484202697356
"ZAF","South Africa","admin0","Incidence Rate","Cases per Thousand",2016,0.284812996191939
"ZAF","South Africa","admin0","Incidence Rate","Cases per Thousand",2017,1.40625909140776
"ZAF","South Africa","admin0","Incidence Rate","Cases per Thousand",2018,0.59814668398949
"ZAF","South Africa","admin0","Incidence Rate","Cases per Thousand",2019,0.320658044626119
"ZAF","South Africa","admin0","Incidence Rate","Cases per Thousand",2020,0.272713626615882
"ZAF","South Africa","admin0","Incidence Rate","Cases per Thousand",2021,0.20069440679023998
"ZAF","South Africa","admin0","Incidence Rate","Cases per Thousand",2022,0.132673359693089
"ZAF","South Africa","admin0","Incidence Rate","Cases per Thousand",2023,0.299180376253633
"ZAF","South Africa","admin0","Incidence Rate","Cases per Thousand",2024,0.0367326938996966
"ZAF","South Africa","admin0","Incidence Rate","Cases per Thousand",2025,0.18630070130335
"ZAF","South Africa","admin0","Infection Prevalence","per 100 Children",2000,0.00627773149728741
"ZAF","South Africa","admin0","Infection Prevalence","per 100 Children",2001,0.0510076902105985
"ZAF","South Africa","admin0","Infection Prevalence","per 100 Children",2002,0.0319240708450675
"ZAF","South Africa","admin0","Infection Prevalence","per 100 Children",2003,0.0280394370425905
"ZAF","South Africa","admin0","Infection Prevalence","per 100 Children",2004,0.031983818228467395
"ZAF","South Africa","admin0","Infection Prevalence","per 100 Children",2005,0.0162829504804742
"ZAF","South Africa","admin0","Infection Prevalence","per 100 Children",2006,0.0240877042492098
"ZAF","South Africa","admin0","Infection Prevalence","per 100 Children",2007,0.0143135614687098
"ZAF","South Africa","admin0","Infection Prevalence","per 100 Children",2008,0.0178129939716944
"ZAF","South Africa","admin0","Infection Prevalence","per 100 Children",2009,0.0135887688272429
"ZAF","South Africa","admin0","Infection Prevalence","per 100 Children",2010,0.017242343730248102
"ZAF","South Africa","admin0","Infection Prevalence","per 100 Children",2011,0.0195881113699688
"ZAF","South Africa","admin0","Infection Prevalence","per 100 Children",2012,0.014395373426746901
"ZAF","South Africa","admin0","Infection Prevalence","per 100 Children",2013,0.020096404543961197
"ZAF","South Africa","admin0","Infection Prevalence","per 100 Children",2014,0.024987351732915396
"ZAF","South Africa","admin0","Infection Prevalence","per 100 Children",2015,0.0118035053282315
"ZAF","South Africa","admin0","Infection Prevalence","per 100 Children",2016,0.012832245434844899
"ZAF","South Africa","admin0","Infection Prevalence","per 100 Children",2017,0.0555498392321424
"ZAF","South Africa","admin0","Infection Prevalence","per 100 Children",2018,0.0246891435958318
"ZAF","South Africa","admin0","Infection Prevalence","per 100 Children",2019,0.0141832608295168
"ZAF","South Africa","admin0","Infection Prevalence","per 100 Children",2020,0.012406246166558098
"ZAF","South Africa","admin0","Infection Prevalence","per 100 Children",2021,0.00972375054215098
"ZAF","South Africa","admin0","Infection Prevalence","per 100 Children",2022,0.00728811940938093
"ZAF","South Africa","admin0","Infection Prevalence","per 100 Children",2023,0.0133945415187359
"ZAF","South Africa","admin0","Infection Prevalence","per 100 Children",2024,0.0042569374779482805
"ZAF","South Africa","admin0","Infection Prevalence","per 100 Children",2025,0.008834725276289439
"ZMB","Zambia","admin0","Incidence Rate","Cases per Thousand",2000,363.579269955015
"ZMB","Zambia","admin0","Incidence Rate","Cases per Thousand",2001,380.448131273355
"ZMB","Zambia","admin0","Incidence Rate","Cases per Thousand",2002,369.627291379295
"ZMB","Zambia","admin0","Incidence Rate","Cases per Thousand",2003,347.800720979519
"ZMB","Zambia","admin0","Incidence Rate","Cases per Thousand",2004,300.84478655931304
"ZMB","Zambia","admin0","Incidence Rate","Cases per Thousand",2005,262.165868471924
"ZMB","Zambia","admin0","Incidence Rate","Cases per Thousand",2006,225.60966843848098
"ZMB","Zambia","admin0","Incidence Rate","Cases per Thousand",2007,194.461383121615
"ZMB","Zambia","admin0","Incidence Rate","Cases per Thousand",2008,171.635831439308
"ZMB","Zambia","admin0","Incidence Rate","Cases per Thousand",2009,166.855624072487
"ZMB","Zambia","admin0","Incidence Rate","Cases per Thousand",2010,169.740447051686
"ZMB","Zambia","admin0","Incidence Rate","Cases per Thousand",2011,180.71446516815502
"ZMB","Zambia","admin0","Incidence Rate","Cases per Thousand",2012,205.59988608765002
"ZMB","Zambia","admin0","Incidence Rate","Cases per Thousand",2013,227.56226552185498
"ZMB","Zambia","admin0","Incidence Rate","Cases per Thousand",2014,236.704960163294
"ZMB","Zambia","admin0","Incidence Rate","Cases per Thousand",2015,236.92878716197498
"ZMB","Zambia","admin0","Incidence Rate","Cases per Thousand",2016,228.665627741827
"ZMB","Zambia","admin0","Incidence Rate","Cases per Thousand",2017,219.941726636184
"ZMB","Zambia","admin0","Incidence Rate","Cases per Thousand",2018,222.095529556102
"ZMB","Zambia","admin0","Incidence Rate","Cases per Thousand",2019,224.009212836456
"ZMB","Zambia","admin0","Incidence Rate","Cases per Thousand",2020,234.19317198427
"ZMB","Zambia","admin0","Incidence Rate","Cases per Thousand",2021,241.36146005375102
"ZMB","Zambia","admin0","Incidence Rate","Cases per Thousand",2022,247.266881601688
"ZMB","Zambia","admin0","Incidence Rate","Cases per Thousand",2023,253.266378260942
"ZMB","Zambia","admin0","Incidence Rate","Cases per Thousand",2024,253.790255019472
"ZMB","Zambia","admin0","Incidence Rate","Cases per Thousand",2025,266.380161923091
"ZMB","Zambia","admin0","Infection Prevalence","per 100 Children",2000,36.2511879376216
"ZMB","Zambia","admin0","Infection Prevalence","per 100 Children",2001,38.1657956228562
"ZMB","Zambia","admin0","Infection Prevalence","per 100 Children",2002,35.3051225819014
"ZMB","Zambia","admin0","Infection Prevalence","per 100 Children",2003,31.0918383932037
"ZMB","Zambia","admin0","Infection Prevalence","per 100 Children",2004,24.5339933507988
"ZMB","Zambia","admin0","Infection Prevalence","per 100 Children",2005,20.0772414440988
"ZMB","Zambia","admin0","Infection Prevalence","per 100 Children",2006,16.3501947855817
"ZMB","Zambia","admin0","Infection Prevalence","per 100 Children",2007,13.586531800992798
"ZMB","Zambia","admin0","Infection Prevalence","per 100 Children",2008,11.726964795051
"ZMB","Zambia","admin0","Infection Prevalence","per 100 Children",2009,11.5397318651807
"ZMB","Zambia","admin0","Infection Prevalence","per 100 Children",2010,12.1451250705937
"ZMB","Zambia","admin0","Infection Prevalence","per 100 Children",2011,13.2251440247691
"ZMB","Zambia","admin0","Infection Prevalence","per 100 Children",2012,15.4066381997411
"ZMB","Zambia","admin0","Infection Prevalence","per 100 Children",2013,17.574184777639502
"ZMB","Zambia","admin0","Infection Prevalence","per 100 Children",2014,18.9146652850626
"ZMB","Zambia","admin0","Infection Prevalence","per 100 Children",2015,19.6382774201837
"ZMB","Zambia","admin0","Infection Prevalence","per 100 Children",2016,19.4302100438011
"ZMB","Zambia","admin0","Infection Prevalence","per 100 Children",2017,18.7153082145081
"ZMB","Zambia","admin0","Infection Prevalence","per 100 Children",2018,18.8084664145264
"ZMB","Zambia","admin0","Infection Prevalence","per 100 Children",2019,19.2643485171103
"ZMB","Zambia","admin0","Infection Prevalence","per 100 Children",2020,21.1595010155512
"ZMB","Zambia","admin0","Infection Prevalence","per 100 Children",2021,22.8124075426137
"ZMB","Zambia","admin0","Infection Prevalence","per 100 Children",2022,24.4089226374618
"ZMB","Zambia","admin0","Infection Prevalence","per 100 Children",2023,25.532184652695
"ZMB","Zambia","admin0","Infection Prevalence","per 100 Children",2024,24.4865056918811
"ZMB","Zambia","admin0","Infection Prevalence","per 100 Children",2025,25.0145832676721
"ZWE","Zimbabwe","admin0","Incidence Rate","Cases per Thousand",2000,158.827779572503
"ZWE","Zimbabwe","admin0","Incidence Rate","Cases per Thousand",2001,130.21089228595702
"ZWE","Zimbabwe","admin0","Incidence Rate","Cases per Thousand",2002,103.978550031227
"ZWE","Zimbabwe","admin0","Incidence Rate","Cases per Thousand",2003,85.13262074335499
"ZWE","Zimbabwe","admin0","Incidence Rate","Cases per Thousand",2004,72.5575445944916
"ZWE","Zimbabwe","admin0","Incidence Rate","Cases per Thousand",2005,59.843731887054396
"ZWE","Zimbabwe","admin0","Incidence Rate","Cases per Thousand",2006,62.912326228213395
"ZWE","Zimbabwe","admin0","Incidence Rate","Cases per Thousand",2007,145.90451861949998
"ZWE","Zimbabwe","admin0","Incidence Rate","Cases per Thousand",2008,86.10753395120061
"ZWE","Zimbabwe","admin0","Incidence Rate","Cases per Thousand",2009,107.34133720764099
"ZWE","Zimbabwe","admin0","Incidence Rate","Cases per Thousand",2010,105.795762101575
"ZWE","Zimbabwe","admin0","Incidence Rate","Cases per Thousand",2011,74.6153130171273
"ZWE","Zimbabwe","admin0","Incidence Rate","Cases per Thousand",2012,62.3937711090571
"ZWE","Zimbabwe","admin0","Incidence Rate","Cases per Thousand",2013,86.5442874977806
"ZWE","Zimbabwe","admin0","Incidence Rate","Cases per Thousand",2014,113.432049252967
"ZWE","Zimbabwe","admin0","Incidence Rate","Cases per Thousand",2015,102.582023167007
"ZWE","Zimbabwe","admin0","Incidence Rate","Cases per Thousand",2016,73.42713991715601
"ZWE","Zimbabwe","admin0","Incidence Rate","Cases per Thousand",2017,134.83522346256498
"ZWE","Zimbabwe","admin0","Incidence Rate","Cases per Thousand",2018,75.0723846769271
"ZWE","Zimbabwe","admin0","Incidence Rate","Cases per Thousand",2019,97.6925995358637
"ZWE","Zimbabwe","admin0","Incidence Rate","Cases per Thousand",2020,133.17194916154
"ZWE","Zimbabwe","admin0","Incidence Rate","Cases per Thousand",2021,48.849998479246096
"ZWE","Zimbabwe","admin0","Incidence Rate","Cases per Thousand",2022,44.7606263836875
"ZWE","Zimbabwe","admin0","Incidence Rate","Cases per Thousand",2023,58.07395050946
"ZWE","Zimbabwe","admin0","Incidence Rate","Cases per Thousand",2024,18.5183653869284
"ZWE","Zimbabwe","admin0","Incidence Rate","Cases per Thousand",2025,21.8206937370857
"ZWE","Zimbabwe","admin0","Infection Prevalence","per 100 Children",2000,6.91284117508754
"ZWE","Zimbabwe","admin0","Infection Prevalence","per 100 Children",2001,5.53653101001675
"ZWE","Zimbabwe","admin0","Infection Prevalence","per 100 Children",2002,4.3476167638503895
"ZWE","Zimbabwe","admin0","Infection Prevalence","per 100 Children",2003,3.46283424027496
"ZWE","Zimbabwe","admin0","Infection Prevalence","per 100 Children",2004,2.88793990239452
"ZWE","Zimbabwe","admin0","Infection Prevalence","per 100 Children",2005,2.3642089359361798
"ZWE","Zimbabwe","admin0","Infection Prevalence","per 100 Children",2006,2.4894585373333102
"ZWE","Zimbabwe","admin0","Infection Prevalence","per 100 Children",2007,6.08583618263612
"ZWE","Zimbabwe","admin0","Infection Prevalence","per 100 Children",2008,3.4559027730472502
"ZWE","Zimbabwe","admin0","Infection Prevalence","per 100 Children",2009,4.364555901335851
"ZWE","Zimbabwe","admin0","Infection Prevalence","per 100 Children",2010,4.29679674224641
"ZWE","Zimbabwe","admin0","Infection Prevalence","per 100 Children",2011,2.97323389129137
"ZWE","Zimbabwe","admin0","Infection Prevalence","per 100 Children",2012,2.46771556876776
"ZWE","Zimbabwe","admin0","Infection Prevalence","per 100 Children",2013,3.47345290864763
"ZWE","Zimbabwe","admin0","Infection Prevalence","per 100 Children",2014,4.63040216202758
"ZWE","Zimbabwe","admin0","Infection Prevalence","per 100 Children",2015,4.15948990424196
"ZWE","Zimbabwe","admin0","Infection Prevalence","per 100 Children",2016,2.92407293777775
"ZWE","Zimbabwe","admin0","Infection Prevalence","per 100 Children",2017,5.58579857517562
"ZWE","Zimbabwe","admin0","Infection Prevalence","per 100 Children",2018,2.99386009010474
"ZWE","Zimbabwe","admin0","Infection Prevalence","per 100 Children",2019,3.95277998884312
"ZWE","Zimbabwe","admin0","Infection Prevalence","per 100 Children",2020,5.52674003264454
"ZWE","Zimbabwe","admin0","Infection Prevalence","per 100 Children",2021,1.9205559655426598
"ZWE","Zimbabwe","admin0","Infection Prevalence","per 100 Children",2022,1.7559736666705301
"ZWE","Zimbabwe","admin0","Infection Prevalence","per 100 Children",2023,2.29532123434793
"ZWE","Zimbabwe","admin0","Infection Prevalence","per 100 Children",2024,0.7176356110415539
"ZWE","Zimbabwe","admin0","Infection Prevalence","per 100 Children",2025,0.852498661813039
